timestamp,instance,config_hash,solver,valid_cut_type,add_soc_cuts,collect_multiple_cuts,ansatz_type,ansatz_layers,execution_mode,optimizer_name,optimizer_maxiter,random_seed,repeat,iteration,block_id,n_original,n_padded,padding_overhead,true_min_eigenvalue,vqe_min_eigenvalue_estimate,leaked_amplitude,optimizer_nfev,master_objective,master_solve_time,separation_time,num_cuts_added_this_iter,is_psd
1784693633.4022846,control2,76590b4826,MOSEK,soc,False,True,sparsity_aware,3,noiseless,COBYLA,200,42,1,1,0,20,32,12,-0.26857020446792906,-0.22435036932787272,0.03136974392456234,200,722.6607702554556,0.024151086807250977,9.884090185165405,28,False
1784693637.5804543,control2,76590b4826,MOSEK,soc,False,True,sparsity_aware,3,noiseless,COBYLA,200,42,1,1,1,10,16,6,-20.17441837446668,-9.778392985696211,0.4061196910876269,200,722.6607702554556,0.024151086807250977,4.1628782749176025,3,False
1784693648.5889182,control2,76590b4826,MOSEK,soc,False,True,sparsity_aware,3,noiseless,COBYLA,200,42,1,2,0,20,32,12,-0.28224870095134685,-0.20382877703200397,0.05120628339019624,200,693.0367029498962,0.035774946212768555,10.932312250137329,26,False
1784693653.2365098,control2,76590b4826,MOSEK,soc,False,True,sparsity_aware,3,noiseless,COBYLA,200,42,1,2,1,10,16,6,-22.996013470654994,-20.287640575705584,0.0756790789527112,200,693.0367029498962,0.035774946212768555,4.636858940124512,2,False
1784693662.6713321,control2,76590b4826,MOSEK,soc,False,True,sparsity_aware,3,noiseless,COBYLA,200,42,1,3,0,20,32,12,-0.30823587840482564,-0.21145615698564368,0.027480924078448835,200,653.3462627977281,0.04149746894836426,9.360707521438599,20,False
1784693666.6997821,control2,76590b4826,MOSEK,soc,False,True,sparsity_aware,3,noiseless,COBYLA,200,42,1,3,1,10,16,6,-16.732414574842544,-14.841852413715275,0.07621193908066294,200,653.3462627977281,0.04149746894836426,4.012879371643066,3,False
1784693676.7086456,control2,76590b4826,MOSEK,soc,False,True,sparsity_aware,3,noiseless,COBYLA,200,42,1,4,0,20,32,12,-0.31339209368035226,-0.28280219812311475,0.022456804535396592,200,620.8012889971153,0.07348179817199707,9.892883062362671,20,False
1784693680.6334403,control2,76590b4826,MOSEK,soc,False,True,sparsity_aware,3,noiseless,COBYLA,200,42,1,4,1,10,16,6,-23.524246016783387,-20.350249261738867,0.0608232702783903,200,620.8012889971153,0.07348179817199707,3.9151501655578613,4,False
1784693691.4375367,control2,76590b4826,MOSEK,soc,False,True,sparsity_aware,3,noiseless,COBYLA,200,42,1,5,0,20,32,12,-0.3347645123138669,-0.2295167743987653,0.05427659409056887,200,574.2637269750402,0.0910942554473877,10.680502653121948,24,False
1784693695.9846823,control2,76590b4826,MOSEK,soc,False,True,sparsity_aware,3,noiseless,COBYLA,200,42,1,5,1,10,16,6,-11.934538703156552,-9.960879485543188,0.06141277563201945,200,574.2637269750402,0.0910942554473877,4.531041383743286,1,False
1784693707.7338238,control2,76590b4826,MOSEK,soc,False,True,sparsity_aware,3,noiseless,COBYLA,200,42,1,6,0,20,32,12,-0.250647159501887,-0.14067553504992178,0.027572669334592164,200,543.290773146806,0.08824443817138672,11.622613191604614,36,False
1784693712.1571395,control2,76590b4826,MOSEK,soc,False,True,sparsity_aware,3,noiseless,COBYLA,200,42,1,6,1,10,16,6,-17.768567165301967,-14.61566228014196,0.04553804976806376,200,543.290773146806,0.08824443817138672,4.4082770347595215,2,False
1784693722.5074012,control2,76590b4826,MOSEK,soc,False,True,sparsity_aware,3,noiseless,COBYLA,200,42,1,7,0,20,32,12,-0.2584448096930324,-0.2180035477949851,0.022027050941518012,200,531.6522235665091,0.0939638614654541,10.222424983978271,24,False
1784693726.9068599,control2,76590b4826,MOSEK,soc,False,True,sparsity_aware,3,noiseless,COBYLA,200,42,1,7,1,10,16,6,-11.510812838680842,-9.791467367848464,0.029268130748982768,200,531.6522235665091,0.0939638614654541,4.383963108062744,3,False
1784693737.4832006,control2,76590b4826,MOSEK,soc,False,True,sparsity_aware,3,noiseless,COBYLA,200,42,1,8,0,20,32,12,-0.28317590740085957,-0.1651011030075892,0.10144693115400086,200,512.9421009787077,0.11481118202209473,10.432767868041992,19,False
1784693741.5186763,control2,76590b4826,MOSEK,soc,False,True,sparsity_aware,3,noiseless,COBYLA,200,42,1,8,1,10,16,6,-8.270398161878425,-4.146459949839913,0.003930763240892248,200,512.9421009787077,0.11481118202209473,4.022855043411255,1,False
1784693752.4367774,control2,76590b4826,MOSEK,soc,False,True,sparsity_aware,3,noiseless,COBYLA,200,42,1,9,0,20,32,12,-0.28801246369137923,-0.1836691842673321,0.062259653064730705,200,502.72117129157164,0.109893798828125,10.769314289093018,27,False
1784693756.5113442,control2,76590b4826,MOSEK,soc,False,True,sparsity_aware,3,noiseless,COBYLA,200,42,1,9,1,10,16,6,-13.863228973164599,-7.7385979970279495,0.14544778767509242,200,502.72117129157164,0.109893798828125,4.059797286987305,3,False
1784693767.1040754,control2,76590b4826,MOSEK,soc,False,True,sparsity_aware,3,noiseless,COBYLA,200,42,1,10,0,20,32,12,-0.3206535125355899,-0.2278147741975903,0.009874879843571976,200,487.46098651975035,0.14220309257507324,10.418900728225708,19,False
1784693771.4884138,control2,76590b4826,MOSEK,soc,False,True,sparsity_aware,3,noiseless,COBYLA,200,42,1,10,1,10,16,6,-9.309350738545524,-7.8763628788835,0.0582442391838599,200,487.46098651975035,0.14220309257507324,4.357231140136719,2,False
1784693781.852411,control2,76590b4826,MOSEK,soc,False,True,sparsity_aware,3,noiseless,COBYLA,200,42,1,11,0,20,32,12,-0.23153155712288923,-0.20130302699411695,0.025683324155122405,200,473.9462569197024,0.14475226402282715,10.18215823173523,25,False
1784693786.2931488,control2,76590b4826,MOSEK,soc,False,True,sparsity_aware,3,noiseless,COBYLA,200,42,1,11,1,10,16,6,-11.837881016814487,-10.72722459409368,0.03306823541672329,200,473.9462569197024,0.14475226402282715,4.428823471069336,8,False
1784693796.988461,control2,76590b4826,MOSEK,soc,False,True,sparsity_aware,3,noiseless,COBYLA,200,42,1,12,0,20,32,12,-0.20640822549155452,-0.1522058170225013,0.05123605684556766,200,455.9293163520215,0.1854400634765625,10.475051641464233,15,False
1784693801.2223814,control2,76590b4826,MOSEK,soc,False,True,sparsity_aware,3,noiseless,COBYLA,200,42,1,12,1,10,16,6,-10.270294068663885,-8.689644276049869,0.026420960477755082,200,455.9293163520215,0.1854400634765625,4.219268798828125,2,False
1784693811.3408334,control2,76590b4826,MOSEK,soc,False,True,sparsity_aware,3,noiseless,COBYLA,200,42,1,13,0,20,32,12,-0.23113702215951973,-0.16913255995236168,0.005594404763807968,200,448.6063197226512,0.1412672996520996,9.94395899772644,20,False
1784693815.968442,control2,76590b4826,MOSEK,soc,False,True,sparsity_aware,3,noiseless,COBYLA,200,42,1,13,1,10,16,6,-7.526949919781906,-5.969273887179024,0.05854354756106126,200,448.6063197226512,0.1412672996520996,4.612529516220093,2,False
1784693826.9446096,control2,76590b4826,MOSEK,soc,False,True,sparsity_aware,3,noiseless,COBYLA,200,42,1,14,0,20,32,12,-0.22112322806866952,-0.18983872623019507,0.04720022965177876,200,437.6958884066545,0.2084064483642578,10.734575271606445,28,False
1784693831.320047,control2,76590b4826,MOSEK,soc,False,True,sparsity_aware,3,noiseless,COBYLA,200,42,1,14,1,10,16,6,-10.065258793280323,-9.463235652642675,0.045390972053993096,200,437.6958884066545,0.2084064483642578,4.362681865692139,3,False
1784693841.4959855,control2,76590b4826,MOSEK,soc,False,True,sparsity_aware,3,noiseless,COBYLA,200,42,1,15,0,20,32,12,-0.19372032234307546,-0.12182967970440273,0.016958900803024625,200,420.4428665809861,0.3147718906402588,9.822720766067505,18,False
1784693845.611917,control2,76590b4826,MOSEK,soc,False,True,sparsity_aware,3,noiseless,COBYLA,200,42,1,15,1,10,16,6,-11.96090437131687,-6.9347859668633935,0.0687260525400706,200,420.4428665809861,0.3147718906402588,4.105052947998047,3,False
1784693855.8503451,control2,76590b4826,MOSEK,soc,False,True,sparsity_aware,3,noiseless,COBYLA,200,42,1,16,0,20,32,12,-0.22241951943412203,-0.1616985914924871,0.04531319900208996,200,411.07190067992633,0.24860215187072754,9.96288514137268,24,False
1784693860.1708822,control2,76590b4826,MOSEK,soc,False,True,sparsity_aware,3,noiseless,COBYLA,200,42,1,16,1,10,16,6,-7.18373178144607,-3.7667592022671457,0.05819237661557365,200,411.07190067992633,0.24860215187072754,4.30919337272644,1,False
1784693871.0518801,control2,76590b4826,MOSEK,soc,False,True,sparsity_aware,3,noiseless,COBYLA,200,42,1,17,0,20,32,12,-0.16871234511582814,-0.13859981266458568,0.037934387830385816,200,402.8298015380883,0.206071138381958,10.636307954788208,21,False
1784693875.4495695,control2,76590b4826,MOSEK,soc,False,True,sparsity_aware,3,noiseless,COBYLA,200,42,1,17,1,10,16,6,-5.605891142451027,-2.2134018923659706,0.04474456485195224,200,402.8298015380883,0.206071138381958,4.380867004394531,1,False
1784693886.089711,control2,76590b4826,MOSEK,soc,False,True,sparsity_aware,3,noiseless,COBYLA,200,42,1,18,0,20,32,12,-0.16124020605637493,-0.12460555434816471,0.05117973720386004,200,395.37486055397943,0.20251917839050293,10.40657925605774,21,False
1784693890.6721864,control2,76590b4826,MOSEK,soc,False,True,sparsity_aware,3,noiseless,COBYLA,200,42,1,18,1,10,16,6,-6.699978803722124,-4.435526620731622,0.007518091085288014,200,395.37486055397943,0.20251917839050293,4.573795557022095,2,False
1784693900.9147027,control2,76590b4826,MOSEK,soc,False,True,sparsity_aware,3,noiseless,COBYLA,200,42,1,19,0,20,32,12,-0.1814483317830946,-0.1513295542427622,0.029491255113143267,200,387.1157486326366,0.23048782348632812,9.978579044342041,26,False
1784693905.592146,control2,76590b4826,MOSEK,soc,False,True,sparsity_aware,3,noiseless,COBYLA,200,42,1,19,1,10,16,6,-5.311423672882666,-3.0687151163327844,0.025681916253562975,200,387.1157486326366,0.23048782348632812,4.6675803661346436,1,False
1784693915.60856,control2,76590b4826,MOSEK,soc,False,True,sparsity_aware,3,noiseless,COBYLA,200,42,1,20,0,20,32,12,-0.159714412568594,-0.1386431943975864,0.03918712695026981,200,380.0984804974454,0.31600046157836914,9.670993089675903,16,False
1784693919.4999006,control2,76590b4826,MOSEK,soc,False,True,sparsity_aware,3,noiseless,COBYLA,200,42,1,20,1,10,16,6,-8.197007945963948,-6.330735948190487,0.10874482422976274,200,380.0984804974454,0.31600046157836914,3.8814783096313477,4,False
1784693928.9831254,control2,76590b4826,MOSEK,soc,False,True,sparsity_aware,3,noiseless,COBYLA,200,42,1,21,0,20,32,12,-0.1174346816640773,-0.09715345624381824,0.031635213633381336,200,373.35364363850687,0.2160038948059082,9.240035772323608,10,False
1784693932.854828,control2,76590b4826,MOSEK,soc,False,True,sparsity_aware,3,noiseless,COBYLA,200,42,1,21,1,10,16,6,-8.40030742322614,-6.244183071312817,0.12995497957681656,200,373.35364363850687,0.2160038948059082,3.8610470294952393,2,False
1784693942.823283,control2,76590b4826,MOSEK,soc,False,True,sparsity_aware,3,noiseless,COBYLA,200,42,1,22,0,20,32,12,-0.13035317583376754,-0.07425516269004953,0.06739879749146391,200,363.2688148730366,0.20221281051635742,9.730788469314575,18,False
1784693947.361528,control2,76590b4826,MOSEK,soc,False,True,sparsity_aware,3,noiseless,COBYLA,200,42,1,22,1,10,16,6,-5.460801410883895,-2.6756542203407143,0.09641744542065828,200,363.2688148730366,0.20221281051635742,4.520881175994873,2,False
1784693957.8395042,control2,76590b4826,MOSEK,soc,False,True,sparsity_aware,3,noiseless,COBYLA,200,42,1,23,0,20,32,12,-0.12447321232741156,-0.07759743761468701,0.03130161906825656,200,356.15226554169726,0.23811697959899902,10.19555139541626,23,False
1784693961.7976673,control2,76590b4826,MOSEK,soc,False,True,sparsity_aware,3,noiseless,COBYLA,200,42,1,23,1,10,16,6,-7.7473128542388086,-6.527958245571716,0.034126243215395244,200,356.15226554169726,0.23811697959899902,3.9447572231292725,4,False
1784693971.0789807,control2,76590b4826,MOSEK,soc,False,True,sparsity_aware,3,noiseless,COBYLA,200,42,1,24,0,20,32,12,-0.11079557839944955,-0.10013653092285903,0.028162985384933937,200,349.88802051708586,0.2308187484741211,9.021580934524536,20,False
1784693975.3573961,control2,76590b4826,MOSEK,soc,False,True,sparsity_aware,3,noiseless,COBYLA,200,42,1,24,1,10,16,6,-10.310730268002224,-4.209783418105676,0.06657267861957748,200,349.88802051708586,0.2308187484741211,4.262974977493286,3,False
1784693984.8756053,control2,76590b4826,MOSEK,soc,False,True,sparsity_aware,3,noiseless,COBYLA,200,42,1,25,0,20,32,12,-0.13275601649359203,-0.08444015510462151,0.004437355502712283,200,344.0980559646814,0.3465285301208496,9.137629508972168,19,False
1784693988.817564,control2,76590b4826,MOSEK,soc,False,True,sparsity_aware,3,noiseless,COBYLA,200,42,1,25,1,10,16,6,-7.069925277558248,-4.0569733044211835,0.06702534326465762,200,344.0980559646814,0.3465285301208496,3.9263908863067627,2,False
1784693998.4626818,control2,76590b4826,MOSEK,soc,False,True,sparsity_aware,3,noiseless,COBYLA,200,42,1,26,0,20,32,12,-0.09965813736385482,-0.04987490753619787,0.06174318970204158,200,336.51271984437,0.22667169570922852,9.395566701889038,14,False
1784694002.862854,control2,76590b4826,MOSEK,soc,False,True,sparsity_aware,3,noiseless,COBYLA,200,42,1,26,1,10,16,6,-7.7194290903236285,-6.557970407313343,0.018019930832877985,200,336.51271984437,0.22667169570922852,4.389611721038818,2,False
1784694012.632245,control2,76590b4826,MOSEK,soc,False,True,sparsity_aware,3,noiseless,COBYLA,200,42,1,27,0,20,32,12,-0.10985396576085278,-0.07001748971742011,0.021118656690720074,200,334.407019694352,0.27536797523498535,9.463676929473877,15,False
1784694016.3366811,control2,76590b4826,MOSEK,soc,False,True,sparsity_aware,3,noiseless,COBYLA,200,42,1,27,1,10,16,6,-5.864276392909704,-3.9073846177084923,0.012609487347559225,200,334.407019694352,0.27536797523498535,3.6924638748168945,1,False
1784694026.2104928,control2,76590b4826,MOSEK,soc,False,True,sparsity_aware,3,noiseless,COBYLA,200,42,1,28,0,20,32,12,-0.09783435295535367,-0.06901705713798453,0.018025378983492716,200,331.2106963935749,0.2494652271270752,9.591816663742065,23,False
1784694030.552213,control2,76590b4826,MOSEK,soc,False,True,sparsity_aware,3,noiseless,COBYLA,200,42,1,28,1,10,16,6,-4.853135879439695,-3.5095522091139406,0.022559080943008545,200,331.2106963935749,0.2494652271270752,4.330236196517944,5,False
1784694041.7023058,control2,76590b4826,MOSEK,soc,False,True,sparsity_aware,3,noiseless,COBYLA,200,42,1,29,0,20,32,12,-0.09967008248243393,-0.06819623558149913,0.011860451475578083,200,330.09875028364365,0.30963993072509766,10.805528163909912,23,False
1784694046.0116978,control2,76590b4826,MOSEK,soc,False,True,sparsity_aware,3,noiseless,COBYLA,200,42,1,29,1,10,16,6,-4.840256851775504,-4.395019632781231,0.009074060793362503,200,330.09875028364365,0.30963993072509766,4.294414281845093,1,False
1784694055.9833267,control2,76590b4826,MOSEK,soc,False,True,sparsity_aware,3,noiseless,COBYLA,200,42,1,30,0,20,32,12,-0.12030964548039175,-0.06725804467701749,0.04075034010137637,200,324.97865087408707,0.2846806049346924,9.65079116821289,18,False
1784694059.949129,control2,76590b4826,MOSEK,soc,False,True,sparsity_aware,3,noiseless,COBYLA,200,42,1,30,1,10,16,6,-6.0947886928741895,-5.447338541438232,0.06628575635994444,200,324.97865087408707,0.2846806049346924,3.9526925086975098,4,False
1784694070.6849174,control2,76590b4826,MOSEK,soc,False,True,sparsity_aware,3,noiseless,COBYLA,200,42,1,31,0,20,32,12,-0.08730555985485057,-0.0651713448131298,0.03985399816464898,200,317.5849087280115,0.3014247417449951,10.391614437103271,10,False
1784694074.4980032,control2,76590b4826,MOSEK,soc,False,True,sparsity_aware,3,noiseless,COBYLA,200,42,1,31,1,10,16,6,-4.483887733266906,-3.824743420962524,0.024014109662100623,200,317.5849087280115,0.3014247417449951,3.7995142936706543,2,False
1784694084.1417117,control2,76590b4826,MOSEK,soc,False,True,sparsity_aware,3,noiseless,COBYLA,200,42,1,32,0,20,32,12,-0.0818004951372833,-0.0764614149656973,0.006307980565618689,200,315.0498008708644,0.28978681564331055,9.327883958816528,14,False
1784694087.916224,control2,76590b4826,MOSEK,soc,False,True,sparsity_aware,3,noiseless,COBYLA,200,42,1,32,1,10,16,6,-3.53346639640379,-2.9925884457281198,0.041470495951214756,200,315.0498008708644,0.28978681564331055,3.7585039138793945,3,False
1784694098.3346713,control2,76590b4826,MOSEK,soc,False,True,sparsity_aware,3,noiseless,COBYLA,200,42,1,33,0,20,32,12,-0.06597110876546171,-0.05385111972902968,0.017350349214533434,200,309.42359589438786,0.260714054107666,10.123151779174805,14,False
1784694102.7244358,control2,76590b4826,MOSEK,soc,False,True,sparsity_aware,3,noiseless,COBYLA,200,42,1,33,1,10,16,6,-3.9294128882849195,-3.0439512291143616,0.10155938640501559,200,309.42359589438786,0.260714054107666,4.3769755363464355,1,False
1784694112.110034,control2,76590b4826,MOSEK,soc,False,True,sparsity_aware,3,noiseless,COBYLA,200,42,1,34,0,20,32,12,-0.09222838657276487,-0.05709180802902922,0.007815715264333384,200,306.75778353053664,0.2895314693450928,9.071428775787354,6,False
1784694116.5602317,control2,76590b4826,MOSEK,soc,False,True,sparsity_aware,3,noiseless,COBYLA,200,42,1,34,1,10,16,6,-4.127376241509427,-3.4949174726346106,0.03689108598513074,200,306.75778353053664,0.2895314693450928,4.437690496444702,2,False
1784694127.0496879,control2,76590b4826,MOSEK,soc,False,True,sparsity_aware,3,noiseless,COBYLA,200,42,1,35,0,20,32,12,-0.08169519954505497,-0.046216281108029444,0.01001981305619263,200,304.8880359887409,0.2653212547302246,10.198447465896606,12,False
1784694131.1927192,control2,76590b4826,MOSEK,soc,False,True,sparsity_aware,3,noiseless,COBYLA,200,42,1,35,1,10,16,6,-5.716090249621838,-4.62367030249489,0.047990216243549856,200,304.8880359887409,0.2653212547302246,4.1282570362091064,2,False
1784694140.9087372,control2,76590b4826,MOSEK,soc,False,True,sparsity_aware,3,noiseless,COBYLA,200,42,1,36,0,20,32,12,-0.07949005151111059,-0.05519170208015198,0.0018108048078583384,200,303.5758376204499,0.25322890281677246,9.437047481536865,8,False
1784694145.036544,control2,76590b4826,MOSEK,soc,False,True,sparsity_aware,3,noiseless,COBYLA,200,42,1,36,1,10,16,6,-5.1842772278201075,-3.4388024893559717,0.014587508158092004,200,303.5758376204499,0.25322890281677246,4.114798069000244,4,False
1784694155.0988626,control2,76590b4826,MOSEK,soc,False,True,sparsity_aware,3,noiseless,COBYLA,200,42,1,37,0,20,32,12,-0.06857160237947783,-0.055057166340887614,0.036724757652952515,200,300.86268094200585,0.3352363109588623,9.694196224212646,8,False
1784694159.0017924,control2,76590b4826,MOSEK,soc,False,True,sparsity_aware,3,noiseless,COBYLA,200,42,1,37,1,10,16,6,-4.404238001442104,-3.620910860524753,0.04336450898058132,200,300.86268094200585,0.3352363109588623,3.889427423477173,2,False
1784694169.6807446,control2,76590b4826,MOSEK,soc,False,True,sparsity_aware,3,noiseless,COBYLA,200,42,1,38,0,20,32,12,-0.06594929759727086,-0.04993653138546976,0.02304623903539836,200,298.52038526973297,0.33960795402526855,10.309983253479004,7,False
1784694174.2285976,control2,76590b4826,MOSEK,soc,False,True,sparsity_aware,3,noiseless,COBYLA,200,42,1,38,1,10,16,6,-5.530380543835097,-2.8121447212268995,0.10951306868739558,200,298.52038526973297,0.33960795402526855,4.536688327789307,1,False
1784694185.28007,control2,76590b4826,MOSEK,soc,False,True,sparsity_aware,3,noiseless,COBYLA,200,42,1,39,0,20,32,12,-0.06090000451108842,-0.03644310122935377,0.03742219752630281,200,296.783415852134,0.2991917133331299,10.724301815032959,10,False
1784694189.7244093,control2,76590b4826,MOSEK,soc,False,True,sparsity_aware,3,noiseless,COBYLA,200,42,1,39,1,10,16,6,-3.605595618314438,-2.8437560780965847,0.10465225617387953,200,296.783415852134,0.2991917133331299,4.429176568984985,1,False
1784694199.8692422,control2,76590b4826,MOSEK,soc,False,True,sparsity_aware,3,noiseless,COBYLA,200,42,1,40,0,20,32,12,-0.06633995263113147,-0.044033873258358155,0.027425354639319433,200,295.0591478257463,0.29927825927734375,9.806061267852783,15,False
1784694204.1253135,control2,76590b4826,MOSEK,soc,False,True,sparsity_aware,3,noiseless,COBYLA,200,42,1,40,1,10,16,6,-2.6224612371380527,-1.8855511352416308,0.030090743909369753,200,295.0591478257463,0.29927825927734375,4.242540121078491,3,False
1784694214.5376928,control2,76590b4826,MOSEK,soc,False,True,sparsity_aware,3,noiseless,COBYLA,200,42,1,41,0,20,32,12,-0.06247731083376177,-0.042170443940152694,0.044509027822754704,200,293.2007327872474,0.3488802909851074,10.024722576141357,18,False
1784694218.8623502,control2,76590b4826,MOSEK,soc,False,True,sparsity_aware,3,noiseless,COBYLA,200,42,1,41,1,10,16,6,-3.029259806539632,-1.2465688083471032,0.05422067586972311,200,293.2007327872474,0.3488802909851074,4.311210632324219,2,False
1784694228.972515,control2,76590b4826,MOSEK,soc,False,True,sparsity_aware,3,noiseless,COBYLA,200,42,1,42,0,20,32,12,-0.04760958648082712,-0.032594457072320254,0.053812853451909226,200,291.64138067174235,0.33893728256225586,9.727546215057373,10,False
1784694233.2033617,control2,76590b4826,MOSEK,soc,False,True,sparsity_aware,3,noiseless,COBYLA,200,42,1,42,1,10,16,6,-2.9627527115465035,-1.5745277397303312,0.04417345605886246,200,291.64138067174235,0.33893728256225586,4.214385509490967,1,False
1784694243.5129812,control2,76590b4826,MOSEK,soc,False,True,sparsity_aware,3,noiseless,COBYLA,200,42,1,43,0,20,32,12,-0.04546286278010961,-0.03723410105838498,0.042663449056405484,200,290.51873101062847,0.36426424980163574,9.910407781600952,8,False
1784694247.9134266,control2,76590b4826,MOSEK,soc,False,True,sparsity_aware,3,noiseless,COBYLA,200,42,1,43,1,10,16,6,-4.066605854812913,-2.3264341988313344,0.010225771254534438,200,290.51873101062847,0.36426424980163574,4.388484716415405,1,False
1784694258.3917143,control2,76590b4826,MOSEK,soc,False,True,sparsity_aware,3,noiseless,COBYLA,200,42,1,44,0,20,32,12,-0.06690782950329047,-0.04230890144703135,0.026722237520580634,200,286.1364339366331,0.42095088958740234,10.01551365852356,6,False
1784694262.763434,control2,76590b4826,MOSEK,soc,False,True,sparsity_aware,3,noiseless,COBYLA,200,42,1,44,1,10,16,6,-3.384607372710492,-0.9919153898017156,0.016925553875077434,200,286.1364339366331,0.42095088958740234,4.3587965965271,1,False
1784694273.4060547,control2,76590b4826,MOSEK,soc,False,True,sparsity_aware,3,noiseless,COBYLA,200,42,1,45,0,20,32,12,-0.06037369144316675,-0.03774366304436462,0.055376453421903046,200,284.99297280144157,0.3893296718597412,10.221232891082764,10,False
1784694277.5362217,control2,76590b4826,MOSEK,soc,False,True,sparsity_aware,3,noiseless,COBYLA,200,42,1,45,1,10,16,6,-3.0994488162805593,-1.8895227187862413,0.06602242583162346,200,284.99297280144157,0.3893296718597412,4.117851257324219,2,False
1784694288.233916,control2,76590b4826,MOSEK,soc,False,True,sparsity_aware,3,noiseless,COBYLA,200,42,1,46,0,20,32,12,-0.0739102779253649,-0.060478893502185806,0.015164914912549097,200,280.95283036647515,0.35291576385498047,10.31243896484375,16,False
1784694292.6149876,control2,76590b4826,MOSEK,soc,False,True,sparsity_aware,3,noiseless,COBYLA,200,42,1,46,1,10,16,6,-1.8890236508615057,-1.6176766888202825,0.08901091728527734,200,280.95283036647515,0.35291576385498047,4.369993448257446,2,False
1784694303.7888904,control2,76590b4826,MOSEK,soc,False,True,sparsity_aware,3,noiseless,COBYLA,200,42,1,47,0,20,32,12,-0.07103393821054814,-0.048389175455411326,0.09172301488191664,200,277.3126216100956,0.4550509452819824,10.68126916885376,10,False
1784694308.2540927,control2,76590b4826,MOSEK,soc,False,True,sparsity_aware,3,noiseless,COBYLA,200,42,1,47,1,10,16,6,-3.240770308896181,-1.4812902219594035,0.015116570763106177,200,277.3126216100956,0.4550509452819824,4.450864791870117,1,False
1784694318.4342673,control2,76590b4826,MOSEK,soc,False,True,sparsity_aware,3,noiseless,COBYLA,200,42,1,48,0,20,32,12,-0.05323937527996552,-0.032792333342706724,0.07780181699176122,200,274.86710813105947,0.45693135261535645,9.689196825027466,14,False
1784694322.9939122,control2,76590b4826,MOSEK,soc,False,True,sparsity_aware,3,noiseless,COBYLA,200,42,1,48,1,10,16,6,-3.7574849634845218,-1.6056858938885092,0.0122331305206406,200,274.86710813105947,0.45693135261535645,4.547527313232422,1,False
1784694333.5478594,control2,76590b4826,MOSEK,soc,False,True,sparsity_aware,3,noiseless,COBYLA,200,42,1,49,0,20,32,12,-0.0534813250534302,-0.03598212768118235,0.09358780243012382,200,273.77389295153523,0.3973877429962158,10.121960401535034,13,False
1784694337.658292,control2,76590b4826,MOSEK,soc,False,True,sparsity_aware,3,noiseless,COBYLA,200,42,1,49,1,10,16,6,-3.322889338434372,-1.4545976049303033,0.007097009101304149,200,273.77389295153523,0.3973877429962158,4.099198579788208,1,False
1784694348.6833906,control2,76590b4826,MOSEK,soc,False,True,sparsity_aware,3,noiseless,COBYLA,200,42,1,50,0,20,32,12,-0.052296465504233204,-0.03396477887394285,0.0769500522659806,200,271.940000032856,0.4167792797088623,10.572659015655518,5,False
1784694353.7031844,control2,76590b4826,MOSEK,soc,False,True,sparsity_aware,3,noiseless,COBYLA,200,42,1,50,1,10,16,6,-3.9351688503834286,-1.5344045711831442,0.019092217534472856,200,271.940000032856,0.4167792797088623,5.008252143859863,1,False
1784694365.3755035,control2,76590b4826,MOSEK,soc,False,True,sparsity_aware,3,noiseless,COBYLA,200,42,1,51,0,20,32,12,-0.05436109375615705,-0.046609059401331636,0.04331778572340457,200,269.77480796612224,0.42170238494873047,11.212765216827393,6,False
1784694369.7812042,control2,76590b4826,MOSEK,soc,False,True,sparsity_aware,3,noiseless,COBYLA,200,42,1,51,1,10,16,6,-1.9397750464825128,-0.46466974612620293,0.044833814009419194,200,269.77480796612224,0.42170238494873047,4.392981052398682,1,False
1784694380.062243,control2,76590b4826,MOSEK,soc,False,True,sparsity_aware,3,noiseless,COBYLA,200,42,1,52,0,20,32,12,-0.0454394607850929,-0.036789971923511286,0.01349345038732205,200,266.7651006984594,0.30776309967041016,9.944986343383789,14,False
1784694384.4399977,control2,76590b4826,MOSEK,soc,False,True,sparsity_aware,3,noiseless,COBYLA,200,42,1,52,1,10,16,6,-2.364982551380186,-0.736964146325235,0.11719586765868033,200,266.7651006984594,0.30776309967041016,4.365837812423706,1,False
1784694395.6175232,control2,76590b4826,MOSEK,soc,False,True,sparsity_aware,3,noiseless,COBYLA,200,42,1,53,0,20,32,12,-0.04027393628969565,-0.027628632099155177,0.02714480054643208,200,265.08565785822816,0.30229759216308594,10.845525026321411,7,False
1784694400.0998776,control2,76590b4826,MOSEK,soc,False,True,sparsity_aware,3,noiseless,COBYLA,200,42,1,53,1,10,16,6,-2.2339301431026173,-1.1867282436707896,0.0638036742065098,200,265.08565785822816,0.30229759216308594,4.4686079025268555,1,False
1784694412.0323713,control2,76590b4826,MOSEK,soc,False,True,sparsity_aware,3,noiseless,COBYLA,200,42,1,54,0,20,32,12,-0.043681663040401705,-0.03773296770492371,0.04775235306013292,200,263.22498307340754,0.5189480781555176,11.38087797164917,9,False
1784694416.8817093,control2,76590b4826,MOSEK,soc,False,True,sparsity_aware,3,noiseless,COBYLA,200,42,1,54,1,10,16,6,-2.855600153262422,-1.8985333211475661,0.07495764153710831,200,263.22498307340754,0.5189480781555176,4.837444543838501,4,False
1784694429.3803656,control2,76590b4826,MOSEK,soc,False,True,sparsity_aware,3,noiseless,COBYLA,200,42,1,55,0,20,32,12,-0.050760461011016174,-0.035625613181014745,0.10163417358008649,200,261.28022335540845,0.43109822273254395,12.033759117126465,6,False
1784694433.7384686,control2,76590b4826,MOSEK,soc,False,True,sparsity_aware,3,noiseless,COBYLA,200,42,1,55,1,10,16,6,-2.9196443168991255,-2.36472171743699,0.010932645082068345,200,261.28022335540845,0.43109822273254395,4.3479156494140625,1,False
1784694444.4408457,control2,76590b4826,MOSEK,soc,False,True,sparsity_aware,3,noiseless,COBYLA,200,42,1,56,0,20,32,12,-0.044491053126855515,-0.037974517823970946,0.00663486838866615,200,259.9823224414448,0.3239593505859375,10.33854079246521,11,False
1784694449.1703389,control2,76590b4826,MOSEK,soc,False,True,sparsity_aware,3,noiseless,COBYLA,200,42,1,56,1,10,16,6,-2.5719175382860486,-1.7035370350589818,0.017098748849823608,200,259.9823224414448,0.3239593505859375,4.710719585418701,5,False
1784694459.711474,control2,76590b4826,MOSEK,soc,False,True,sparsity_aware,3,noiseless,COBYLA,200,42,1,57,0,20,32,12,-0.038479212337724514,-0.025926341518433635,0.013959144348636257,200,259.24074689298817,0.4870157241821289,10.028958559036255,4,False
1784694464.0286987,control2,76590b4826,MOSEK,soc,False,True,sparsity_aware,3,noiseless,COBYLA,200,42,1,57,1,10,16,6,-1.543198724591892,-0.9429765861849153,0.12856321657450104,200,259.24074689298817,0.4870157241821289,4.305721998214722,3,False
1784694474.1177096,control2,76590b4826,MOSEK,soc,False,True,sparsity_aware,3,noiseless,COBYLA,200,42,1,58,0,20,32,12,-0.03920268588139196,-0.016932104471103448,0.03125317568182293,200,258.22838237475383,0.4335765838623047,9.619597911834717,8,False
1784694478.9382036,control2,76590b4826,MOSEK,soc,False,True,sparsity_aware,3,noiseless,COBYLA,200,42,1,58,1,10,16,6,-1.8050838997385852,-1.0247071891549422,0.1609137065454955,200,258.22838237475383,0.4335765838623047,4.809374094009399,1,False
1784694490.4712338,control2,76590b4826,MOSEK,soc,False,True,sparsity_aware,3,noiseless,COBYLA,200,42,1,59,0,20,32,12,-0.041017259094385555,-0.010342612278271752,0.00413958593085954,200,257.21529841893835,0.40737032890319824,11.086146831512451,2,False
1784694494.97951,control2,76590b4826,MOSEK,soc,False,True,sparsity_aware,3,noiseless,COBYLA,200,42,1,59,1,10,16,6,-2.329690289741747,-1.9416077837273018,0.03121468276911344,200,257.21529841893835,0.40737032890319824,4.496389865875244,1,False
1784694505.8664477,control2,76590b4826,MOSEK,soc,False,True,sparsity_aware,3,noiseless,COBYLA,200,42,1,60,0,20,32,12,-0.038732144096354185,-0.019353939299443918,0.015394299895921873,200,256.08141131368507,0.48170900344848633,10.369824409484863,5,False
1784694510.1046057,control2,76590b4826,MOSEK,soc,False,True,sparsity_aware,3,noiseless,COBYLA,200,42,1,60,1,10,16,6,-3.523251830357258,-2.560689336951511,0.12551325390558274,200,256.08141131368507,0.48170900344848633,4.228127956390381,3,False
1784694520.9729955,control2,76590b4826,MOSEK,soc,False,True,sparsity_aware,3,noiseless,COBYLA,200,42,1,61,0,20,32,12,-0.045830548165701195,-0.02137063132285643,0.03352161225100131,200,254.67412159656064,0.37384939193725586,10.470983505249023,3,False
1784694525.3689575,control2,76590b4826,MOSEK,soc,False,True,sparsity_aware,3,noiseless,COBYLA,200,42,1,61,1,10,16,6,-1.9682996930540437,-1.064369239035373,0.0656758945130649,200,254.67412159656064,0.37384939193725586,4.383642673492432,1,False
1784694536.6135888,control2,76590b4826,MOSEK,soc,False,True,sparsity_aware,3,noiseless,COBYLA,200,42,1,62,0,20,32,12,-0.04239078091022079,-0.029701720678922176,0.06590380176281534,200,254.22191961474863,0.5529961585998535,10.660127401351929,11,False
1784694541.2244449,control2,76590b4826,MOSEK,soc,False,True,sparsity_aware,3,noiseless,COBYLA,200,42,1,62,1,10,16,6,-1.7913606758631284,-1.2689629349938225,0.053277840221204555,200,254.22191961474863,0.5529961585998535,4.5955259799957275,1,False
1784694552.5527265,control2,76590b4826,MOSEK,soc,False,True,sparsity_aware,3,noiseless,COBYLA,200,42,1,63,0,20,32,12,-0.04446055597189575,-0.025161739733435447,0.14112158552797777,200,253.5070301667249,0.5792860984802246,10.703484535217285,12,False
1784694557.1162906,control2,76590b4826,MOSEK,soc,False,True,sparsity_aware,3,noiseless,COBYLA,200,42,1,63,1,10,16,6,-2.1099991395225173,-1.735210119484558,0.11019140858449461,200,253.5070301667249,0.5792860984802246,4.548292398452759,2,False
1784694568.0006423,control2,76590b4826,MOSEK,soc,False,True,sparsity_aware,3,noiseless,COBYLA,200,42,1,64,0,20,32,12,-0.0365770559474163,-0.023040251016074594,0.14359742467111647,200,252.80658568983807,0.5226075649261475,10.319124460220337,8,False
1784694572.6146054,control2,76590b4826,MOSEK,soc,False,True,sparsity_aware,3,noiseless,COBYLA,200,42,1,64,1,10,16,6,-1.950013009000697,-1.436575841262588,0.09898234330115606,200,252.80658568983807,0.5226075649261475,4.598195791244507,1,False
1784694583.332493,control2,76590b4826,MOSEK,soc,False,True,sparsity_aware,3,noiseless,COBYLA,200,42,1,65,0,20,32,12,-0.047662037364712806,-0.03322970889106343,0.0739683936524631,200,251.99099267600894,0.5769481658935547,10.106950044631958,12,False
1784694587.9474676,control2,76590b4826,MOSEK,soc,False,True,sparsity_aware,3,noiseless,COBYLA,200,42,1,65,1,10,16,6,-0.9678978593719517,-0.48530969078632674,0.08957662551278744,200,251.99099267600894,0.5769481658935547,4.602991342544556,1,False
1784694598.3951478,control2,76590b4826,MOSEK,soc,False,True,sparsity_aware,3,noiseless,COBYLA,200,42,1,66,0,20,32,12,-0.04452947938796954,-0.03006265125428164,0.07956932409682085,200,250.61262257356952,0.41318202018737793,10.002706050872803,12,False
1784694602.9783313,control2,76590b4826,MOSEK,soc,False,True,sparsity_aware,3,noiseless,COBYLA,200,42,1,66,1,10,16,6,-1.1932281779557496,-0.9421158785493058,0.059296890622194044,200,250.61262257356952,0.41318202018737793,4.571552038192749,1,False
1784694614.0760372,control2,76590b4826,MOSEK,soc,False,True,sparsity_aware,3,noiseless,COBYLA,200,42,1,67,0,20,32,12,-0.03717391181544093,-0.020047951697195678,0.08487197919898487,200,249.57478013538187,0.5756392478942871,10.489099264144897,4,False
1784694618.1039076,control2,76590b4826,MOSEK,soc,False,True,sparsity_aware,3,noiseless,COBYLA,200,42,1,67,1,10,16,6,-1.9723271822316801,-0.8861224614185284,0.061727676198463304,200,249.57478013538187,0.5756392478942871,4.010404109954834,1,False
1784694629.5735228,control2,76590b4826,MOSEK,soc,False,True,sparsity_aware,3,noiseless,COBYLA,200,42,1,68,0,20,32,12,-0.03448560693023697,-0.028207984782192073,0.07659897364112415,200,248.51434943655653,0.4388406276702881,10.989128351211548,10,False
1784694633.9209077,control2,76590b4826,MOSEK,soc,False,True,sparsity_aware,3,noiseless,COBYLA,200,42,1,68,1,10,16,6,-2.1736170395414867,-0.2806648244231008,0.058549793359195294,200,248.51434943655653,0.4388406276702881,4.337431192398071,1,False
1784694645.7136638,control2,76590b4826,MOSEK,soc,False,True,sparsity_aware,3,noiseless,COBYLA,200,42,1,69,0,20,32,12,-0.03977496046391597,-0.02031681857784214,0.028381456387165712,200,247.46011912415455,0.7286350727081299,11.03490948677063,6,False
1784694650.3931806,control2,76590b4826,MOSEK,soc,False,True,sparsity_aware,3,noiseless,COBYLA,200,42,1,69,1,10,16,6,-2.282141953767914,-0.3881273599259355,0.060268951645244075,200,247.46011912415455,0.7286350727081299,4.665586709976196,1,False
1784694661.420096,control2,76590b4826,MOSEK,soc,False,True,sparsity_aware,3,noiseless,COBYLA,200,42,1,70,0,20,32,12,-0.03466360850730738,-0.022184273205975064,0.07468195954168023,200,246.26610084856935,0.39900779724121094,10.607883214950562,4,False
1784694666.166503,control2,76590b4826,MOSEK,soc,False,True,sparsity_aware,3,noiseless,COBYLA,200,42,1,70,1,10,16,6,-2.0881956446381085,-0.3571644991537137,0.06389944447898684,200,246.26610084856935,0.39900779724121094,4.7297351360321045,1,False
1784694676.920501,control2,76590b4826,MOSEK,soc,False,True,sparsity_aware,3,noiseless,COBYLA,200,42,1,71,0,20,32,12,-0.03646687381762323,-0.02011710827028829,0.09173871245609044,200,245.21347823472487,0.5101072788238525,10.211088418960571,10,False
1784694680.1518793,control2,76590b4826,MOSEK,soc,False,True,sparsity_aware,3,noiseless,COBYLA,200,42,1,71,1,10,16,6,-3.206289498164299,-0.35156263975749213,0.06304446203936748,200,245.21347823472487,0.5101072788238525,3.2187280654907227,1,False
1784694687.1304708,control2,76590b4826,MOSEK,soc,False,True,sparsity_aware,3,noiseless,COBYLA,200,42,1,72,0,20,32,12,-0.0334813007332277,-0.017709657482888035,0.06353136444908127,200,244.07560054613958,0.29090142250061035,6.66646933555603,11,False
1784694689.8971448,control2,76590b4826,MOSEK,soc,False,True,sparsity_aware,3,noiseless,COBYLA,200,42,1,72,1,10,16,6,-3.6405802092447375,-1.1715065725803289,0.22450750164764252,200,244.07560054613958,0.29090142250061035,2.7586185932159424,1,False
1784694697.1826513,control2,76590b4826,MOSEK,soc,False,True,sparsity_aware,3,noiseless,COBYLA,200,42,1,73,0,20,32,12,-0.03007812104017466,-0.014601075416480352,0.047755574617748556,200,243.35694077260132,0.30681872367858887,6.955430507659912,5,False
1784694699.7811217,control2,76590b4826,MOSEK,soc,False,True,sparsity_aware,3,noiseless,COBYLA,200,42,1,73,1,10,16,6,-4.235712440907145,-1.218709029429528,0.2810143661642744,200,243.35694077260132,0.30681872367858887,2.5928406715393066,1,False
1784694707.0186346,control2,76590b4826,MOSEK,soc,False,True,sparsity_aware,3,noiseless,COBYLA,200,42,1,74,0,20,32,12,-0.035619764241235766,-0.022556998905165385,0.061123861017080054,200,241.33139360062725,0.27203917503356934,6.945094585418701,10,False
1784694709.6387231,control2,76590b4826,MOSEK,soc,False,True,sparsity_aware,3,noiseless,COBYLA,200,42,1,74,1,10,16,6,-2.055650428505876,-1.364919697071147,0.1565374449589482,200,241.33139360062725,0.27203917503356934,2.6139512062072754,1,False
1784694716.5388603,control2,76590b4826,MOSEK,soc,False,True,sparsity_aware,3,noiseless,COBYLA,200,42,1,75,0,20,32,12,-0.040599209145075525,-0.010206548288598372,0.05511228789058813,200,239.99900833242154,0.2834360599517822,6.597946405410767,2,False
1784694719.095764,control2,76590b4826,MOSEK,soc,False,True,sparsity_aware,3,noiseless,COBYLA,200,42,1,75,1,10,16,6,-1.1653357371039395,-0.939420338115362,0.08457214952890907,200,239.99900833242154,0.2834360599517822,2.549917221069336,1,False
1784694726.2857754,control2,76590b4826,MOSEK,soc,False,True,sparsity_aware,3,noiseless,COBYLA,200,42,1,76,0,20,32,12,-0.03155080529157504,-0.02065886410938083,0.006074650076195778,200,239.29207745556957,0.27045154571533203,6.898328065872192,5,False
1784694729.1918838,control2,76590b4826,MOSEK,soc,False,True,sparsity_aware,3,noiseless,COBYLA,200,42,1,76,1,10,16,6,-1.8021275145346263,-1.0461932521578667,0.12171379192371276,200,239.29207745556957,0.27045154571533203,2.8961217403411865,4,False
1784694735.7842677,control2,76590b4826,MOSEK,soc,False,True,sparsity_aware,3,noiseless,COBYLA,200,42,1,77,0,20,32,12,-0.03475920256883569,-0.01613269782263039,0.06492957799139282,200,238.66656828409856,0.2655060291290283,6.310228586196899,5,False
1784694738.292229,control2,76590b4826,MOSEK,soc,False,True,sparsity_aware,3,noiseless,COBYLA,200,42,1,77,1,10,16,6,-1.4347887044852796,-0.2198763545005622,0.17952067438648364,200,238.66656828409856,0.2655060291290283,2.5028574466705322,1,False
1784694745.5364242,control2,76590b4826,MOSEK,soc,False,True,sparsity_aware,3,noiseless,COBYLA,200,42,1,78,0,20,32,12,-0.032489615529603916,-0.020370451270073243,0.16145848180821756,200,238.05605115202127,0.32039952278137207,6.897850513458252,9,False
1784694748.4733455,control2,76590b4826,MOSEK,soc,False,True,sparsity_aware,3,noiseless,COBYLA,200,42,1,78,1,10,16,6,-1.6619620107302298,-0.8421717508659715,0.09943923228388452,200,238.05605115202127,0.32039952278137207,2.927309513092041,1,False
1784694755.4688995,control2,76590b4826,MOSEK,soc,False,True,sparsity_aware,3,noiseless,COBYLA,200,42,1,79,0,20,32,12,-0.026539147531200596,-0.019225877261955817,0.03789421114663535,200,236.89603907216127,0.22180795669555664,6.75204873085022,9,False
1784694758.2479496,control2,76590b4826,MOSEK,soc,False,True,sparsity_aware,3,noiseless,COBYLA,200,42,1,79,1,10,16,6,-1.2916994074137,-0.8956143952735574,0.06702367488204587,200,236.89603907216127,0.22180795669555664,2.7696335315704346,1,False
1784694765.086179,control2,76590b4826,MOSEK,soc,False,True,sparsity_aware,3,noiseless,COBYLA,200,42,1,80,0,20,32,12,-0.030077850415491162,-0.009641742978109321,0.17899491447940302,200,235.40886799968882,0.33620762825012207,6.479220151901245,4,False
1784694767.64822,control2,76590b4826,MOSEK,soc,False,True,sparsity_aware,3,noiseless,COBYLA,200,42,1,80,1,10,16,6,-1.196322587380653,-0.984163566083931,0.026545682750688145,200,235.40886799968882,0.33620762825012207,2.5534322261810303,1,False
1784694774.2340806,control2,76590b4826,MOSEK,soc,False,True,sparsity_aware,3,noiseless,COBYLA,200,42,1,81,0,20,32,12,-0.023251947908645345,-0.00920710068792009,0.10360971518059808,200,235.26509800519568,0.2428593635559082,6.3291099071502686,2,False
1784694777.0381947,control2,76590b4826,MOSEK,soc,False,True,sparsity_aware,3,noiseless,COBYLA,200,42,1,81,1,10,16,6,-1.2956704999687874,-0.33384248437850617,0.030745619029525436,200,235.26509800519568,0.2428593635559082,2.799225330352783,1,False
1784694784.2489548,control2,76590b4826,MOSEK,soc,False,True,sparsity_aware,3,noiseless,COBYLA,200,42,1,82,0,20,32,12,-0.025865140546365527,-0.016294471274790515,0.01461669795708219,200,234.90437067300746,0.34223341941833496,6.847578287124634,3,False
1784694787.0653894,control2,76590b4826,MOSEK,soc,False,True,sparsity_aware,3,noiseless,COBYLA,200,42,1,82,1,10,16,6,-2.0562448975985936,-0.31745021831366077,0.03275125631670537,200,234.90437067300746,0.34223341941833496,2.8090741634368896,1,False
1784694794.048487,control2,76590b4826,MOSEK,soc,False,True,sparsity_aware,3,noiseless,COBYLA,200,42,1,83,0,20,32,12,-0.024308740871389265,-0.014455580303154476,0.009374695751627532,200,233.73943098959268,0.3007230758666992,6.660269737243652,6,False
1784694796.9990013,control2,76590b4826,MOSEK,soc,False,True,sparsity_aware,3,noiseless,COBYLA,200,42,1,83,1,10,16,6,-3.0399404622377304,-0.2533940820162414,0.05204205814474668,200,233.73943098959268,0.3007230758666992,2.9423482418060303,1,False
1784694803.7780604,control2,76590b4826,MOSEK,soc,False,True,sparsity_aware,3,noiseless,COBYLA,200,42,1,84,0,20,32,12,-0.025408071052211188,-0.015687670396058097,0.04457774740179683,200,233.41535113561295,0.2902653217315674,6.469934940338135,9,False
1784694806.5213838,control2,76590b4826,MOSEK,soc,False,True,sparsity_aware,3,noiseless,COBYLA,200,42,1,84,1,10,16,6,-4.555001524301124,-0.23780832183993839,0.12123102421468539,200,233.41535113561295,0.2902653217315674,2.7359156608581543,1,False
1784694813.601386,control2,76590b4826,MOSEK,soc,False,True,sparsity_aware,3,noiseless,COBYLA,200,42,1,85,0,20,32,12,-0.03114321548334479,-0.02155435283476657,0.030429401130788045,200,232.473332477448,0.2605881690979004,6.806279420852661,3,False
1784694816.4594736,control2,76590b4826,MOSEK,soc,False,True,sparsity_aware,3,noiseless,COBYLA,200,42,1,85,1,10,16,6,-3.6093319954228327,-0.500967870219487,0.4666636482628598,200,232.473332477448,0.2605881690979004,2.8507351875305176,2,False
1784694823.651945,control2,76590b4826,MOSEK,soc,False,True,sparsity_aware,3,noiseless,COBYLA,200,42,1,86,0,20,32,12,-0.02859634691490078,-0.020345635425031143,0.03111069506694022,200,231.9769833731068,0.3534717559814453,6.7953503131866455,9,False
1784694826.419278,control2,76590b4826,MOSEK,soc,False,True,sparsity_aware,3,noiseless,COBYLA,200,42,1,86,1,10,16,6,-2.666955273413134,-0.8335209186324016,0.4265176354417743,200,231.9769833731068,0.3534717559814453,2.759950637817383,1,False
1784694833.3519735,control2,76590b4826,MOSEK,soc,False,True,sparsity_aware,3,noiseless,COBYLA,200,42,1,87,0,20,32,12,-0.028384192058185417,-0.009763767750445707,0.01900188645498129,200,231.1508626250663,0.25353074073791504,6.6612548828125,5,False
1784694835.8336618,control2,76590b4826,MOSEK,soc,False,True,sparsity_aware,3,noiseless,COBYLA,200,42,1,87,1,10,16,6,-1.066181148055716,-0.37013460568902856,0.20488895001843804,200,231.1508626250663,0.25353074073791504,2.4737420082092285,1,False
1784694843.1780782,control2,76590b4826,MOSEK,soc,False,True,sparsity_aware,3,noiseless,COBYLA,200,42,1,88,0,20,32,12,-0.028557314733567894,-0.01530441786502474,0.01402916621661279,200,230.46327399082358,0.3334941864013672,6.9925878047943115,5,False
1784694846.0422885,control2,76590b4826,MOSEK,soc,False,True,sparsity_aware,3,noiseless,COBYLA,200,42,1,88,1,10,16,6,-1.5479347601216344,-0.5974999207989584,0.08284991135866648,200,230.46327399082358,0.3334941864013672,2.8551406860351562,2,False
1784694852.6732807,control2,76590b4826,MOSEK,soc,False,True,sparsity_aware,3,noiseless,COBYLA,200,42,1,89,0,20,32,12,-0.031694557321400675,-0.01868425252158177,0.047800484503442986,200,230.0976011941951,0.29395604133605957,6.316444396972656,3,False
1784694855.3557792,control2,76590b4826,MOSEK,soc,False,True,sparsity_aware,3,noiseless,COBYLA,200,42,1,89,1,10,16,6,-1.0261542101882033,-0.33685678725412105,0.12357745491382963,200,230.0976011941951,0.29395604133605957,2.67521071434021,1,False
1784694862.2012784,control2,76590b4826,MOSEK,soc,False,True,sparsity_aware,3,noiseless,COBYLA,200,42,1,90,0,20,32,12,-0.030690376502505293,-0.02521591710833718,0.020982600826543366,200,229.7196712893952,0.3253636360168457,6.495390892028809,11,False
1784694865.1612082,control2,76590b4826,MOSEK,soc,False,True,sparsity_aware,3,noiseless,COBYLA,200,42,1,90,1,10,16,6,-2.3168310751179484,-0.2886763543857627,0.06205030560256762,200,229.7196712893952,0.3253636360168457,2.9458367824554443,1,False
1784694872.3777735,control2,76590b4826,MOSEK,soc,False,True,sparsity_aware,3,noiseless,COBYLA,200,42,1,91,0,20,32,12,-0.027901104535617484,-0.014059954884564045,0.06348025830458952,200,228.73669057729592,0.3628852367401123,6.821419715881348,8,False
1784694875.165514,control2,76590b4826,MOSEK,soc,False,True,sparsity_aware,3,noiseless,COBYLA,200,42,1,91,1,10,16,6,-1.9332291739572875,-0.6615817758940739,0.15508330038531304,200,228.73669057729592,0.3628852367401123,2.781562566757202,1,False
1784694882.1746411,control2,76590b4826,MOSEK,soc,False,True,sparsity_aware,3,noiseless,COBYLA,200,42,1,92,0,20,32,12,-0.024052678349578256,-0.010801887963451565,0.044321289987669855,200,228.46618571860597,0.33715081214904785,6.6499340534210205,2,False
1784694884.835363,control2,76590b4826,MOSEK,soc,False,True,sparsity_aware,3,noiseless,COBYLA,200,42,1,92,1,10,16,6,-2.2403598052759723,-0.6671561763789378,0.19539453806452536,200,228.46618571860597,0.33715081214904785,2.6546387672424316,1,False
1784694892.4526646,control2,76590b4826,MOSEK,soc,False,True,sparsity_aware,3,noiseless,COBYLA,200,42,1,93,0,20,32,12,-0.022511532469546226,-0.012333325117314612,0.09440768440330814,200,228.08013060341926,0.3238527774810791,7.272565841674805,7,False
1784694895.4573045,control2,76590b4826,MOSEK,soc,False,True,sparsity_aware,3,noiseless,COBYLA,200,42,1,93,1,10,16,6,-2.3439207520493097,-0.10069953965643319,0.1612194533374148,200,228.08013060341926,0.3238527774810791,2.9969332218170166,1,False
1784694902.2175915,control2,76590b4826,MOSEK,soc,False,True,sparsity_aware,3,noiseless,COBYLA,200,42,1,94,0,20,32,12,-0.02186651445280362,-0.014280297957720992,0.06785967141089295,200,227.4287913545585,0.3126246929168701,6.426432132720947,4,False
1784694905.0841756,control2,76590b4826,MOSEK,soc,False,True,sparsity_aware,3,noiseless,COBYLA,200,42,1,94,1,10,16,6,-1.950981650618622,-0.6589888175790657,0.13968652891161992,200,227.4287913545585,0.3126246929168701,2.85788631439209,1,False
1784694911.1917698,control2,76590b4826,MOSEK,soc,False,True,sparsity_aware,3,noiseless,COBYLA,200,42,1,95,0,20,32,12,-0.02438884641933092,-0.012060220045417647,0.10715659712188583,200,226.95198017943434,0.3553304672241211,5.736443042755127,5,False
1784694913.3689132,control2,76590b4826,MOSEK,soc,False,True,sparsity_aware,3,noiseless,COBYLA,200,42,1,95,1,10,16,6,-1.7471724996155091,-0.4074093254154008,0.10641465354017884,200,226.95198017943434,0.3553304672241211,2.17012095451355,1,False
1784694918.8982666,control2,76590b4826,MOSEK,soc,False,True,sparsity_aware,3,noiseless,COBYLA,200,42,1,96,0,20,32,12,-0.02320029469420949,-0.012504733429811564,0.01706258773350235,200,226.62035088741436,0.26723742485046387,5.2440221309661865,6,False
1784694920.9697232,control2,76590b4826,MOSEK,soc,False,True,sparsity_aware,3,noiseless,COBYLA,200,42,1,96,1,10,16,6,-1.799089054420117,-0.3481356736000427,0.075258278192425,200,226.62035088741436,0.26723742485046387,2.0664734840393066,1,False
1784694927.047386,control2,76590b4826,MOSEK,soc,False,True,sparsity_aware,3,noiseless,COBYLA,200,42,1,97,0,20,32,12,-0.024289220525981634,-0.015855527463073792,0.04945020479102679,200,226.10075248270937,0.2612004280090332,5.8006510734558105,3,False
1784694929.2738101,control2,76590b4826,MOSEK,soc,False,True,sparsity_aware,3,noiseless,COBYLA,200,42,1,97,1,10,16,6,-2.341482025182056,-0.4046361361488102,0.07319801697728433,200,226.10075248270937,0.2612004280090332,2.218630790710449,1,False
1784694935.5155597,control2,76590b4826,MOSEK,soc,False,True,sparsity_aware,3,noiseless,COBYLA,200,42,1,98,0,20,32,12,-0.042356465545881676,-0.0059812988489687325,0.12063208653837122,200,224.54285353834803,0.3029592037200928,5.919716119766235,3,False
1784694937.8376012,control2,76590b4826,MOSEK,soc,False,True,sparsity_aware,3,noiseless,COBYLA,200,42,1,98,1,10,16,6,-2.985665374764829,-1.692393129815316,0.14747612748533928,200,224.54285353834803,0.3029592037200928,2.314059019088745,3,False
1784694943.7623713,control2,76590b4826,MOSEK,soc,False,True,sparsity_aware,3,noiseless,COBYLA,200,42,1,99,0,20,32,12,-0.03919287688431243,-0.007505995671243534,0.09347099906507965,200,223.61202549439423,0.28583383560180664,5.622780084609985,1,False
1784694946.0436747,control2,76590b4826,MOSEK,soc,False,True,sparsity_aware,3,noiseless,COBYLA,200,42,1,99,1,10,16,6,-2.010231786758965,-0.6522532807194099,0.07325642452893008,200,223.61202549439423,0.28583383560180664,2.2746405601501465,1,False
1784694951.9878194,control2,76590b4826,MOSEK,soc,False,True,sparsity_aware,3,noiseless,COBYLA,200,42,1,100,0,20,32,12,-0.03995801118075134,-0.018644437266263664,0.13584532439534153,200,222.5714253514578,0.2790956497192383,5.6458611488342285,4,False
1784694954.3476348,control2,76590b4826,MOSEK,soc,False,True,sparsity_aware,3,noiseless,COBYLA,200,42,1,100,1,10,16,6,-1.6091543463335833,-0.8785959216705949,0.07703711345547795,200,222.5714253514578,0.2790956497192383,2.3528096675872803,1,False
1784694960.3649414,control2,76590b4826,MOSEK,soc,False,True,sparsity_aware,3,noiseless,COBYLA,200,42,1,101,0,20,32,12,-0.03327871003910262,-0.025245214395013343,0.04828319837357243,200,221.07245847305137,0.29812026023864746,5.700518608093262,9,False
1784694962.7438319,control2,76590b4826,MOSEK,soc,False,True,sparsity_aware,3,noiseless,COBYLA,200,42,1,101,1,10,16,6,-2.296676818206646,-1.6398719495315244,0.10367384304626248,200,221.07245847305137,0.29812026023864746,2.3718791007995605,2,False
1784694968.810804,control2,76590b4826,MOSEK,soc,False,True,sparsity_aware,3,noiseless,COBYLA,200,42,1,102,0,20,32,12,-0.03027889082001357,-0.019853178627157155,0.05540794835714933,200,220.19132964915684,0.294003963470459,5.751300573348999,4,False
1784694970.9666748,control2,76590b4826,MOSEK,soc,False,True,sparsity_aware,3,noiseless,COBYLA,200,42,1,102,1,10,16,6,-1.858676705253094,-0.9850535057078426,0.1101670193224408,200,220.19132964915684,0.294003963470459,2.1469645500183105,3,False
1784694976.901177,control2,76590b4826,MOSEK,soc,False,True,sparsity_aware,3,noiseless,COBYLA,200,42,1,103,0,20,32,12,-0.027534636542770448,-0.02061229891351992,0.05046745136958239,200,219.50310371106406,0.3170177936553955,5.596586227416992,7,False
1784694979.0960386,control2,76590b4826,MOSEK,soc,False,True,sparsity_aware,3,noiseless,COBYLA,200,42,1,103,1,10,16,6,-2.7819749715404023,-1.681423092344483,0.09160800567268647,200,219.50310371106406,0.3170177936553955,2.1869263648986816,4,False
1784694985.0009923,control2,76590b4826,MOSEK,soc,False,True,sparsity_aware,3,noiseless,COBYLA,200,42,1,104,0,20,32,12,-0.026405222843963183,-0.01674749122263362,0.0509188955425464,200,218.50501488304104,0.28328824043273926,5.602850437164307,4,False
1784694987.1380343,control2,76590b4826,MOSEK,soc,False,True,sparsity_aware,3,noiseless,COBYLA,200,42,1,104,1,10,16,6,-2.555096942883718,-2.3764170875255073,0.024342502866235693,200,218.50501488304104,0.28328824043273926,2.1300008296966553,4,False
1784694993.2360325,control2,76590b4826,MOSEK,soc,False,True,sparsity_aware,3,noiseless,COBYLA,200,42,1,105,0,20,32,12,-0.024009294016533546,-0.01587378956762087,0.05948974383321726,200,217.69733797072652,0.25978636741638184,5.818366289138794,5,False
1784694995.6334937,control2,76590b4826,MOSEK,soc,False,True,sparsity_aware,3,noiseless,COBYLA,200,42,1,105,1,10,16,6,-1.0568909754619704,-0.5316435130417732,0.18764230151973169,200,217.69733797072652,0.25978636741638184,2.3878910541534424,1,False
1784695001.6472158,control2,76590b4826,MOSEK,soc,False,True,sparsity_aware,3,noiseless,COBYLA,200,42,1,106,0,20,32,12,-0.02345592853739554,-0.008710468093016746,0.12597816581375,200,217.29915431699834,0.3773810863494873,5.617645263671875,2,False
1784695003.8659017,control2,76590b4826,MOSEK,soc,False,True,sparsity_aware,3,noiseless,COBYLA,200,42,1,106,1,10,16,6,-1.3629157671672043,-0.8962831662626134,0.12699799931530284,200,217.29915431699834,0.3773810863494873,2.2107090950012207,2,False
1784695009.7999828,control2,76590b4826,MOSEK,soc,False,True,sparsity_aware,3,noiseless,COBYLA,200,42,1,107,0,20,32,12,-0.02211229932346951,-0.014569677959520935,0.16460043342217065,200,217.06883028736857,0.24606537818908691,5.671360492706299,2,False
1784695012.0175338,control2,76590b4826,MOSEK,soc,False,True,sparsity_aware,3,noiseless,COBYLA,200,42,1,107,1,10,16,6,-1.1507307550382535,-0.7946566947204898,0.06244139374315661,200,217.06883028736857,0.24606537818908691,2.2104499340057373,1,False
1784695018.1949832,control2,76590b4826,MOSEK,soc,False,True,sparsity_aware,3,noiseless,COBYLA,200,42,1,108,0,20,32,12,-0.02216452187669609,-0.008424416244251819,0.1163955180503087,200,216.7815677024096,0.3072035312652588,5.850727796554565,5,False
1784695020.4209704,control2,76590b4826,MOSEK,soc,False,True,sparsity_aware,3,noiseless,COBYLA,200,42,1,108,1,10,16,6,-0.5690341446943168,-0.2915217169992086,0.06484466742970553,200,216.7815677024096,0.3072035312652588,2.217841625213623,1,False
1784695026.6610646,control2,76590b4826,MOSEK,soc,False,True,sparsity_aware,3,noiseless,COBYLA,200,42,1,109,0,20,32,12,-0.01852274077446443,-0.005823941012949178,0.030247208734593814,200,216.40763868791245,0.25229334831237793,5.964331865310669,2,False
1784695028.858378,control2,76590b4826,MOSEK,soc,False,True,sparsity_aware,3,noiseless,COBYLA,200,42,1,109,1,10,16,6,-1.4475258760642082,-0.7331410012452626,0.2035808434140325,200,216.40763868791245,0.25229334831237793,2.1910548210144043,2,False
1784695034.9927409,control2,76590b4826,MOSEK,soc,False,True,sparsity_aware,3,noiseless,COBYLA,200,42,1,110,0,20,32,12,-0.019467014164501,-0.013784257853864204,0.01758137267775092,200,215.98625809279253,0.29160356521606445,5.817251205444336,8,False
1784695037.209559,control2,76590b4826,MOSEK,soc,False,True,sparsity_aware,3,noiseless,COBYLA,200,42,1,110,1,10,16,6,-0.9670865926568001,-0.7028025214106446,0.14865115127659256,200,215.98625809279253,0.29160356521606445,2.210942506790161,1,False
1784695043.2171628,control2,76590b4826,MOSEK,soc,False,True,sparsity_aware,3,noiseless,COBYLA,200,42,1,111,0,20,32,12,-0.023669153610747652,-0.012613118906251289,0.1470025817270392,200,215.29733032453163,0.28946566581726074,5.697588920593262,5,False
1784695045.42521,control2,76590b4826,MOSEK,soc,False,True,sparsity_aware,3,noiseless,COBYLA,200,42,1,111,1,10,16,6,-1.696179198812971,-1.608086091753977,0.01382310784749176,200,215.29733032453163,0.28946566581726074,2.201110363006592,4,False
1784695051.5855129,control2,76590b4826,MOSEK,soc,False,True,sparsity_aware,3,noiseless,COBYLA,200,42,1,112,0,20,32,12,-0.022829716164676182,-0.015286189622502448,0.09083197187859168,200,215.06822364381998,0.31959962844848633,5.819194793701172,4,False
1784695054.224704,control2,76590b4826,MOSEK,soc,False,True,sparsity_aware,3,noiseless,COBYLA,200,42,1,112,1,10,16,6,-1.7807199661633324,-1.1927337530195512,0.011155514267675491,200,215.06822364381998,0.31959962844848633,2.6310698986053467,2,False
1784695060.4989352,control2,76590b4826,MOSEK,soc,False,True,sparsity_aware,3,noiseless,COBYLA,200,42,1,113,0,20,32,12,-0.023143793230526965,-0.015286555772756415,0.04735207323485905,200,214.76187017154555,0.2994358539581299,5.957041025161743,7,False
1784695062.7278643,control2,76590b4826,MOSEK,soc,False,True,sparsity_aware,3,noiseless,COBYLA,200,42,1,113,1,10,16,6,-1.37160211649829,-1.1837161617286869,0.024687354388339272,200,214.76187017154555,0.2994358539581299,2.222461462020874,2,False
1784695068.768863,control2,76590b4826,MOSEK,soc,False,True,sparsity_aware,3,noiseless,COBYLA,200,42,1,114,0,20,32,12,-0.01821383694080353,-0.0091552339497063,0.1358865603569737,200,214.59021080256235,0.24858570098876953,5.775568723678589,6,False
1784695071.1038163,control2,76590b4826,MOSEK,soc,False,True,sparsity_aware,3,noiseless,COBYLA,200,42,1,114,1,10,16,6,-1.0500143022492021,-0.9637771560762429,0.018081080428879244,200,214.59021080256235,0.24858570098876953,2.3288192749023438,1,False
1784695077.521471,control2,76590b4826,MOSEK,soc,False,True,sparsity_aware,3,noiseless,COBYLA,200,42,1,115,0,20,32,12,-0.018615921714996753,-0.008653412005084037,0.14913977853853555,200,214.37390892087825,0.3391568660736084,6.053863286972046,3,False
1784695080.0959396,control2,76590b4826,MOSEK,soc,False,True,sparsity_aware,3,noiseless,COBYLA,200,42,1,115,1,10,16,6,-1.3207697864569088,-1.1902622386627693,0.030971812298768497,200,214.37390892087825,0.3391568660736084,2.564140558242798,1,False
1784695086.5566225,control2,76590b4826,MOSEK,soc,False,True,sparsity_aware,3,noiseless,COBYLA,200,42,1,116,0,20,32,12,-0.014319302096646745,-0.008090822273082474,0.10564588532200926,200,214.22384281299526,0.31734323501586914,6.125202178955078,4,False
1784695088.935599,control2,76590b4826,MOSEK,soc,False,True,sparsity_aware,3,noiseless,COBYLA,200,42,1,116,1,10,16,6,-1.3614535264706582,-0.45040501791350573,0.06342406199185323,200,214.22384281299526,0.31734323501586914,2.370753049850464,1,False
1784695095.3290315,control2,76590b4826,MOSEK,soc,False,True,sparsity_aware,3,noiseless,COBYLA,200,42,1,117,0,20,32,12,-0.017529098254071392,-0.006112268585500916,0.18171438520457125,200,214.10410172298242,0.3470578193664551,6.024330377578735,2,False
1784695097.7294145,control2,76590b4826,MOSEK,soc,False,True,sparsity_aware,3,noiseless,COBYLA,200,42,1,117,1,10,16,6,-1.2168873903492565,-0.4067939574476365,0.012507766714074477,200,214.10410172298242,0.3470578193664551,2.3927228450775146,1,False
1784695104.0809786,control2,76590b4826,MOSEK,soc,False,True,sparsity_aware,3,noiseless,COBYLA,200,42,1,118,0,20,32,12,-0.01879129229972884,-0.008801643371209127,0.16215347797252386,200,214.01320331463202,0.2755002975463867,6.059082984924316,5,False
1784695106.3462062,control2,76590b4826,MOSEK,soc,False,True,sparsity_aware,3,noiseless,COBYLA,200,42,1,118,1,10,16,6,-1.3890152448195856,-0.22698783513412085,0.017098076908883167,200,214.01320331463202,0.2755002975463867,2.2560384273529053,1,False
1784695112.8508844,control2,76590b4826,MOSEK,soc,False,True,sparsity_aware,3,noiseless,COBYLA,200,42,1,119,0,20,32,12,-0.019460951296197786,-0.005733916989074944,0.08406835977049484,200,213.8410654117373,0.3532536029815674,6.132353782653809,4,False
1784695115.3214667,control2,76590b4826,MOSEK,soc,False,True,sparsity_aware,3,noiseless,COBYLA,200,42,1,119,1,10,16,6,-1.3479269744468099,-0.33351014460900513,0.0136055425886216,200,213.8410654117373,0.3532536029815674,2.46382474899292,1,False
1784695121.6205444,control2,76590b4826,MOSEK,soc,False,True,sparsity_aware,3,noiseless,COBYLA,200,42,1,120,0,20,32,12,-0.016849590421952512,-0.010359578315258177,0.08432125701124071,200,213.648486993466,0.27649426460266113,6.0058677196502686,3,False
1784695124.1282475,control2,76590b4826,MOSEK,soc,False,True,sparsity_aware,3,noiseless,COBYLA,200,42,1,120,1,10,16,6,-1.4936098930527373,-0.19608487609649042,0.03491753532571419,200,213.648486993466,0.27649426460266113,2.5007686614990234,1,False
1784695130.902227,control2,76590b4826,MOSEK,soc,False,True,sparsity_aware,3,noiseless,COBYLA,200,42,1,121,0,20,32,12,-0.016991923680152298,-0.012016207344172854,0.0236624760959619,200,213.47022486638087,0.29970502853393555,6.4500298500061035,7,False
1784695133.274664,control2,76590b4826,MOSEK,soc,False,True,sparsity_aware,3,noiseless,COBYLA,200,42,1,121,1,10,16,6,-1.0700192914005027,-0.1873737315964758,0.04652757990710863,200,213.47022486638087,0.29970502853393555,2.364567279815674,1,False
1784695139.897332,control2,76590b4826,MOSEK,soc,False,True,sparsity_aware,3,noiseless,COBYLA,200,42,1,122,0,20,32,12,-0.017142423408591397,-0.009259856986755119,0.021158366532803667,200,212.85090894399838,0.3478999137878418,6.256356477737427,4,False
1784695142.6608768,control2,76590b4826,MOSEK,soc,False,True,sparsity_aware,3,noiseless,COBYLA,200,42,1,122,1,10,16,6,-0.8377974695122364,-0.14719750685253152,0.028018504669111627,200,212.85090894399838,0.3478999137878418,2.755352258682251,1,False
1784695149.3348272,control2,76590b4826,MOSEK,soc,False,True,sparsity_aware,3,noiseless,COBYLA,200,42,1,123,0,20,32,12,-0.017406247858882163,-0.008070748873930436,0.001416424732763619,200,212.43386675058412,0.32018065452575684,6.330681324005127,3,False
1784695151.8674662,control2,76590b4826,MOSEK,soc,False,True,sparsity_aware,3,noiseless,COBYLA,200,42,1,123,1,10,16,6,-0.8966934693667832,-0.08319158153683892,0.024077008758541917,200,212.43386675058412,0.32018065452575684,2.524930000305176,1,False
1784695157.9616427,control2,76590b4826,MOSEK,soc,False,True,sparsity_aware,3,noiseless,COBYLA,200,42,1,124,0,20,32,12,-0.022487725981591607,-0.011597805424240746,0.047986855370372575,200,211.770017018761,0.2538571357727051,5.82104229927063,6,False
1784695160.027878,control2,76590b4826,MOSEK,soc,False,True,sparsity_aware,3,noiseless,COBYLA,200,42,1,124,1,10,16,6,-1.2782883764693649,-0.3588672477971124,0.29225844150905933,200,211.770017018761,0.2538571357727051,2.060251235961914,2,False
1784695165.3644328,control2,76590b4826,MOSEK,soc,False,True,sparsity_aware,3,noiseless,COBYLA,200,42,1,125,0,20,32,12,-0.023067822634926887,-0.010744827529114069,0.10237747499012223,200,211.0991780825658,0.25957274436950684,5.058017730712891,3,False
1784695167.3887477,control2,76590b4826,MOSEK,soc,False,True,sparsity_aware,3,noiseless,COBYLA,200,42,1,125,1,10,16,6,-1.141867702552193,-0.40705795193771266,0.20456484722172236,200,211.0991780825658,0.25957274436950684,2.0162353515625,1,False
1784695173.293546,control2,76590b4826,MOSEK,soc,False,True,sparsity_aware,3,noiseless,COBYLA,200,42,1,126,0,20,32,12,-0.02458852804235803,-0.007443330915190339,0.07230812336180109,200,210.34101847510868,0.28408336639404297,5.605168104171753,2,False
1784695175.604443,control2,76590b4826,MOSEK,soc,False,True,sparsity_aware,3,noiseless,COBYLA,200,42,1,126,1,10,16,6,-1.0348072921020666,-0.13443029988243413,0.2612052511074189,200,210.34101847510868,0.28408336639404297,2.3033838272094727,1,False
1784695181.386515,control2,76590b4826,MOSEK,soc,False,True,sparsity_aware,3,noiseless,COBYLA,200,42,1,127,0,20,32,12,-0.02568856932788167,-0.007205572390498989,0.08137467413469553,200,209.93972275543052,0.27936816215515137,5.483128786087036,2,False
1784695183.5385628,control2,76590b4826,MOSEK,soc,False,True,sparsity_aware,3,noiseless,COBYLA,200,42,1,127,1,10,16,6,-1.3555411016005525,-0.23846636865579285,0.14935026659852685,200,209.93972275543052,0.27936816215515137,2.1450419425964355,1,False
1784695189.4139187,control2,76590b4826,MOSEK,soc,False,True,sparsity_aware,3,noiseless,COBYLA,200,42,1,128,0,20,32,12,-0.024257109246977604,-0.005325982475397387,0.11457271666951867,200,209.4781499270575,0.2864248752593994,5.5720720291137695,1,False
1784695191.5726678,control2,76590b4826,MOSEK,soc,False,True,sparsity_aware,3,noiseless,COBYLA,200,42,1,128,1,10,16,6,-1.648414858962512,-0.3507240811330552,0.19497286234965586,200,209.4781499270575,0.2864248752593994,2.1517598628997803,1,False
1784695197.60606,control2,76590b4826,MOSEK,soc,False,True,sparsity_aware,3,noiseless,COBYLA,200,42,1,129,0,20,32,12,-0.02413589236689906,-0.0055075711805551006,0.01744763854052221,200,209.39270691751824,0.2896304130554199,5.7231340408325195,3,False
1784695199.7357612,control2,76590b4826,MOSEK,soc,False,True,sparsity_aware,3,noiseless,COBYLA,200,42,1,129,1,10,16,6,-1.1787297810712598,-0.4051659803694094,0.24616403171775286,200,209.39270691751824,0.2896304130554199,2.1225197315216064,1,False
1784695205.8191788,control2,76590b4826,MOSEK,soc,False,True,sparsity_aware,3,noiseless,COBYLA,200,42,1,130,0,20,32,12,-0.02191313343165739,-0.009888462775383704,0.03773198233108155,200,209.31978917872553,0.29842329025268555,5.76289701461792,5,False
1784695207.9591966,control2,76590b4826,MOSEK,soc,False,True,sparsity_aware,3,noiseless,COBYLA,200,42,1,130,1,10,16,6,-0.7933253942064957,-0.19700873938469593,0.2605847521991615,200,209.31978917872553,0.29842329025268555,2.133929967880249,1,False
1784695214.0081031,control2,76590b4826,MOSEK,soc,False,True,sparsity_aware,3,noiseless,COBYLA,200,42,1,131,0,20,32,12,-0.025545475113044554,-0.010653620544479327,0.05340458666984686,200,208.92392108743653,0.29031848907470703,5.739850759506226,4,False
1784695216.122677,control2,76590b4826,MOSEK,soc,False,True,sparsity_aware,3,noiseless,COBYLA,200,42,1,131,1,10,16,6,-0.8148168255469775,-0.34440250304942865,0.19340369225286247,200,208.92392108743653,0.29031848907470703,2.1070239543914795,1,False
1784695222.0544953,control2,76590b4826,MOSEK,soc,False,True,sparsity_aware,3,noiseless,COBYLA,200,42,1,132,0,20,32,12,-0.017528535192393127,-0.007797976855341594,0.14832250235946665,200,208.13863971319194,0.30761194229125977,5.60550856590271,1,False
1784695224.2987423,control2,76590b4826,MOSEK,soc,False,True,sparsity_aware,3,noiseless,COBYLA,200,42,1,132,1,10,16,6,-1.205230268788589,-0.2695634372063005,0.08630674263924806,200,208.13863971319194,0.30761194229125977,2.2361934185028076,1,False
1784695230.1486878,control2,76590b4826,MOSEK,soc,False,True,sparsity_aware,3,noiseless,COBYLA,200,42,1,133,0,20,32,12,-0.02185627984636784,-0.008219473245863659,0.14301477159653458,200,208.0807197651314,0.3025991916656494,5.530258655548096,1,False
1784695232.46795,control2,76590b4826,MOSEK,soc,False,True,sparsity_aware,3,noiseless,COBYLA,200,42,1,133,1,10,16,6,-1.1454100144960726,-0.5667035405900555,0.01826926499525937,200,208.0807197651314,0.3025991916656494,2.310774803161621,2,False
1784695238.3958576,control2,76590b4826,MOSEK,soc,False,True,sparsity_aware,3,noiseless,COBYLA,200,42,1,134,0,20,32,12,-0.0214830739475593,-0.00987029615286988,0.0289178705634426,200,207.88664395897123,0.3326427936553955,5.576584100723267,2,False
1784695240.6150525,control2,76590b4826,MOSEK,soc,False,True,sparsity_aware,3,noiseless,COBYLA,200,42,1,134,1,10,16,6,-1.093587653566683,-0.17328513091805467,0.029015296294200812,200,207.88664395897123,0.3326427936553955,2.2129251956939697,1,False
1784695246.5864747,control2,76590b4826,MOSEK,soc,False,True,sparsity_aware,3,noiseless,COBYLA,200,42,1,135,0,20,32,12,-0.020998401376031088,-0.013755393742680824,0.03157250294370165,200,207.64931209212773,0.2745494842529297,5.678258657455444,7,False
1784695248.7019675,control2,76590b4826,MOSEK,soc,False,True,sparsity_aware,3,noiseless,COBYLA,200,42,1,135,1,10,16,6,-1.0402031488320236,-0.18812291052222777,0.03952744489505214,200,207.64931209212773,0.2745494842529297,2.1105542182922363,1,False
1784695254.7185285,control2,76590b4826,MOSEK,soc,False,True,sparsity_aware,3,noiseless,COBYLA,200,42,1,136,0,20,32,12,-0.02002142520825254,-0.011201126414899723,0.02558851418789394,200,207.3971476693949,0.315138578414917,5.684488773345947,6,False
1784695256.9721222,control2,76590b4826,MOSEK,soc,False,True,sparsity_aware,3,noiseless,COBYLA,200,42,1,136,1,10,16,6,-1.076262814983195,-0.2140239968513569,0.028253709240864445,200,207.3971476693949,0.315138578414917,2.2470409870147705,1,False
1784695263.1265159,control2,76590b4826,MOSEK,soc,False,True,sparsity_aware,3,noiseless,COBYLA,200,42,1,137,0,20,32,12,-0.020281915045168485,-0.01177781077774059,0.04802317569991346,200,207.2560416475879,0.2533252239227295,5.87782621383667,12,False
1784695265.265289,control2,76590b4826,MOSEK,soc,False,True,sparsity_aware,3,noiseless,COBYLA,200,42,1,137,1,10,16,6,-0.8443088588164376,-0.14269498157001523,0.04304416617303368,200,207.2560416475879,0.2533252239227295,2.12988543510437,1,False
1784695271.1909065,control2,76590b4826,MOSEK,soc,False,True,sparsity_aware,3,noiseless,COBYLA,200,42,1,138,0,20,32,12,-0.02152231024664471,-0.0119135649391192,0.07568634619172722,200,206.42062120799045,0.3341104984283447,5.571479797363281,2,False
1784695273.5121586,control2,76590b4826,MOSEK,soc,False,True,sparsity_aware,3,noiseless,COBYLA,200,42,1,138,1,10,16,6,-1.1113675913597862,-0.4049469026226252,0.05932234227290173,200,206.42062120799045,0.3341104984283447,2.314629316329956,1,False
1784695279.5628297,control2,76590b4826,MOSEK,soc,False,True,sparsity_aware,3,noiseless,COBYLA,200,42,1,139,0,20,32,12,-0.016464461927552514,-0.005517877372420927,0.08049135672945279,200,206.02312194589808,0.2753016948699951,5.759079217910767,2,False
1784695281.4749248,control2,76590b4826,MOSEK,soc,False,True,sparsity_aware,3,noiseless,COBYLA,200,42,1,139,1,10,16,6,-0.9762753509742987,0.003683079494434506,0.25721999786341393,200,206.02312194589808,0.2753016948699951,1.906477451324463,0,True
1784695287.5815766,control2,76590b4826,MOSEK,soc,False,True,sparsity_aware,3,noiseless,COBYLA,200,42,1,140,0,20,32,12,-0.01965367915607742,-0.007388736173962893,0.027217132784579857,200,205.74452647630716,0.32801127433776855,5.75484037399292,5,False
1784695289.8793955,control2,76590b4826,MOSEK,soc,False,True,sparsity_aware,3,noiseless,COBYLA,200,42,1,140,1,10,16,6,-1.082852961114975,-0.16593605458345986,0.1921330706547515,200,205.74452647630716,0.32801127433776855,2.2880561351776123,1,False
1784695296.146557,control2,76590b4826,MOSEK,soc,False,True,sparsity_aware,3,noiseless,COBYLA,200,42,1,141,0,20,32,12,-0.01897922966599709,-0.005374924637924955,0.04040884530701165,200,204.97260759125777,0.2964920997619629,5.951128959655762,2,False
1784695298.4176226,control2,76590b4826,MOSEK,soc,False,True,sparsity_aware,3,noiseless,COBYLA,200,42,1,141,1,10,16,6,-1.0530209347944564,-0.748943449349886,0.11564323329727175,200,204.97260759125777,0.2964920997619629,2.264636754989624,2,False
1784695304.4975505,control2,76590b4826,MOSEK,soc,False,True,sparsity_aware,3,noiseless,COBYLA,200,42,1,142,0,20,32,12,-0.01702825971219406,-0.007604335019942964,0.05721253265874637,200,204.658213909243,0.3321964740753174,5.730413198471069,4,False
1784695306.8535707,control2,76590b4826,MOSEK,soc,False,True,sparsity_aware,3,noiseless,COBYLA,200,42,1,142,1,10,16,6,-1.2320127739645865,-0.6645810043422248,0.16177966790496784,200,204.658213909243,0.3321964740753174,2.3500876426696777,1,False
1784695312.920978,control2,76590b4826,MOSEK,soc,False,True,sparsity_aware,3,noiseless,COBYLA,200,42,1,143,0,20,32,12,-0.017752613843033456,-0.0053354622654978225,0.04529646733743617,200,204.35457496191367,0.28440284729003906,5.763106346130371,1,False
1784695315.1718364,control2,76590b4826,MOSEK,soc,False,True,sparsity_aware,3,noiseless,COBYLA,200,42,1,143,1,10,16,6,-1.6492956517462793,-0.05948946543324529,0.15615055187803814,200,204.35457496191367,0.28440284729003906,2.241616725921631,1,False
1784695321.3331563,control2,76590b4826,MOSEK,soc,False,True,sparsity_aware,3,noiseless,COBYLA,200,42,1,144,0,20,32,12,-0.021043642073741063,-0.010687932701630987,0.1443590111864039,200,204.1467053302504,0.30617690086364746,5.835952043533325,9,False
1784695323.7309172,control2,76590b4826,MOSEK,soc,False,True,sparsity_aware,3,noiseless,COBYLA,200,42,1,144,1,10,16,6,-1.1513111785572279,-0.1715223221206962,0.11157363094449242,200,204.1467053302504,0.30617690086364746,2.3927571773529053,1,False
1784695329.945737,control2,76590b4826,MOSEK,soc,False,True,sparsity_aware,3,noiseless,COBYLA,200,42,1,145,0,20,32,12,-0.027599337690703704,-0.01610913625255478,0.11092997880257996,200,203.3981945003864,0.2949507236480713,5.901275396347046,5,False
1784695332.4206645,control2,76590b4826,MOSEK,soc,False,True,sparsity_aware,3,noiseless,COBYLA,200,42,1,145,1,10,16,6,-2.250660646786936,-0.3879284853304371,0.1347723252472365,200,203.3981945003864,0.2949507236480713,2.468376874923706,1,False
1784695338.7394354,control2,76590b4826,MOSEK,soc,False,True,sparsity_aware,3,noiseless,COBYLA,200,42,1,146,0,20,32,12,-0.01750883603625098,-0.010586479707746446,0.09209545481101965,200,203.07954555323207,0.2677764892578125,6.027293920516968,7,False
1784695341.0081038,control2,76590b4826,MOSEK,soc,False,True,sparsity_aware,3,noiseless,COBYLA,200,42,1,146,1,10,16,6,-0.9499383493786823,-0.16045749118180097,0.13378694653989787,200,203.07954555323207,0.2677764892578125,2.2601845264434814,1,False
1784695347.4089441,control2,76590b4826,MOSEK,soc,False,True,sparsity_aware,3,noiseless,COBYLA,200,42,1,147,0,20,32,12,-0.01838445668541601,-0.009196933935167816,0.09615060761612176,200,202.6756780802869,0.4132072925567627,5.966469049453735,8,False
1784695349.8562546,control2,76590b4826,MOSEK,soc,False,True,sparsity_aware,3,noiseless,COBYLA,200,42,1,147,1,10,16,6,-1.6855889223247902,-0.49185642470205704,0.0880960684189501,200,202.6756780802869,0.4132072925567627,2.4410529136657715,1,False
1784695356.3405075,control2,76590b4826,MOSEK,soc,False,True,sparsity_aware,3,noiseless,COBYLA,200,42,1,148,0,20,32,12,-0.01901073805868307,-0.007749176591295636,0.062266470112757835,200,202.351289603851,0.2633805274963379,6.2063212394714355,5,False
1784695358.8067923,control2,76590b4826,MOSEK,soc,False,True,sparsity_aware,3,noiseless,COBYLA,200,42,1,148,1,10,16,6,-1.1991752057737457,-0.6052666678609276,0.07098775187517146,200,202.351289603851,0.2633805274963379,2.4622836112976074,1,False
1784695365.2153392,control2,76590b4826,MOSEK,soc,False,True,sparsity_aware,3,noiseless,COBYLA,200,42,1,149,0,20,32,12,-0.019898341924830164,-0.007788520656903351,0.05288617076583566,200,201.8573245338606,0.2634282112121582,6.126219272613525,5,False
1784695367.6571677,control2,76590b4826,MOSEK,soc,False,True,sparsity_aware,3,noiseless,COBYLA,200,42,1,149,1,10,16,6,-0.6907058375701999,-0.15036110008595882,0.13472330621794548,200,201.8573245338606,0.2634282112121582,2.435236692428589,1,False
1784695374.6074443,control2,76590b4826,MOSEK,soc,False,True,sparsity_aware,3,noiseless,COBYLA,200,42,1,150,0,20,32,12,-0.019018748642505787,-0.008763651523924252,0.04193471075777113,200,201.82141564774122,0.37055468559265137,6.556612491607666,9,False
1784695377.0033443,control2,76590b4826,MOSEK,soc,False,True,sparsity_aware,3,noiseless,COBYLA,200,42,1,150,1,10,16,6,-0.7640034463084762,-0.31572536049194305,0.08969541312536786,200,201.82141564774122,0.37055468559265137,2.38962721824646,2,False
1784695383.773819,control2,76590b4826,MOSEK,soc,False,True,sparsity_aware,3,noiseless,COBYLA,200,42,1,151,0,20,32,12,-0.02063749926371832,-0.00792733700707195,0.032360035861670175,200,201.57465686472864,0.29262351989746094,6.4576427936553955,2,False
1784695386.1201596,control2,76590b4826,MOSEK,soc,False,True,sparsity_aware,3,noiseless,COBYLA,200,42,1,151,1,10,16,6,-0.8616112151106711,-0.20397891805515556,0.055727119375446804,200,201.57465686472864,0.29262351989746094,2.339327335357666,1,False
1784695392.714175,control2,76590b4826,MOSEK,soc,False,True,sparsity_aware,3,noiseless,COBYLA,200,42,1,152,0,20,32,12,-0.02209532351802375,-0.016857032077382022,0.049997486578240005,200,201.31497813584502,0.3771021366119385,6.195171594619751,10,False
1784695395.2182379,control2,76590b4826,MOSEK,soc,False,True,sparsity_aware,3,noiseless,COBYLA,200,42,1,152,1,10,16,6,-0.8850448234529307,-0.21346039715395143,0.04510452347683504,200,201.31497813584502,0.3771021366119385,2.4963974952697754,1,False
1784695401.5309908,control2,76590b4826,MOSEK,soc,False,True,sparsity_aware,3,noiseless,COBYLA,200,42,1,153,0,20,32,12,-0.018538133951009006,-0.012911531436180528,0.058774017768394075,200,200.7916202486129,0.3287475109100342,5.966899633407593,5,False
1784695403.9633574,control2,76590b4826,MOSEK,soc,False,True,sparsity_aware,3,noiseless,COBYLA,200,42,1,153,1,10,16,6,-0.5786475050521733,-0.2225966167848371,0.05441400001067509,200,200.7916202486129,0.3287475109100342,2.425402879714966,1,False
1784695410.49901,control2,76590b4826,MOSEK,soc,False,True,sparsity_aware,3,noiseless,COBYLA,200,42,1,154,0,20,32,12,-0.021086823428859185,-0.014769510765002724,0.03737965375421685,200,200.5222488893865,0.27057671546936035,6.244589567184448,7,False
1784695412.9421682,control2,76590b4826,MOSEK,soc,False,True,sparsity_aware,3,noiseless,COBYLA,200,42,1,154,1,10,16,6,-1.5070223851170659,-0.11773338744959891,0.05703795990170417,200,200.5222488893865,0.27057671546936035,2.434185743331909,1,False
1784695419.5279408,control2,76590b4826,MOSEK,soc,False,True,sparsity_aware,3,noiseless,COBYLA,200,42,1,155,0,20,32,12,-0.014980731425834668,-0.00975049297481063,0.07189027518862914,200,200.36115548784235,0.39792799949645996,6.169749021530151,5,False
1784695422.0196269,control2,76590b4826,MOSEK,soc,False,True,sparsity_aware,3,noiseless,COBYLA,200,42,1,155,1,10,16,6,-0.8835368737614474,-0.23888975344750754,0.056541331032517156,200,200.36115548784235,0.39792799949645996,2.4840176105499268,1,False
1784695428.6713545,control2,76590b4826,MOSEK,soc,False,True,sparsity_aware,3,noiseless,COBYLA,200,42,1,156,0,20,32,12,-0.015979923745877152,-0.007226471300511341,0.05697325311021395,200,200.1559326708028,0.28857970237731934,6.341878414154053,7,False
1784695431.1597245,control2,76590b4826,MOSEK,soc,False,True,sparsity_aware,3,noiseless,COBYLA,200,42,1,156,1,10,16,6,-0.9271842760270341,-0.2741826968180282,0.05740215737599276,200,200.1559326708028,0.28857970237731934,2.4806275367736816,1,False
1784695437.8654199,control2,76590b4826,MOSEK,soc,False,True,sparsity_aware,3,noiseless,COBYLA,200,42,1,157,0,20,32,12,-0.014126623793581103,-0.005607787611959605,0.026489110668120045,200,199.93902397987785,0.4222259521484375,6.2578346729278564,2,False
1784695440.4427269,control2,76590b4826,MOSEK,soc,False,True,sparsity_aware,3,noiseless,COBYLA,200,42,1,157,1,10,16,6,-0.599103956900471,-0.2147961100880016,0.06702076577421162,200,199.93902397987785,0.4222259521484375,2.569931983947754,1,False
1784695447.3324556,control2,76590b4826,MOSEK,soc,False,True,sparsity_aware,3,noiseless,COBYLA,200,42,1,158,0,20,32,12,-0.015514845182613325,-0.0077256289472203196,0.03566447567248574,200,199.90281949123104,0.2943727970123291,6.57246470451355,6,False
1784695449.632012,control2,76590b4826,MOSEK,soc,False,True,sparsity_aware,3,noiseless,COBYLA,200,42,1,158,1,10,16,6,-0.6859256073139003,-0.31495287163913727,0.0654625670322815,200,199.90281949123104,0.2943727970123291,2.2924115657806396,1,False
1784695456.2950883,control2,76590b4826,MOSEK,soc,False,True,sparsity_aware,3,noiseless,COBYLA,200,42,1,159,0,20,32,12,-0.016798706166581256,-0.005846328891959253,0.09436549306950492,200,199.6807443874468,0.29683732986450195,6.342506170272827,3,False
1784695458.735512,control2,76590b4826,MOSEK,soc,False,True,sparsity_aware,3,noiseless,COBYLA,200,42,1,159,1,10,16,6,-1.0549457741290482,-0.28718822969137753,0.03204486632084687,200,199.6807443874468,0.29683732986450195,2.4318020343780518,1,False
1784695465.400485,control2,76590b4826,MOSEK,soc,False,True,sparsity_aware,3,noiseless,COBYLA,200,42,1,160,0,20,32,12,-0.01428062325234261,-0.004401312409411776,0.10997766688586173,200,199.59236568998915,0.28733396530151367,6.3574113845825195,1,False
1784695467.9555445,control2,76590b4826,MOSEK,soc,False,True,sparsity_aware,3,noiseless,COBYLA,200,42,1,160,1,10,16,6,-0.7941885651957431,-0.21527410592470686,0.05231095029084298,200,199.59236568998915,0.28733396530151367,2.543086051940918,1,False
1784695474.64107,control2,76590b4826,MOSEK,soc,False,True,sparsity_aware,3,noiseless,COBYLA,200,42,1,161,0,20,32,12,-0.014523578633257362,-0.003519926006425404,0.11490631302069285,200,199.3939212202581,0.2858092784881592,6.3800718784332275,3,False
1784695477.3396509,control2,76590b4826,MOSEK,soc,False,True,sparsity_aware,3,noiseless,COBYLA,200,42,1,161,1,10,16,6,-0.7851563006605401,-0.1701994469891599,0.03991512283034396,200,199.3939212202581,0.2858092784881592,2.688680410385132,1,False
1784695483.8970437,control2,76590b4826,MOSEK,soc,False,True,sparsity_aware,3,noiseless,COBYLA,200,42,1,162,0,20,32,12,-0.013104590316117826,-0.00414253939220009,0.08791300447182508,200,199.35237842087597,0.3090789318084717,6.228996992111206,2,False
1784695486.547626,control2,76590b4826,MOSEK,soc,False,True,sparsity_aware,3,noiseless,COBYLA,200,42,1,162,1,10,16,6,-1.1302439581664296,-0.10396771476641076,0.029605279519741703,200,199.35237842087597,0.3090789318084717,2.6426303386688232,1,False
1784695493.3551426,control2,76590b4826,MOSEK,soc,False,True,sparsity_aware,3,noiseless,COBYLA,200,42,1,163,0,20,32,12,-0.01099929143805496,-0.005735857997127502,0.05593601933529688,200,199.19737402195506,0.4242568016052246,6.361328125,4,False
1784695495.7236452,control2,76590b4826,MOSEK,soc,False,True,sparsity_aware,3,noiseless,COBYLA,200,42,1,163,1,10,16,6,-0.5582512411502403,-0.026162852071354426,0.020988284972481477,200,199.19737402195506,0.4242568016052246,2.362091541290283,1,False
1784695502.7913074,control2,76590b4826,MOSEK,soc,False,True,sparsity_aware,3,noiseless,COBYLA,200,42,1,164,0,20,32,12,-0.011667638146325649,-0.004473297584136382,0.11341180885672363,200,199.06760428293944,0.29193997383117676,6.751241445541382,2,False
1784695505.4087243,control2,76590b4826,MOSEK,soc,False,True,sparsity_aware,3,noiseless,COBYLA,200,42,1,164,1,10,16,6,-0.9034812046402377,-0.2823361920138595,0.02058369721235726,200,199.06760428293944,0.29193997383117676,2.60819673538208,1,False
1784695512.0116277,control2,76590b4826,MOSEK,soc,False,True,sparsity_aware,3,noiseless,COBYLA,200,42,1,165,0,20,32,12,-0.012306417891821263,-0.005730612622878941,0.07088007279114644,200,199.0206982218579,0.30629730224609375,6.281426906585693,4,False
1784695514.6894066,control2,76590b4826,MOSEK,soc,False,True,sparsity_aware,3,noiseless,COBYLA,200,42,1,165,1,10,16,6,-0.8240828367694835,-0.4796634534514957,0.09399632856588291,200,199.0206982218579,0.30629730224609375,2.6700994968414307,1,False
1784695521.626401,control2,76590b4826,MOSEK,soc,False,True,sparsity_aware,3,noiseless,COBYLA,200,42,1,166,0,20,32,12,-0.012545930739516544,-0.007233189600808187,0.048801081727159,200,198.911351322307,0.4080324172973633,6.503741264343262,2,False
1784695524.4260368,control2,76590b4826,MOSEK,soc,False,True,sparsity_aware,3,noiseless,COBYLA,200,42,1,166,1,10,16,6,-0.5782257735903236,-0.2429359044364059,0.08593035789509204,200,198.911351322307,0.4080324172973633,2.7930305004119873,1,False
1784695530.893113,control2,76590b4826,MOSEK,soc,False,True,sparsity_aware,3,noiseless,COBYLA,200,42,1,167,0,20,32,12,-0.015340539896415808,-0.005624177934874038,0.1095179540481482,200,198.65758004082844,0.3420712947845459,6.106973171234131,2,False
1784695533.6335626,control2,76590b4826,MOSEK,soc,False,True,sparsity_aware,3,noiseless,COBYLA,200,42,1,167,1,10,16,6,-0.7830189303870028,-0.12273574240299864,0.09287184401998871,200,198.65758004082844,0.3420712947845459,2.7324047088623047,1,False
1784695540.48325,control2,76590b4826,MOSEK,soc,False,True,sparsity_aware,3,noiseless,COBYLA,200,42,1,168,0,20,32,12,-0.01677811067465039,-0.006089447660859077,0.05490131106730589,200,198.6482313633308,0.40857481956481934,6.416406631469727,6,False
1784695543.056204,control2,76590b4826,MOSEK,soc,False,True,sparsity_aware,3,noiseless,COBYLA,200,42,1,168,1,10,16,6,-0.8868752338393447,-0.3020168356139385,0.0656557724549987,200,198.6482313633308,0.40857481956481934,2.565965175628662,1,False
1784695549.9530163,control2,76590b4826,MOSEK,soc,False,True,sparsity_aware,3,noiseless,COBYLA,200,42,1,169,0,20,32,12,-0.014910166964812933,-0.004269274749538772,0.040237879844325274,200,198.36048201463785,0.3467729091644287,6.532010078430176,1,False
1784695552.4520347,control2,76590b4826,MOSEK,soc,False,True,sparsity_aware,3,noiseless,COBYLA,200,42,1,169,1,10,16,6,-0.8262086991512498,-0.46225062417301893,0.05531191633649739,200,198.36048201463785,0.3467729091644287,2.4925990104675293,2,False
1784695559.275721,control2,76590b4826,MOSEK,soc,False,True,sparsity_aware,3,noiseless,COBYLA,200,42,1,170,0,20,32,12,-0.01918608863202106,-0.004461412244210771,0.021247315258750007,200,197.5832031409206,0.28266263008117676,6.5209925174713135,2,False
1784695561.9206266,control2,76590b4826,MOSEK,soc,False,True,sparsity_aware,3,noiseless,COBYLA,200,42,1,170,1,10,16,6,-1.3642354878040286,-0.8293293775055848,0.014418883772725679,200,197.5832031409206,0.28266263008117676,2.638824939727783,1,False
1784695568.7458794,control2,76590b4826,MOSEK,soc,False,True,sparsity_aware,3,noiseless,COBYLA,200,42,1,171,0,20,32,12,-0.01907423648050518,-0.0056545797129544184,0.0019059551923784894,200,197.43749052807118,0.3896520137786865,6.409805774688721,4,False
1784695571.4106562,control2,76590b4826,MOSEK,soc,False,True,sparsity_aware,3,noiseless,COBYLA,200,42,1,171,1,10,16,6,-0.9295401331696759,-0.46769388027507763,0.039037695486845214,200,197.43749052807118,0.3896520137786865,2.6543025970458984,1,False
1784695578.1315224,control2,76590b4826,MOSEK,soc,False,True,sparsity_aware,3,noiseless,COBYLA,200,42,1,172,0,20,32,12,-0.017207145594478116,-0.009189957561028845,0.03169642463355185,200,196.94320392460992,0.40529656410217285,6.294902563095093,4,False
1784695580.8259933,control2,76590b4826,MOSEK,soc,False,True,sparsity_aware,3,noiseless,COBYLA,200,42,1,172,1,10,16,6,-1.6247228829676041,-0.4621500954489477,0.03608942245423208,200,196.94320392460992,0.40529656410217285,2.6840813159942627,1,False
1784695587.5645025,control2,76590b4826,MOSEK,soc,False,True,sparsity_aware,3,noiseless,COBYLA,200,42,1,173,0,20,32,12,-0.016558741975800956,-0.006775301290134436,0.01196221759649761,200,196.31310190940422,0.37291646003723145,6.342984914779663,2,False
1784695590.148352,control2,76590b4826,MOSEK,soc,False,True,sparsity_aware,3,noiseless,COBYLA,200,42,1,173,1,10,16,6,-1.140328452255952,-0.09125789061928746,0.2248005407118868,200,196.31310190940422,0.37291646003723145,2.5748770236968994,1,False
1784695597.1692078,control2,76590b4826,MOSEK,soc,False,True,sparsity_aware,3,noiseless,COBYLA,200,42,1,174,0,20,32,12,-0.015369863715107597,-0.004707019937860684,0.02344063589334959,200,196.006875522141,0.4249701499938965,6.577802419662476,2,False
1784695599.732223,control2,76590b4826,MOSEK,soc,False,True,sparsity_aware,3,noiseless,COBYLA,200,42,1,174,1,10,16,6,-1.1036656488883514,-0.12972474766611788,0.22697745963824928,200,196.006875522141,0.4249701499938965,2.555356502532959,1,False
1784695606.7401679,control2,76590b4826,MOSEK,soc,False,True,sparsity_aware,3,noiseless,COBYLA,200,42,1,175,0,20,32,12,-0.01479539171703912,-0.003515751412404745,0.03162177125627886,200,195.93760661010043,0.30191707611083984,6.688198566436768,3,False
1784695609.4166703,control2,76590b4826,MOSEK,soc,False,True,sparsity_aware,3,noiseless,COBYLA,200,42,1,175,1,10,16,6,-0.9119385964545428,-0.07470819046291052,0.1669421348912755,200,195.93760661010043,0.30191707611083984,2.667454719543457,1,False
1784695616.4767096,control2,76590b4826,MOSEK,soc,False,True,sparsity_aware,3,noiseless,COBYLA,200,42,1,176,0,20,32,12,-0.016514119183699785,-0.003327976934060491,0.01767708502484756,200,195.80259884481848,0.43373823165893555,6.603267192840576,1,False
1784695619.2087448,control2,76590b4826,MOSEK,soc,False,True,sparsity_aware,3,noiseless,COBYLA,200,42,1,176,1,10,16,6,-1.1624135475412984,-0.10770880829053392,0.13603744029595702,200,195.80259884481848,0.43373823165893555,2.7218403816223145,1,False
1784695626.4299679,control2,76590b4826,MOSEK,soc,False,True,sparsity_aware,3,noiseless,COBYLA,200,42,1,177,0,20,32,12,-0.014324112580879813,-0.009414708159972236,0.050198459404742206,200,195.67177623714738,0.3993265628814697,6.796032190322876,3,False
1784695629.2446058,control2,76590b4826,MOSEK,soc,False,True,sparsity_aware,3,noiseless,COBYLA,200,42,1,177,1,10,16,6,-0.7960804988056228,-0.17657640181265039,0.10764880589487587,200,195.67177623714738,0.3993265628814697,2.8047242164611816,1,False
1784695636.6834245,control2,76590b4826,MOSEK,soc,False,True,sparsity_aware,3,noiseless,COBYLA,200,42,1,178,0,20,32,12,-0.015430015122918393,-0.006716633002358273,0.12687073830545942,200,195.30270411030403,0.38315510749816895,7.028567552566528,4,False
1784695639.3755836,control2,76590b4826,MOSEK,soc,False,True,sparsity_aware,3,noiseless,COBYLA,200,42,1,178,1,10,16,6,-1.1319706971137038,-0.1075449915972077,0.09060711054243568,200,195.30270411030403,0.38315510749816895,2.681648015975952,1,False
1784695646.4684875,control2,76590b4826,MOSEK,soc,False,True,sparsity_aware,3,noiseless,COBYLA,200,42,1,179,0,20,32,12,-0.015879438746422284,-0.007363018917705569,0.12410684120060032,200,195.22209654606303,0.42645764350891113,6.647502183914185,1,False
1784695649.082146,control2,76590b4826,MOSEK,soc,False,True,sparsity_aware,3,noiseless,COBYLA,200,42,1,179,1,10,16,6,-0.6785474150590115,-0.16939453286576206,0.08607988693302054,200,195.22209654606303,0.42645764350891113,2.607656717300415,1,False
1784695656.3804224,control2,76590b4826,MOSEK,soc,False,True,sparsity_aware,3,noiseless,COBYLA,200,42,1,180,0,20,32,12,-0.015417161543442191,-0.00471899821096425,0.0854815620862437,200,194.96009502747324,0.3894829750061035,6.885607481002808,4,False
1784695659.1176653,control2,76590b4826,MOSEK,soc,False,True,sparsity_aware,3,noiseless,COBYLA,200,42,1,180,1,10,16,6,-0.8198906135363713,-0.1003862642327471,0.09845571589953643,200,194.96009502747324,0.3894829750061035,2.732671022415161,1,False
1784695666.0367355,control2,76590b4826,MOSEK,soc,False,True,sparsity_aware,3,noiseless,COBYLA,200,42,1,181,0,20,32,12,-0.016530157777685572,-0.00413972329668663,0.07670350728519192,200,194.78783767863996,0.29224300384521484,6.608501672744751,1,False
1784695668.728897,control2,76590b4826,MOSEK,soc,False,True,sparsity_aware,3,noiseless,COBYLA,200,42,1,181,1,10,16,6,-0.8206614669041769,-0.0445499142382354,0.09838768464542857,200,194.78783767863996,0.29224300384521484,2.6826789379119873,1,False
1784695675.3890464,control2,76590b4826,MOSEK,soc,False,True,sparsity_aware,3,noiseless,COBYLA,200,42,1,182,0,20,32,12,-0.014962082413288384,-0.003998734612071988,0.06357349041928256,200,194.6362568070727,0.3271830081939697,6.309678554534912,1,False
1784695678.0772555,control2,76590b4826,MOSEK,soc,False,True,sparsity_aware,3,noiseless,COBYLA,200,42,1,182,1,10,16,6,-0.9244912629079919,-0.08072783246218401,0.16083333220065246,200,194.6362568070727,0.3271830081939697,2.679704189300537,1,False
1784695685.540112,control2,76590b4826,MOSEK,soc,False,True,sparsity_aware,3,noiseless,COBYLA,200,42,1,183,0,20,32,12,-0.015496698626210502,-0.0041992900010753564,0.07629510691041295,200,194.60232377546558,0.4209561347961426,7.022707462310791,3,False
1784695687.9604456,control2,76590b4826,MOSEK,soc,False,True,sparsity_aware,3,noiseless,COBYLA,200,42,1,183,1,10,16,6,-0.9229660161186372,-0.08992506760350721,0.217060432514908,200,194.60232377546558,0.4209561347961426,2.412858009338379,1,False
1784695694.627193,control2,76590b4826,MOSEK,soc,False,True,sparsity_aware,3,noiseless,COBYLA,200,42,1,184,0,20,32,12,-0.01341695495283384,-0.0061223678799577404,0.07575853586853999,200,194.1995578958754,0.3363330364227295,6.3095862865448,1,False
1784695696.4649932,control2,76590b4826,MOSEK,soc,False,True,sparsity_aware,3,noiseless,COBYLA,200,42,1,184,1,10,16,6,-0.9701906025015893,-0.04222141523272205,0.2207773820857429,200,194.1995578958754,0.3363330364227295,1.8306949138641357,1,False
1784695702.1688576,control2,76590b4826,MOSEK,soc,False,True,sparsity_aware,3,noiseless,COBYLA,200,42,1,185,0,20,32,12,-0.013342700490042029,-0.004773215320923329,0.12679817464687057,200,194.05462442378155,0.30063581466674805,5.385807275772095,2,False
1784695704.492761,control2,76590b4826,MOSEK,soc,False,True,sparsity_aware,3,noiseless,COBYLA,200,42,1,185,1,10,16,6,-1.1367326696097535,-0.054949138830498345,0.23452642013436087,200,194.05462442378155,0.30063581466674805,2.3179595470428467,1,False
1784695710.4988334,control2,76590b4826,MOSEK,soc,False,True,sparsity_aware,3,noiseless,COBYLA,200,42,1,186,0,20,32,12,-0.01222583958202781,-0.005583863548454402,0.16676267303653963,200,193.9934702818752,0.3117339611053467,5.676178693771362,3,False
1784695712.9435132,control2,76590b4826,MOSEK,soc,False,True,sparsity_aware,3,noiseless,COBYLA,200,42,1,186,1,10,16,6,-1.1110131524601756,-0.03754058107639219,0.23017475094433157,200,193.9934702818752,0.3117339611053467,2.4381461143493652,1,False
1784695719.1855717,control2,76590b4826,MOSEK,soc,False,True,sparsity_aware,3,noiseless,COBYLA,200,42,1,187,0,20,32,12,-0.012410687791158509,-0.005349819138424235,0.04871938159624369,200,193.7709837482374,0.36191654205322266,5.855867862701416,3,False
1784695721.4290195,control2,76590b4826,MOSEK,soc,False,True,sparsity_aware,3,noiseless,COBYLA,200,42,1,187,1,10,16,6,-1.1315405592990349,-0.04782090424360397,0.23403318739399712,200,193.7709837482374,0.36191654205322266,2.235837936401367,1,False
1784695728.3082285,control2,76590b4826,MOSEK,soc,False,True,sparsity_aware,3,noiseless,COBYLA,200,42,1,188,0,20,32,12,-0.012719041221139617,-0.003627861469812155,0.10078445287317764,200,193.68987403417503,0.4468674659729004,6.412744045257568,5,False
1784695730.4295938,control2,76590b4826,MOSEK,soc,False,True,sparsity_aware,3,noiseless,COBYLA,200,42,1,188,1,10,16,6,-1.2555964216448245,-0.030584007412388536,0.24792166033717947,200,193.68987403417503,0.4468674659729004,2.1136252880096436,1,False
1784695736.8198,control2,76590b4826,MOSEK,soc,False,True,sparsity_aware,3,noiseless,COBYLA,200,42,1,189,0,20,32,12,-0.01528010562477609,-0.005425218124242488,0.07455255815314474,200,193.5667525115767,0.32964253425598145,6.0376715660095215,4,False
1784695739.6595323,control2,76590b4826,MOSEK,soc,False,True,sparsity_aware,3,noiseless,COBYLA,200,42,1,189,1,10,16,6,-1.0364341765352314,-0.03186791106292658,0.2661630712302108,200,193.5667525115767,0.32964253425598145,2.830237627029419,1,False
1784695746.4454305,control2,76590b4826,MOSEK,soc,False,True,sparsity_aware,3,noiseless,COBYLA,200,42,1,190,0,20,32,12,-0.012951491506309061,-0.007986654080912103,0.04547644775057431,200,193.33880443901975,0.43378376960754395,6.330612897872925,4,False
1784695748.3340995,control2,76590b4826,MOSEK,soc,False,True,sparsity_aware,3,noiseless,COBYLA,200,42,1,190,1,10,16,6,-0.8846593530805302,-0.04740063963266006,0.2684676387366762,200,193.33880443901975,0.43378376960754395,1.8790414333343506,1,False
1784695754.7246463,control2,76590b4826,MOSEK,soc,False,True,sparsity_aware,3,noiseless,COBYLA,200,42,1,191,0,20,32,12,-0.01069707456974032,-0.005216728855713854,0.07569845104912623,200,192.05515489604608,0.32102298736572266,6.050833702087402,5,False
1784695756.8872228,control2,76590b4826,MOSEK,soc,False,True,sparsity_aware,3,noiseless,COBYLA,200,42,1,191,1,10,16,6,-0.681019132562902,-0.04499951702809324,0.25206360538829137,200,192.05515489604608,0.32102298736572266,2.1541101932525635,1,False
1784695763.3452702,control2,76590b4826,MOSEK,soc,False,True,sparsity_aware,3,noiseless,COBYLA,200,42,1,192,0,20,32,12,-0.014337234008233292,-0.0039823356995553364,0.06910090806916402,200,191.8175970706656,0.43547749519348145,6.001737356185913,1,False
1784695766.2570817,control2,76590b4826,MOSEK,soc,False,True,sparsity_aware,3,noiseless,COBYLA,200,42,1,192,1,10,16,6,-0.5962134923016845,-0.04029317445959757,0.21238273501438953,200,191.8175970706656,0.43547749519348145,2.8976247310638428,1,False
1784695773.1059606,control2,76590b4826,MOSEK,soc,False,True,sparsity_aware,3,noiseless,COBYLA,200,42,1,193,0,20,32,12,-0.012425260274026982,-0.004222349397319426,0.0724211023385952,200,191.34658038933372,0.501563549041748,6.325754880905151,2,False
1784695775.929998,control2,76590b4826,MOSEK,soc,False,True,sparsity_aware,3,noiseless,COBYLA,200,42,1,193,1,10,16,6,-0.7514314290307951,-0.04435498330079646,0.22389836529245086,200,191.34658038933372,0.501563549041748,2.8162901401519775,1,False
1784695782.699667,control2,76590b4826,MOSEK,soc,False,True,sparsity_aware,3,noiseless,COBYLA,200,42,1,194,0,20,32,12,-0.014264488972132118,-0.003274935778158344,0.08485644235701746,200,190.96014025902008,0.32158493995666504,6.429139852523804,2,False
1784695785.098671,control2,76590b4826,MOSEK,soc,False,True,sparsity_aware,3,noiseless,COBYLA,200,42,1,194,1,10,16,6,-1.246791772717009,-0.07817964285166973,0.25618253836724825,200,190.96014025902008,0.32158493995666504,2.391977071762085,1,False
1784695791.777211,control2,76590b4826,MOSEK,soc,False,True,sparsity_aware,3,noiseless,COBYLA,200,42,1,195,0,20,32,12,-0.017109178381388486,-0.003416173146942996,0.03580448360589608,200,190.56830221462175,0.3183879852294922,6.339799165725708,3,False
1784695794.2408412,control2,76590b4826,MOSEK,soc,False,True,sparsity_aware,3,noiseless,COBYLA,200,42,1,195,1,10,16,6,-0.9760650247482169,-0.023303557321034896,0.23662017924906179,200,190.56830221462175,0.3183879852294922,2.456155300140381,1,False
1784695800.8980181,control2,76590b4826,MOSEK,soc,False,True,sparsity_aware,3,noiseless,COBYLA,200,42,1,196,0,20,32,12,-0.014465679397485928,-0.002784144388594538,0.09885515790978486,200,190.3550090929226,0.34174084663391113,6.295033693313599,1,False
1784695803.6068857,control2,76590b4826,MOSEK,soc,False,True,sparsity_aware,3,noiseless,COBYLA,200,42,1,196,1,10,16,6,-1.1978639595644873,-0.03613348723840065,0.20918104717196845,200,190.3550090929226,0.34174084663391113,2.701692819595337,1,False
1784695810.3535116,control2,76590b4826,MOSEK,soc,False,True,sparsity_aware,3,noiseless,COBYLA,200,42,1,197,0,20,32,12,-0.01591267563928913,-0.006447073969707565,0.08945276537546991,200,190.10136285000078,0.30816030502319336,6.413022756576538,3,False
1784695812.4614542,control2,76590b4826,MOSEK,soc,False,True,sparsity_aware,3,noiseless,COBYLA,200,42,1,197,1,10,16,6,-1.1761986152596327,-0.05165128893723647,0.16456455757968835,200,190.10136285000078,0.30816030502319336,2.0984795093536377,1,False
1784695819.5086591,control2,76590b4826,MOSEK,soc,False,True,sparsity_aware,3,noiseless,COBYLA,200,42,1,198,0,20,32,12,-0.014750654722085976,-0.004619545647932031,0.10115816843881001,200,189.68344498946198,0.321056604385376,6.705424547195435,2,False
1784695821.8475032,control2,76590b4826,MOSEK,soc,False,True,sparsity_aware,3,noiseless,COBYLA,200,42,1,198,1,10,16,6,-1.102149180527837,-0.042114316969878385,0.16456992865900194,200,189.68344498946198,0.321056604385376,2.3324637413024902,1,False
1784695828.0107374,control2,76590b4826,MOSEK,soc,False,True,sparsity_aware,3,noiseless,COBYLA,200,42,1,199,0,20,32,12,-0.012512602444127167,-0.007031805712531718,0.1585821330242517,200,189.52242845506487,0.3076748847961426,5.826366901397705,2,False
1784695831.1036236,control2,76590b4826,MOSEK,soc,False,True,sparsity_aware,3,noiseless,COBYLA,200,42,1,199,1,10,16,6,-1.1068611273251756,-0.14493566950524656,0.19832179872098288,200,189.52242845506487,0.3076748847961426,3.0817103385925293,1,False
1784695837.152625,control2,76590b4826,MOSEK,soc,False,True,sparsity_aware,3,noiseless,COBYLA,200,42,1,200,0,20,32,12,-0.01150413901783116,-0.004762149977662667,0.1052789028763741,200,189.44777818745473,0.4139087200164795,5.610610246658325,2,False
1784695840.2219849,control2,76590b4826,MOSEK,soc,False,True,sparsity_aware,3,noiseless,COBYLA,200,42,1,200,1,10,16,6,-1.0694899088651857,-0.1046676006608569,0.23581593126229083,200,189.44777818745473,0.4139087200164795,3.058068037033081,1,False
1784695846.5052931,control2,76590b4826,MOSEK,soc,False,True,sparsity_aware,3,noiseless,COBYLA,200,42,1,201,0,20,32,12,-0.014181914025123825,-0.003256132263693662,0.07754353249489315,200,189.29390309957668,0.4447791576385498,5.819739580154419,4,False
1784695848.914743,control2,76590b4826,MOSEK,soc,False,True,sparsity_aware,3,noiseless,COBYLA,200,42,1,201,1,10,16,6,-1.2128199903733379,-0.1681047839517626,0.19029925831187752,200,189.29390309957668,0.4447791576385498,2.402684211730957,1,False
1784695856.7938638,control2,76590b4826,MOSEK,soc,False,True,sparsity_aware,3,noiseless,COBYLA,200,42,1,202,0,20,32,12,-0.011291872786342957,-0.003970533719705227,0.10116043091293823,200,189.1963230533491,0.5009582042694092,7.354770183563232,6,False
1784695858.6910093,control2,76590b4826,MOSEK,soc,False,True,sparsity_aware,3,noiseless,COBYLA,200,42,1,202,1,10,16,6,-0.9639811543745455,-0.27744958200190545,0.22613931511121124,200,189.1963230533491,0.5009582042694092,1.8912005424499512,1,False
1784695867.1135886,control2,76590b4826,MOSEK,soc,False,True,sparsity_aware,3,noiseless,COBYLA,200,42,1,203,0,20,32,12,-0.015167001509715285,-0.004127412380139352,0.06732812841732834,200,188.88723478068783,0.28467822074890137,8.120330333709717,6,False
1784695869.01051,control2,76590b4826,MOSEK,soc,False,True,sparsity_aware,3,noiseless,COBYLA,200,42,1,203,1,10,16,6,-0.8125785923429274,-0.19275534824641782,0.18072261637818476,200,188.88723478068783,0.28467822074890137,1.8910508155822754,1,False
1784695876.451259,control2,76590b4826,MOSEK,soc,False,True,sparsity_aware,3,noiseless,COBYLA,200,42,1,204,0,20,32,12,-0.015337361436723275,-0.0029288510145161597,0.14300531937517014,200,188.52460476466013,0.3059046268463135,7.116084575653076,1,False
1784695878.8838966,control2,76590b4826,MOSEK,soc,False,True,sparsity_aware,3,noiseless,COBYLA,200,42,1,204,1,10,16,6,-0.800093981235853,-0.05411594876214118,0.16354615317025945,200,188.52460476466013,0.3059046268463135,2.4257025718688965,1,False
1784695884.3885598,control2,76590b4826,MOSEK,soc,False,True,sparsity_aware,3,noiseless,COBYLA,200,42,1,205,0,20,32,12,-0.013467279668513797,-0.0027098105232033144,0.21976099424405676,200,188.4674253821497,0.2974114418029785,5.187533617019653,1,False
1784695887.5944154,control2,76590b4826,MOSEK,soc,False,True,sparsity_aware,3,noiseless,COBYLA,200,42,1,205,1,10,16,6,-0.8629332703886795,-0.10864366083596405,0.11236904780315402,200,188.4674253821497,0.2974114418029785,3.1971583366394043,1,False
1784695894.8321643,control2,76590b4826,MOSEK,soc,False,True,sparsity_aware,3,noiseless,COBYLA,200,42,1,206,0,20,32,12,-0.013239749592921875,-0.0037866864091381553,0.12376248048269618,200,188.43873801194738,0.525101900100708,6.679249048233032,3,False
1784695896.742047,control2,76590b4826,MOSEK,soc,False,True,sparsity_aware,3,noiseless,COBYLA,200,42,1,206,1,10,16,6,-0.8713969781148465,-0.051964123847402385,0.07545122775923921,200,188.43873801194738,0.525101900100708,1.9007453918457031,1,False
1784695904.861647,control2,76590b4826,MOSEK,soc,False,True,sparsity_aware,3,noiseless,COBYLA,200,42,1,207,0,20,32,12,-0.010861761495412904,-0.001799220597258168,0.08847145689205922,200,188.33593211986084,0.46923089027404785,7.633660793304443,1,False
1784695906.7467973,control2,76590b4826,MOSEK,soc,False,True,sparsity_aware,3,noiseless,COBYLA,200,42,1,207,1,10,16,6,-0.8373982360971132,-0.08269622217099915,0.09080521704869836,200,188.33593211986084,0.46923089027404785,1.878037929534912,1,False
1784695914.1508067,control2,76590b4826,MOSEK,soc,False,True,sparsity_aware,3,noiseless,COBYLA,200,42,1,208,0,20,32,12,-0.011706635723392821,-0.002884884474567102,0.03140933141663415,200,188.30890231281282,0.36112070083618164,7.024698495864868,1,False
1784695917.0655286,control2,76590b4826,MOSEK,soc,False,True,sparsity_aware,3,noiseless,COBYLA,200,42,1,208,1,10,16,6,-0.8024486839352455,-0.048896035557588036,0.08294450436164842,200,188.30890231281282,0.36112070083618164,2.9075727462768555,1,False
1784695922.5915666,control2,76590b4826,MOSEK,soc,False,True,sparsity_aware,3,noiseless,COBYLA,200,42,1,209,0,20,32,12,-0.013474981226883313,-0.003984603872676623,0.00488650513672617,200,188.17446366348565,0.3301992416381836,5.175113201141357,2,False
1784695925.8101509,control2,76590b4826,MOSEK,soc,False,True,sparsity_aware,3,noiseless,COBYLA,200,42,1,209,1,10,16,6,-0.877979882010142,-0.1303699432279209,0.07615890516211522,200,188.17446366348565,0.3301992416381836,3.2073347568511963,1,False
1784695932.57157,control2,76590b4826,MOSEK,soc,False,True,sparsity_aware,3,noiseless,COBYLA,200,42,1,210,0,20,32,12,-0.011175917891998722,-0.0022825272839830254,0.027494282325773434,200,188.00769073279548,0.4659278392791748,6.27608585357666,2,False
1784695934.4874213,control2,76590b4826,MOSEK,soc,False,True,sparsity_aware,3,noiseless,COBYLA,200,42,1,210,1,10,16,6,-0.8333899026843898,-0.047566603503882254,0.0391727583746777,200,188.00769073279548,0.4659278392791748,1.9078521728515625,1,False
1784695941.418455,control2,76590b4826,MOSEK,soc,False,True,sparsity_aware,3,noiseless,COBYLA,200,42,1,211,0,20,32,12,-0.011090918107985378,-0.0028552439043874472,0.016355458911218822,200,187.98969931635517,0.30164170265197754,6.607756853103638,2,False
1784695944.659775,control2,76590b4826,MOSEK,soc,False,True,sparsity_aware,3,noiseless,COBYLA,200,42,1,211,1,10,16,6,-0.8950354208792616,-0.03789072120236878,0.026310337301030204,200,187.98969931635517,0.30164170265197754,3.2291181087493896,1,False
1784695950.3718543,control2,76590b4826,MOSEK,soc,False,True,sparsity_aware,3,noiseless,COBYLA,200,42,1,212,0,20,32,12,-0.013915657355888575,-0.0027000321831576564,0.0008268908067878922,200,187.8376309416696,0.482485294342041,5.20453405380249,5,False
1784695953.4707203,control2,76590b4826,MOSEK,soc,False,True,sparsity_aware,3,noiseless,COBYLA,200,42,1,212,1,10,16,6,-1.2306217149865768,-0.03813656660545178,0.03293451291251386,200,187.8376309416696,0.482485294342041,3.0911691188812256,1,False
1784695961.0252404,control2,76590b4826,MOSEK,soc,False,True,sparsity_aware,3,noiseless,COBYLA,200,42,1,213,0,20,32,12,-0.010338685765003715,-0.0017028677293334093,0.015473327250461107,200,187.6821188493914,0.5048825740814209,7.030310869216919,1,False
1784695962.9440925,control2,76590b4826,MOSEK,soc,False,True,sparsity_aware,3,noiseless,COBYLA,200,42,1,213,1,10,16,6,-1.1827957592730431,-0.0943186433993422,0.03382659994413705,200,187.6821188493914,0.5048825740814209,1.910404920578003,1,False
1784695970.2977014,control2,76590b4826,MOSEK,soc,False,True,sparsity_aware,3,noiseless,COBYLA,200,42,1,214,0,20,32,12,-0.011275913190645153,-0.003217513428080258,0.13490505108449363,200,187.4701131694913,0.3275294303894043,7.0031538009643555,2,False
1784695973.481096,control2,76590b4826,MOSEK,soc,False,True,sparsity_aware,3,noiseless,COBYLA,200,42,1,214,1,10,16,6,-1.200039080777217,-0.17407183919162014,0.035745506755026864,200,187.4701131694913,0.3275294303894043,3.172769069671631,1,False
1784695978.9974174,control2,76590b4826,MOSEK,soc,False,True,sparsity_aware,3,noiseless,COBYLA,200,42,1,215,0,20,32,12,-0.012392719716348387,-0.002996848554107164,0.10752687174964638,200,187.1727325408943,0.5487699508666992,4.941480398178101,1,False
1784695981.8474963,control2,76590b4826,MOSEK,soc,False,True,sparsity_aware,3,noiseless,COBYLA,200,42,1,215,1,10,16,6,-0.7559975772593166,-0.03779260027161968,0.017299053246105853,200,187.1727325408943,0.5487699508666992,2.840160846710205,1,False
1784695989.4133644,control2,76590b4826,MOSEK,soc,False,True,sparsity_aware,3,noiseless,COBYLA,200,42,1,216,0,20,32,12,-0.012859345011215523,-0.002465038146489876,0.058989015544789906,200,187.1263436641492,0.530426025390625,7.013447523117065,4,False
1784695991.4336908,control2,76590b4826,MOSEK,soc,False,True,sparsity_aware,3,noiseless,COBYLA,200,42,1,216,1,10,16,6,-0.7610443844967221,-0.07670988831500412,0.020712820094939396,200,187.1263436641492,0.530426025390625,2.0133378505706787,1,False
1784695998.4402032,control2,76590b4826,MOSEK,soc,False,True,sparsity_aware,3,noiseless,COBYLA,200,42,1,217,0,20,32,12,-0.012134679292449138,-0.004523741847121297,0.16761626590983622,200,186.93565198094217,0.3869900703430176,6.598377466201782,1,False
1784696001.611976,control2,76590b4826,MOSEK,soc,False,True,sparsity_aware,3,noiseless,COBYLA,200,42,1,217,1,10,16,6,-0.9666439690112767,-0.13955335774414399,0.03377861887594452,200,186.93565198094217,0.3869900703430176,3.1625912189483643,1,False
1784696006.837863,control2,76590b4826,MOSEK,soc,False,True,sparsity_aware,3,noiseless,COBYLA,200,42,1,218,0,20,32,12,-0.01360113384211196,-0.003938546317264004,0.10055464170502552,200,186.83485297388228,0.3992629051208496,4.807804107666016,2,False
1784696009.1527946,control2,76590b4826,MOSEK,soc,False,True,sparsity_aware,3,noiseless,COBYLA,200,42,1,218,1,10,16,6,-0.8824721662516433,-0.36372898632231304,0.10973319099117784,200,186.83485297388228,0.3992629051208496,2.3049709796905518,2,False
1784696017.6864562,control2,76590b4826,MOSEK,soc,False,True,sparsity_aware,3,noiseless,COBYLA,200,42,1,219,0,20,32,12,-0.011603442545384531,-0.0035345340961813465,0.054621307506342205,200,186.5541542270308,0.49416542053222656,8.010623455047607,2,False
1784696019.8092859,control2,76590b4826,MOSEK,soc,False,True,sparsity_aware,3,noiseless,COBYLA,200,42,1,219,1,10,16,6,-0.6436697173153165,-0.20787168467582628,0.158779504896666,200,186.5541542270308,0.49416542053222656,2.1117382049560547,1,False
1784696025.110583,control2,76590b4826,MOSEK,soc,False,True,sparsity_aware,3,noiseless,COBYLA,200,42,1,220,0,20,32,12,-0.01106090102453282,-0.0030678486726709885,0.06580840513489643,200,186.48120650748353,0.32964205741882324,4.947295665740967,2,False
1784696028.3958523,control2,76590b4826,MOSEK,soc,False,True,sparsity_aware,3,noiseless,COBYLA,200,42,1,220,1,10,16,6,-0.6615118364496226,-0.40879106638695917,0.08248232759773419,200,186.48120650748353,0.32964205741882324,3.2781758308410645,1,False
1784696035.669935,control2,76590b4826,MOSEK,soc,False,True,sparsity_aware,3,noiseless,COBYLA,200,42,1,221,0,20,32,12,-0.012672592775390776,-0.0017405197429898383,0.07987469823686337,200,186.35344416682585,0.5078864097595215,6.7460877895355225,2,False
1784696037.517329,control2,76590b4826,MOSEK,soc,False,True,sparsity_aware,3,noiseless,COBYLA,200,42,1,221,1,10,16,6,-0.8022793728264118,-0.4344171057408619,0.04715555528837931,200,186.35344416682585,0.5078864097595215,1.8425180912017822,1,False
1784696044.4346616,control2,76590b4826,MOSEK,soc,False,True,sparsity_aware,3,noiseless,COBYLA,200,42,1,222,0,20,32,12,-0.016375448993660877,-0.005165987772203982,0.09048270192546551,200,186.31871647108477,0.32521915435791016,6.5716025829315186,3,False
1784696047.7968311,control2,76590b4826,MOSEK,soc,False,True,sparsity_aware,3,noiseless,COBYLA,200,42,1,222,1,10,16,6,-0.452503005257735,-0.22974146828589936,0.11605209772357586,200,186.31871647108477,0.32521915435791016,3.355435848236084,2,False
1784696054.2138834,control2,76590b4826,MOSEK,soc,False,True,sparsity_aware,3,noiseless,COBYLA,200,42,1,223,0,20,32,12,-0.01278254008474888,-0.00395358085977919,0.02877693141339225,200,186.1603004967502,0.5063741207122803,5.889171361923218,4,False
1784696056.1728902,control2,76590b4826,MOSEK,soc,False,True,sparsity_aware,3,noiseless,COBYLA,200,42,1,223,1,10,16,6,-0.5760222029813524,-0.14693372215441147,0.1416931224709172,200,186.1603004967502,0.5063741207122803,1.9548866748809814,1,False
1784696063.6978078,control2,76590b4826,MOSEK,soc,False,True,sparsity_aware,3,noiseless,COBYLA,200,42,1,224,0,20,32,12,-0.0104401187948925,-0.004886599643848742,0.00973996923409998,200,185.99316033414186,0.31748461723327637,7.186154842376709,1,False
1784696066.6998146,control2,76590b4826,MOSEK,soc,False,True,sparsity_aware,3,noiseless,COBYLA,200,42,1,224,1,10,16,6,-0.7034379458938973,-0.09470270875942999,0.14645828090402577,200,185.99316033414186,0.31748461723327637,2.9940378665924072,1,False
1784696072.1416802,control2,76590b4826,MOSEK,soc,False,True,sparsity_aware,3,noiseless,COBYLA,200,42,1,225,0,20,32,12,-0.010643340385932077,-0.005524763734415391,0.009638079944774431,200,185.96952684614996,0.3738980293273926,5.04888129234314,7,False
1784696074.7504976,control2,76590b4826,MOSEK,soc,False,True,sparsity_aware,3,noiseless,COBYLA,200,42,1,225,1,10,16,6,-0.8207274732955493,-0.07268098725099836,0.17799604157753252,200,185.96952684614996,0.3738980293273926,2.598320245742798,1,False
1784696082.7338386,control2,76590b4826,MOSEK,soc,False,True,sparsity_aware,3,noiseless,COBYLA,200,42,1,226,0,20,32,12,-0.01774992886722846,-0.0035586510475981376,0.0022860832094366854,200,185.28107242562595,0.48391270637512207,7.482461929321289,1,False
1784696084.77169,control2,76590b4826,MOSEK,soc,False,True,sparsity_aware,3,noiseless,COBYLA,200,42,1,226,1,10,16,6,-1.3712085631537736,-0.6138272599960906,0.06944343056281616,200,185.28107242562595,0.48391270637512207,2.0309042930603027,2,False
1784696090.0624268,control2,76590b4826,MOSEK,soc,False,True,sparsity_aware,3,noiseless,COBYLA,200,42,1,227,0,20,32,12,-0.01622313081060395,-0.0031833518531043255,0.003493143367038734,200,184.6749674012938,0.30941224098205566,4.9579455852508545,1,False
1784696093.706612,control2,76590b4826,MOSEK,soc,False,True,sparsity_aware,3,noiseless,COBYLA,200,42,1,227,1,10,16,6,-0.863184391338152,-0.37855519596802045,0.11190085837761182,200,184.6749674012938,0.30941224098205566,3.6343047618865967,1,False
1784696100.8456373,control2,76590b4826,MOSEK,soc,False,True,sparsity_aware,3,noiseless,COBYLA,200,42,1,228,0,20,32,12,-0.015081165698452817,-0.0025436914793873326,0.0034372721057967987,200,184.09015135751747,0.5281326770782471,6.592432737350464,1,False
1784696103.0185797,control2,76590b4826,MOSEK,soc,False,True,sparsity_aware,3,noiseless,COBYLA,200,42,1,228,1,10,16,6,-0.7664690101995763,-0.22590735412844576,0.09899070702533695,200,184.09015135751747,0.5281326770782471,2.1669344902038574,1,False
1784696108.616099,control2,76590b4826,MOSEK,soc,False,True,sparsity_aware,3,noiseless,COBYLA,200,42,1,229,0,20,32,12,-0.016514469175406797,-0.003327896750148371,0.006612384262808941,200,183.98728256955008,0.41649913787841797,5.1572651863098145,4,False
1784696112.191829,control2,76590b4826,MOSEK,soc,False,True,sparsity_aware,3,noiseless,COBYLA,200,42,1,229,1,10,16,6,-1.3369287628825703,-0.17778454691661616,0.04866909817786274,200,183.98728256955008,0.41649913787841797,3.5659356117248535,1,False
1784696119.2427177,control2,76590b4826,MOSEK,soc,False,True,sparsity_aware,3,noiseless,COBYLA,200,42,1,230,0,20,32,12,-0.01879959044592035,-0.00505024905991072,0.050778280114239106,200,183.88183458101707,0.5324945449829102,6.498666763305664,1,False
1784696121.1169116,control2,76590b4826,MOSEK,soc,False,True,sparsity_aware,3,noiseless,COBYLA,200,42,1,230,1,10,16,6,-1.1272664153960479,-0.22726233520282846,0.02982078666905867,200,183.88183458101707,0.5324945449829102,1.8678228855133057,1,False
1784696127.0330908,control2,76590b4826,MOSEK,soc,False,True,sparsity_aware,3,noiseless,COBYLA,200,42,1,231,0,20,32,12,-0.01845431024309815,-0.006302740777837908,0.09554299113849271,200,183.7233461355362,0.36100196838378906,5.532368421554565,2,False
1784696130.2503445,control2,76590b4826,MOSEK,soc,False,True,sparsity_aware,3,noiseless,COBYLA,200,42,1,231,1,10,16,6,-1.0276521289727083,-0.4090370549444234,0.009379264970511269,200,183.7233461355362,0.36100196838378906,3.2085835933685303,1,False
1784696137.5034328,control2,76590b4826,MOSEK,soc,False,True,sparsity_aware,3,noiseless,COBYLA,200,42,1,232,0,20,32,12,-0.02238221014115616,-0.0035107122108180323,0.055078683075933485,200,183.60926218970033,0.5300922393798828,6.699188470840454,1,False
1784696139.3709743,control2,76590b4826,MOSEK,soc,False,True,sparsity_aware,3,noiseless,COBYLA,200,42,1,232,1,10,16,6,-1.1360595777262068,-0.885015358218234,0.02537303326089352,200,183.60926218970033,0.5300922393798828,1.860041856765747,3,False
1784696145.1096969,control2,76590b4826,MOSEK,soc,False,True,sparsity_aware,3,noiseless,COBYLA,200,42,1,233,0,20,32,12,-0.020562097116094528,-0.005375949304018811,0.12391896755635738,200,183.5130625689368,0.36562585830688477,5.3520824909210205,2,False
1784696148.5331962,control2,76590b4826,MOSEK,soc,False,True,sparsity_aware,3,noiseless,COBYLA,200,42,1,233,1,10,16,6,-0.5962251866113474,-0.3682827518877693,0.054118355162692505,200,183.5130625689368,0.36562585830688477,3.412337064743042,1,False
1784696155.4650025,control2,76590b4826,MOSEK,soc,False,True,sparsity_aware,3,noiseless,COBYLA,200,42,1,234,0,20,32,12,-0.015381721785125523,-0.005930201954739831,0.1562293567923945,200,183.25117218466494,0.5493435859680176,6.360870122909546,2,False
1784696157.4480202,control2,76590b4826,MOSEK,soc,False,True,sparsity_aware,3,noiseless,COBYLA,200,42,1,234,1,10,16,6,-0.8759401241661938,-0.564701678656205,0.049837531100419975,200,183.25117218466494,0.5493435859680176,1.9761974811553955,1,False
1784696162.8777146,control2,76590b4826,MOSEK,soc,False,True,sparsity_aware,3,noiseless,COBYLA,200,42,1,235,0,20,32,12,-0.012890998014933402,-0.003752804054642167,0.10399924484644409,200,183.15977693471143,0.3535609245300293,5.058508634567261,1,False
1784696165.9907315,control2,76590b4826,MOSEK,soc,False,True,sparsity_aware,3,noiseless,COBYLA,200,42,1,235,1,10,16,6,-0.9216551105394368,-0.8049886767188968,0.018911151605598402,200,183.15977693471143,0.3535609245300293,3.1040782928466797,3,False
1784696174.2119718,control2,76590b4826,MOSEK,soc,False,True,sparsity_aware,3,noiseless,COBYLA,200,42,1,236,0,20,32,12,-0.013651522308705064,-0.0027775382473575042,0.07404116134800738,200,182.9947843695478,0.5613353252410889,7.631871700286865,1,False
1784696176.0791898,control2,76590b4826,MOSEK,soc,False,True,sparsity_aware,3,noiseless,COBYLA,200,42,1,236,1,10,16,6,-0.7137722571064405,-0.6061153460784318,0.005094407540139734,200,182.9947843695478,0.5613353252410889,1.8612570762634277,2,False
1784696181.4011142,control2,76590b4826,MOSEK,soc,False,True,sparsity_aware,3,noiseless,COBYLA,200,42,1,237,0,20,32,12,-0.01433720364458719,-0.0067870244938608,0.056499927408482836,200,182.79178804198264,0.3010585308074951,5.004854440689087,3,False
1784696183.6633248,control2,76590b4826,MOSEK,soc,False,True,sparsity_aware,3,noiseless,COBYLA,200,42,1,237,1,10,16,6,-0.784903322758506,-0.41716748915438107,0.03787594757253254,200,182.79178804198264,0.3010585308074951,2.2531092166900635,1,False
1784696192.3247032,control2,76590b4826,MOSEK,soc,False,True,sparsity_aware,3,noiseless,COBYLA,200,42,1,238,0,20,32,12,-0.015059504758085308,-0.004729132722445698,0.051800586639702086,200,182.3556679700021,0.5208001136779785,8.119025707244873,3,False
1784696194.5130486,control2,76590b4826,MOSEK,soc,False,True,sparsity_aware,3,noiseless,COBYLA,200,42,1,238,1,10,16,6,-0.6597139660308774,-0.3219210689554846,0.06205297036760853,200,182.3556679700021,0.5208001136779785,2.177924871444702,1,False
1784696199.7025344,control2,76590b4826,MOSEK,soc,False,True,sparsity_aware,3,noiseless,COBYLA,200,42,1,239,0,20,32,12,-0.016015764999958236,-0.003281673676323453,0.03591240195590993,200,182.0598270626848,0.31825733184814453,4.855376243591309,1,False
1784696201.5534399,control2,76590b4826,MOSEK,soc,False,True,sparsity_aware,3,noiseless,COBYLA,200,42,1,239,1,10,16,6,-0.5681200400877716,-0.1924442102149846,0.13323476317964258,200,182.0598270626848,0.31825733184814453,1.8441240787506104,1,False
1784696209.2932394,control2,76590b4826,MOSEK,soc,False,True,sparsity_aware,3,noiseless,COBYLA,200,42,1,240,0,20,32,12,-0.017597586837689184,-0.00319069281364294,0.012257316427401813,200,181.40280929679642,0.35018467903137207,7.368462800979614,2,False
1784696212.6276038,control2,76590b4826,MOSEK,soc,False,True,sparsity_aware,3,noiseless,COBYLA,200,42,1,240,1,10,16,6,-1.0843323307028163,-0.4268285052524098,0.13869355037589237,200,181.40280929679642,0.35018467903137207,3.3229315280914307,1,False
1784696218.1129763,control2,76590b4826,MOSEK,soc,False,True,sparsity_aware,3,noiseless,COBYLA,200,42,1,241,0,20,32,12,-0.016063519399368655,-0.003987616000401989,0.011423436550567814,200,181.05740527798372,0.5064823627471924,4.960475444793701,2,False
1784696220.129825,control2,76590b4826,MOSEK,soc,False,True,sparsity_aware,3,noiseless,COBYLA,200,42,1,241,1,10,16,6,-1.4078106314708045,-0.8182030651612369,0.006252910825200224,200,181.05740527798372,0.5064823627471924,2.0094780921936035,5,False
1784696225.5814323,control2,76590b4826,MOSEK,soc,False,True,sparsity_aware,3,noiseless,COBYLA,200,42,1,242,0,20,32,12,-0.015393359332141943,-0.0018212702112474172,0.04571583488414096,200,180.89326036335146,0.3358125686645508,5.099544525146484,1,False
1784696228.7908762,control2,76590b4826,MOSEK,soc,False,True,sparsity_aware,3,noiseless,COBYLA,200,42,1,242,1,10,16,6,-0.6551786213924973,-0.5486813667779792,0.00965486655332709,200,180.89326036335146,0.3358125686645508,3.2014617919921875,5,False
1784696237.550377,control2,76590b4826,MOSEK,soc,False,True,sparsity_aware,3,noiseless,COBYLA,200,42,1,243,0,20,32,12,-0.017350781981286773,-0.002108999265294791,0.05006580111892241,200,180.66235343367043,0.529308557510376,8.207012414932251,1,False
1784696239.8748944,control2,76590b4826,MOSEK,soc,False,True,sparsity_aware,3,noiseless,COBYLA,200,42,1,243,1,10,16,6,-0.6121100967337755,-0.28440870306546095,0.0301087350233494,200,180.66235343367043,0.529308557510376,2.3138797283172607,1,False
1784696245.027034,control2,76590b4826,MOSEK,soc,False,True,sparsity_aware,3,noiseless,COBYLA,200,42,1,244,0,20,32,12,-0.01903272737307774,-0.006757760010892597,0.07049589501566293,200,180.6131597992378,0.3334503173828125,4.802002668380737,3,False
1784696246.869007,control2,76590b4826,MOSEK,soc,False,True,sparsity_aware,3,noiseless,COBYLA,200,42,1,244,1,10,16,6,-0.5708689539881847,-0.1753283567283263,0.15668179266613963,200,180.6131597992378,0.3334503173828125,1.8358447551727295,1,False
1784696254.5287912,control2,76590b4826,MOSEK,soc,False,True,sparsity_aware,3,noiseless,COBYLA,200,42,1,245,0,20,32,12,-0.01096252801180512,-0.004504108991068962,0.04133717373901751,200,180.41032682294644,0.33364272117614746,7.3045654296875,1,False
1784696257.8646657,control2,76590b4826,MOSEK,soc,False,True,sparsity_aware,3,noiseless,COBYLA,200,42,1,245,1,10,16,6,-0.9017699672910331,-0.20278147631998578,0.36432444876859515,200,180.41032682294644,0.33364272117614746,3.3244426250457764,2,False
1784696264.0842476,control2,76590b4826,MOSEK,soc,False,True,sparsity_aware,3,noiseless,COBYLA,200,42,1,246,0,20,32,12,-0.01091460554223009,-0.005908788899003185,0.030743478504055496,200,180.3555873423406,0.5480358600616455,5.651855230331421,4,False
1784696265.9259608,control2,76590b4826,MOSEK,soc,False,True,sparsity_aware,3,noiseless,COBYLA,200,42,1,246,1,10,16,6,-0.4814229831422131,-0.0746075303932302,0.40524129978560364,200,180.3555873423406,0.5480358600616455,1.8350269794464111,1,False
1784696271.1403148,control2,76590b4826,MOSEK,soc,False,True,sparsity_aware,3,noiseless,COBYLA,200,42,1,247,0,20,32,12,-0.014637855783134786,-0.00405180187805624,0.022911595682137027,200,180.14339691952875,0.35256218910217285,4.842894554138184,1,False
1784696273.5020435,control2,76590b4826,MOSEK,soc,False,True,sparsity_aware,3,noiseless,COBYLA,200,42,1,247,1,10,16,6,-0.37629401067965257,-0.03530317160656249,0.40111706757222954,200,180.14339691952875,0.35256218910217285,2.352865695953369,1,False
1784696282.6439068,control2,76590b4826,MOSEK,soc,False,True,sparsity_aware,3,noiseless,COBYLA,200,42,1,248,0,20,32,12,-0.014933535133232527,-0.004049274031544438,0.01698744731802909,200,180.10764974547962,0.5873193740844727,8.516440868377686,1,False
1784696284.7014596,control2,76590b4826,MOSEK,soc,False,True,sparsity_aware,3,noiseless,COBYLA,200,42,1,248,1,10,16,6,-0.379108255037379,-0.061880608079063815,0.3523998323731999,200,180.10764974547962,0.5873193740844727,2.048461437225342,1,False
1784696289.8061166,control2,76590b4826,MOSEK,soc,False,True,sparsity_aware,3,noiseless,COBYLA,200,42,1,249,0,20,32,12,-0.019368346195515244,-0.0021137560395403585,0.03901414053020353,200,179.28677132065576,0.32927536964416504,4.758239984512329,1,False
1784696291.7246456,control2,76590b4826,MOSEK,soc,False,True,sparsity_aware,3,noiseless,COBYLA,200,42,1,249,1,10,16,6,-0.5927933730184042,-0.11816156018194834,0.3180482443671114,200,179.28677132065576,0.32927536964416504,1.9119162559509277,1,False
1784696297.982569,control2,76590b4826,MOSEK,soc,False,True,sparsity_aware,3,noiseless,COBYLA,200,42,1,250,0,20,32,12,-0.018897676667926543,-0.0013041324715729044,0.08340766005860606,200,178.99172555869976,0.36955976486206055,5.865369558334351,1,False
1784696301.376719,control2,76590b4826,MOSEK,soc,False,True,sparsity_aware,3,noiseless,COBYLA,200,42,1,250,1,10,16,6,-0.6876399770868228,-0.04604129030299964,0.3332173587090569,200,178.99172555869976,0.36955976486206055,3.384603500366211,1,False
