timestamp,instance,config_hash,solver,valid_cut_type,add_soc_cuts,random_seed,iteration,block_id,n_original,true_min_eigenvalue,master_objective,master_solve_time,separation_time,num_cuts_added_this_iter,is_psd
1784693286.6080663,control2,af30b4e650,MOSEK,linear,False,42,1,0,20,-0.2869690552622446,757.6402167843121,0.057050228118896484,0.0028543472290039062,8,False
1784693286.6128874,control2,af30b4e650,MOSEK,linear,False,42,1,1,10,-22.456413858199877,757.6402167843121,0.057050228118896484,0.0,2,False
1784693286.6745055,control2,af30b4e650,MOSEK,linear,False,42,2,0,20,-0.3347006531530717,599.3780650566353,0.053619384765625,0.0,8,False
1784693286.6795025,control2,af30b4e650,MOSEK,linear,False,42,2,1,10,-36.536500634871366,599.3780650566353,0.053619384765625,0.0,3,False
1784693286.7479014,control2,af30b4e650,MOSEK,linear,False,42,3,0,20,-0.2861174688081677,510.6015638712072,0.058434247970581055,0.0010061264038085938,10,False
1784693286.7573965,control2,af30b4e650,MOSEK,linear,False,42,3,1,10,-34.50412982169062,510.6015638712072,0.058434247970581055,0.0005130767822265625,3,False
1784693286.831371,control2,af30b4e650,MOSEK,linear,False,42,4,0,20,-0.23951401507511205,462.3302882466494,0.06031942367553711,0.0013897418975830078,9,False
1784693286.8349073,control2,af30b4e650,MOSEK,linear,False,42,4,1,10,-44.52409857182243,462.3302882466494,0.06031942367553711,0.0009989738464355469,3,False
1784693286.8961985,control2,af30b4e650,MOSEK,linear,False,42,5,0,20,-0.2603758693733747,434.7331847049413,0.054285526275634766,0.0009949207305908203,9,False
1784693286.900189,control2,af30b4e650,MOSEK,linear,False,42,5,1,10,-35.23640878153726,434.7331847049413,0.054285526275634766,0.0012710094451904297,3,False
1784693286.9634783,control2,af30b4e650,MOSEK,linear,False,42,6,0,20,-0.17071921266143186,411.35040225117945,0.05448269844055176,0.0,10,False
1784693286.9710014,control2,af30b4e650,MOSEK,linear,False,42,6,1,10,-24.881336555640686,411.35040225117945,0.05448269844055176,0.0,3,False
1784693287.0419536,control2,af30b4e650,MOSEK,linear,False,42,7,0,20,-0.20126233167245616,397.7941946498346,0.06294083595275879,0.0009794235229492188,8,False
1784693287.0480177,control2,af30b4e650,MOSEK,linear,False,42,7,1,10,-22.419422044382202,397.7941946498346,0.06294083595275879,0.0,4,False
1784693287.131558,control2,af30b4e650,MOSEK,linear,False,42,8,0,20,-0.13018994414819474,388.46145787977554,0.0746757984161377,0.0,9,False
1784693287.1367035,control2,af30b4e650,MOSEK,linear,False,42,8,1,10,-12.995654370934401,388.46145787977554,0.0746757984161377,0.0,3,False
1784693287.2322295,control2,af30b4e650,MOSEK,linear,False,42,9,0,20,-0.16064278670198023,380.9830799150801,0.08650612831115723,0.0009953975677490234,10,False
1784693287.2393262,control2,af30b4e650,MOSEK,linear,False,42,9,1,10,-14.726956904975067,380.9830799150801,0.08650612831115723,0.0010030269622802734,4,False
1784693287.3305693,control2,af30b4e650,MOSEK,linear,False,42,10,0,20,-0.17002609577944286,375.612998105803,0.08127284049987793,0.001983642578125,10,False
1784693287.3389447,control2,af30b4e650,MOSEK,linear,False,42,10,1,10,-11.693607329748495,375.612998105803,0.08127284049987793,0.0,3,False
1784693287.4382582,control2,af30b4e650,MOSEK,linear,False,42,11,0,20,-0.1347710963498392,368.9777138543412,0.08963489532470703,0.00113677978515625,10,False
1784693287.4442613,control2,af30b4e650,MOSEK,linear,False,42,11,1,10,-17.48381298110714,368.9777138543412,0.08963489532470703,0.0,4,False
1784693287.5518692,control2,af30b4e650,MOSEK,linear,False,42,12,0,20,-0.15578895646664476,363.1160478767921,0.09971022605895996,0.0,9,False
1784693287.5609229,control2,af30b4e650,MOSEK,linear,False,42,12,1,10,-10.882212549246217,363.1160478767921,0.09971022605895996,0.0005142688751220703,3,False
1784693287.7065334,control2,af30b4e650,MOSEK,linear,False,42,13,0,20,-0.1496332306237416,358.16071675321416,0.13361907005310059,0.0010006427764892578,9,False
1784693287.7145607,control2,af30b4e650,MOSEK,linear,False,42,13,1,10,-11.633859020451855,358.16071675321416,0.13361907005310059,0.0005130767822265625,3,False
1784693287.8125737,control2,af30b4e650,MOSEK,linear,False,42,14,0,20,-0.11351882858088438,352.61637271594293,0.08919095993041992,0.0,9,False
1784693287.8159811,control2,af30b4e650,MOSEK,linear,False,42,14,1,10,-6.158682352759701,352.61637271594293,0.08919095993041992,0.0,3,False
1784693287.9526956,control2,af30b4e650,MOSEK,linear,False,42,15,0,20,-0.08443598403309478,348.90048666381597,0.12554264068603516,0.0,10,False
1784693287.9581196,control2,af30b4e650,MOSEK,linear,False,42,15,1,10,-7.209612492219743,348.90048666381597,0.12554264068603516,0.0010037422180175781,4,False
1784693288.0797405,control2,af30b4e650,MOSEK,linear,False,42,16,0,20,-0.09285893759173029,342.8347065832978,0.11093306541442871,0.00106048583984375,9,False
1784693288.085589,control2,af30b4e650,MOSEK,linear,False,42,16,1,10,-6.711544765954076,342.8347065832978,0.11093306541442871,0.0,3,False
1784693288.1928346,control2,af30b4e650,MOSEK,linear,False,42,17,0,20,-0.113873337108888,338.47368433037775,0.1012120246887207,0.0010313987731933594,9,False
1784693288.1988933,control2,af30b4e650,MOSEK,linear,False,42,17,1,10,-7.356892666763898,338.47368433037775,0.1012120246887207,0.0,3,False
1784693288.3204284,control2,af30b4e650,MOSEK,linear,False,42,18,0,20,-0.09013764599856593,334.2978067895988,0.11348652839660645,0.0010943412780761719,9,False
1784693288.326428,control2,af30b4e650,MOSEK,linear,False,42,18,1,10,-5.69819314434737,334.2978067895988,0.11348652839660645,0.0,3,False
1784693288.4536126,control2,af30b4e650,MOSEK,linear,False,42,19,0,20,-0.09417331397586412,329.9281012333048,0.11116385459899902,0.0009980201721191406,10,False
1784693288.458153,control2,af30b4e650,MOSEK,linear,False,42,19,1,10,-5.18705224160779,329.9281012333048,0.11116385459899902,0.0,3,False
1784693288.587832,control2,af30b4e650,MOSEK,linear,False,42,20,0,20,-0.10151596906924613,324.51331222592444,0.1230161190032959,0.0010445117950439453,9,False
1784693288.593273,control2,af30b4e650,MOSEK,linear,False,42,20,1,10,-4.585795780198187,324.51331222592444,0.1230161190032959,0.0,3,False
1784693288.7175047,control2,af30b4e650,MOSEK,linear,False,42,21,0,20,-0.09280015369107167,319.4949083419874,0.11714005470275879,0.0,9,False
1784693288.7225502,control2,af30b4e650,MOSEK,linear,False,42,21,1,10,-6.106676467970921,319.4949083419874,0.11714005470275879,0.0,3,False
1784693288.8541446,control2,af30b4e650,MOSEK,linear,False,42,22,0,20,-0.07017246772611622,317.20744081985447,0.12337374687194824,0.0,8,False
1784693288.8617294,control2,af30b4e650,MOSEK,linear,False,42,22,1,10,-5.2986577326434245,317.20744081985447,0.12337374687194824,0.0,4,False
1784693288.997336,control2,af30b4e650,MOSEK,linear,False,42,23,0,20,-0.06929025414187645,311.9366019283051,0.12706613540649414,0.0,9,False
1784693289.0036464,control2,af30b4e650,MOSEK,linear,False,42,23,1,10,-5.011511269660739,311.9366019283051,0.12706613540649414,0.0012328624725341797,3,False
1784693289.1564019,control2,af30b4e650,MOSEK,linear,False,42,24,0,20,-0.08148458306942905,307.7212070513936,0.14364385604858398,0.0,9,False
1784693289.1610065,control2,af30b4e650,MOSEK,linear,False,42,24,1,10,-5.099770948932229,307.7212070513936,0.14364385604858398,0.0010178089141845703,4,False
1784693289.3235931,control2,af30b4e650,MOSEK,linear,False,42,25,0,20,-0.05847417336206041,303.93881569034033,0.15137529373168945,0.0,10,False
1784693289.3305278,control2,af30b4e650,MOSEK,linear,False,42,25,1,10,-4.582912129240737,303.93881569034033,0.15137529373168945,0.0,3,False
1784693289.4971883,control2,af30b4e650,MOSEK,linear,False,42,26,0,20,-0.05993531844004742,298.86648926211546,0.15562891960144043,0.0,10,False
1784693289.5031865,control2,af30b4e650,MOSEK,linear,False,42,26,1,10,-4.258515540880914,298.86648926211546,0.15562891960144043,0.0,3,False
1784693289.6565225,control2,af30b4e650,MOSEK,linear,False,42,27,0,20,-0.05692063396577161,295.41371299557767,0.14225125312805176,0.0006482601165771484,10,False
1784693289.662088,control2,af30b4e650,MOSEK,linear,False,42,27,1,10,-2.674428966177671,295.41371299557767,0.14225125312805176,0.0,3,False
1784693289.8339224,control2,af30b4e650,MOSEK,linear,False,42,28,0,20,-0.05209296365649929,291.92777427848887,0.1620502471923828,0.0,10,False
1784693289.8381295,control2,af30b4e650,MOSEK,linear,False,42,28,1,10,-3.0274286481749577,291.92777427848887,0.1620502471923828,0.0,3,False
1784693290.0213203,control2,af30b4e650,MOSEK,linear,False,42,29,0,20,-0.06913094696850687,289.5990886449551,0.1752331256866455,0.0,9,False
1784693290.030488,control2,af30b4e650,MOSEK,linear,False,42,29,1,10,-2.388638794187407,289.5990886449551,0.1752331256866455,0.0014574527740478516,3,False
1784693290.2236109,control2,af30b4e650,MOSEK,linear,False,42,30,0,20,-0.05668733389050686,286.1117093363642,0.18417978286743164,0.000946044921875,9,False
1784693290.2296886,control2,af30b4e650,MOSEK,linear,False,42,30,1,10,-5.767065950696512,286.1117093363642,0.18417978286743164,0.0010018348693847656,3,False
1784693290.4717417,control2,af30b4e650,MOSEK,linear,False,42,31,0,20,-0.05108777675684058,282.3256934672987,0.2292940616607666,0.0015170574188232422,9,False
1784693290.4821913,control2,af30b4e650,MOSEK,linear,False,42,31,1,10,-3.1640957555571863,282.3256934672987,0.2292940616607666,0.0013232231140136719,3,False
1784693290.7189853,control2,af30b4e650,MOSEK,linear,False,42,32,0,20,-0.0571924646366346,279.87040422387065,0.22479820251464844,0.0009982585906982422,9,False
1784693290.727201,control2,af30b4e650,MOSEK,linear,False,42,32,1,10,-5.147554842673281,279.87040422387065,0.22479820251464844,0.001997232437133789,4,False
1784693290.93755,control2,af30b4e650,MOSEK,linear,False,42,33,0,20,-0.045603584457806615,277.67954943184975,0.20148277282714844,0.0010023117065429688,9,False
1784693290.9450808,control2,af30b4e650,MOSEK,linear,False,42,33,1,10,-3.511954388985446,277.67954943184975,0.20148277282714844,0.0010578632354736328,4,False
1784693291.14898,control2,af30b4e650,MOSEK,linear,False,42,34,0,20,-0.04459772100489924,274.52050508539116,0.19384980201721191,0.0,9,False
1784693291.1584332,control2,af30b4e650,MOSEK,linear,False,42,34,1,10,-2.880409527228983,274.52050508539116,0.19384980201721191,0.0005555152893066406,3,False
1784693291.3698735,control2,af30b4e650,MOSEK,linear,False,42,35,0,20,-0.04248254336920822,272.1747249993107,0.20096349716186523,0.0009942054748535156,9,False
1784693291.3767343,control2,af30b4e650,MOSEK,linear,False,42,35,1,10,-3.068882423973054,272.1747249993107,0.20096349716186523,0.0,4,False
1784693291.6384592,control2,af30b4e650,MOSEK,linear,False,42,36,0,20,-0.046201786720012204,269.4239985607125,0.2451786994934082,0.0010056495666503906,10,False
1784693291.6434708,control2,af30b4e650,MOSEK,linear,False,42,36,1,10,-2.1235539355687765,269.4239985607125,0.2451786994934082,0.0010061264038085938,3,False
1784693291.9141243,control2,af30b4e650,MOSEK,linear,False,42,37,0,20,-0.03941684743081656,267.3543418280834,0.26111268997192383,0.0010144710540771484,9,False
1784693291.924412,control2,af30b4e650,MOSEK,linear,False,42,37,1,10,-3.137551787866537,267.3543418280834,0.26111268997192383,0.0010023117065429688,4,False
1784693292.1720407,control2,af30b4e650,MOSEK,linear,False,42,38,0,20,-0.03814049076831301,264.85406869416454,0.23504137992858887,0.00045490264892578125,9,False
1784693292.1759176,control2,af30b4e650,MOSEK,linear,False,42,38,1,10,-1.8085128170923046,264.85406869416454,0.23504137992858887,0.0,4,False
1784693292.4085934,control2,af30b4e650,MOSEK,linear,False,42,39,0,20,-0.04121172967850241,261.6217822060265,0.22496914863586426,0.0005934238433837891,11,False
1784693292.4136343,control2,af30b4e650,MOSEK,linear,False,42,39,1,10,-5.049249331862783,261.6217822060265,0.22496914863586426,0.0,4,False
1784693292.6317883,control2,af30b4e650,MOSEK,linear,False,42,40,0,20,-0.04725171090062921,259.0155002635409,0.2093653678894043,0.001003265380859375,9,False
1784693292.636796,control2,af30b4e650,MOSEK,linear,False,42,40,1,10,-2.9795818342893887,259.0155002635409,0.2093653678894043,0.0,3,False
1784693292.8520722,control2,af30b4e650,MOSEK,linear,False,42,41,0,20,-0.03986258522810112,255.30860230722834,0.20265960693359375,0.0009810924530029297,9,False
1784693292.8623245,control2,af30b4e650,MOSEK,linear,False,42,41,1,10,-3.361811386753567,255.30860230722834,0.20265960693359375,0.0009965896606445312,4,False
1784693293.0829694,control2,af30b4e650,MOSEK,linear,False,42,42,0,20,-0.04577733875423165,253.0338264815474,0.20911002159118652,0.001020669937133789,9,False
1784693293.091404,control2,af30b4e650,MOSEK,linear,False,42,42,1,10,-3.0094569097678625,253.0338264815474,0.20911002159118652,0.001001596450805664,3,False
1784693293.3096755,control2,af30b4e650,MOSEK,linear,False,42,43,0,20,-0.039096588645577114,249.7474907376103,0.21076679229736328,0.0,10,False
1784693293.3161874,control2,af30b4e650,MOSEK,linear,False,42,43,1,10,-2.6448633261089243,249.7474907376103,0.21076679229736328,0.0006356239318847656,3,False
1784693293.5349321,control2,af30b4e650,MOSEK,linear,False,42,44,0,20,-0.03395850975592635,248.47196988379028,0.20722413063049316,0.001987457275390625,9,False
1784693293.5387714,control2,af30b4e650,MOSEK,linear,False,42,44,1,10,-2.399514260523545,248.47196988379028,0.20722413063049316,0.0,3,False
1784693293.7424798,control2,af30b4e650,MOSEK,linear,False,42,45,0,20,-0.03670395739169328,246.68840561722493,0.19593358039855957,0.0,9,False
1784693293.7463598,control2,af30b4e650,MOSEK,linear,False,42,45,1,10,-2.8207507456899092,246.68840561722493,0.19593358039855957,0.0008215904235839844,3,False
1784693293.9923182,control2,af30b4e650,MOSEK,linear,False,42,46,0,20,-0.028842109664764127,245.61697641652904,0.23281574249267578,0.0,9,False
1784693294.000524,control2,af30b4e650,MOSEK,linear,False,42,46,1,10,-2.7405043917656315,245.61697641652904,0.23281574249267578,0.0014848709106445312,4,False
1784693294.2108123,control2,af30b4e650,MOSEK,linear,False,42,47,0,20,-0.03182081662894506,243.31149416193028,0.20276331901550293,0.0009953975677490234,9,False
1784693294.218717,control2,af30b4e650,MOSEK,linear,False,42,47,1,10,-1.7872450580638808,243.31149416193028,0.20276331901550293,0.0010042190551757812,3,False
1784693294.465822,control2,af30b4e650,MOSEK,linear,False,42,48,0,20,-0.02766072799635428,241.870243776272,0.23207330703735352,0.0010409355163574219,10,False
1784693294.4717965,control2,af30b4e650,MOSEK,linear,False,42,48,1,10,-1.7170097112169302,241.870243776272,0.23207330703735352,0.0,4,False
1784693294.7144601,control2,af30b4e650,MOSEK,linear,False,42,49,0,20,-0.03511513294759953,240.09566802801004,0.2340073585510254,0.0,9,False
1784693294.7227688,control2,af30b4e650,MOSEK,linear,False,42,49,1,10,-2.0045740818603957,240.09566802801004,0.2340073585510254,0.0014719963073730469,3,False
1784693294.9713135,control2,af30b4e650,MOSEK,linear,False,42,50,0,20,-0.03124572555533649,238.40854798070018,0.24014735221862793,0.0,9,False
1784693294.9763663,control2,af30b4e650,MOSEK,linear,False,42,50,1,10,-1.3655758325790877,238.40854798070018,0.24014735221862793,0.0,4,False
1784693295.2167032,control2,af30b4e650,MOSEK,linear,False,42,51,0,20,-0.026606665409536632,237.1018312664127,0.2301025390625,0.0,10,False
1784693295.2213316,control2,af30b4e650,MOSEK,linear,False,42,51,1,10,-1.1740317415149346,237.1018312664127,0.2301025390625,0.0010006427764892578,3,False
1784693295.4764404,control2,af30b4e650,MOSEK,linear,False,42,52,0,20,-0.02663635773968601,235.7971200009572,0.24413251876831055,0.001003265380859375,9,False
1784693295.4829552,control2,af30b4e650,MOSEK,linear,False,42,52,1,10,-1.072420044490782,235.7971200009572,0.24413251876831055,0.0010128021240234375,4,False
1784693295.7255132,control2,af30b4e650,MOSEK,linear,False,42,53,0,20,-0.027260288003549137,233.61985445201864,0.2265613079071045,0.0010037422180175781,9,False
1784693295.7303174,control2,af30b4e650,MOSEK,linear,False,42,53,1,10,-0.8995048590953637,233.61985445201864,0.2265613079071045,0.0,3,False
1784693296.0142775,control2,af30b4e650,MOSEK,linear,False,42,54,0,20,-0.0252217785145011,232.0029323239189,0.2745022773742676,0.0,8,False
1784693296.0200589,control2,af30b4e650,MOSEK,linear,False,42,54,1,10,-1.7587649207596234,232.0029323239189,0.2745022773742676,0.0010144710540771484,3,False
1784693296.2867177,control2,af30b4e650,MOSEK,linear,False,42,55,0,20,-0.0162399738795087,230.43603952012208,0.25757765769958496,0.0,9,False
1784693296.2927139,control2,af30b4e650,MOSEK,linear,False,42,55,1,10,-1.2677562611311222,230.43603952012208,0.25757765769958496,0.0,4,False
1784693296.5453036,control2,af30b4e650,MOSEK,linear,False,42,56,0,20,-0.023108321129689868,229.49729922054655,0.24333548545837402,0.0005106925964355469,9,False
1784693296.5483088,control2,af30b4e650,MOSEK,linear,False,42,56,1,10,-0.7198081886806972,229.49729922054655,0.24333548545837402,0.0,4,False
1784693296.7948947,control2,af30b4e650,MOSEK,linear,False,42,57,0,20,-0.020764212674987275,228.44867591494082,0.2275240421295166,0.0010223388671875,8,False
1784693296.8011427,control2,af30b4e650,MOSEK,linear,False,42,57,1,10,-0.9845544580554955,228.44867591494082,0.2275240421295166,0.0009992122650146484,4,False
1784693297.121816,control2,af30b4e650,MOSEK,linear,False,42,58,0,20,-0.02321488655553953,227.48533675056757,0.3103353977203369,0.0006079673767089844,8,False
1784693297.125592,control2,af30b4e650,MOSEK,linear,False,42,58,1,10,-0.6057697948219827,227.48533675056757,0.3103353977203369,0.0005133152008056641,3,False
1784693297.4168882,control2,af30b4e650,MOSEK,linear,False,42,59,0,20,-0.030013810555122127,226.8360368510552,0.2798888683319092,0.0005552768707275391,9,False
1784693297.4209795,control2,af30b4e650,MOSEK,linear,False,42,59,1,10,-1.2151280118372976,226.8360368510552,0.2798888683319092,0.0,3,False
1784693297.721275,control2,af30b4e650,MOSEK,linear,False,42,60,0,20,-0.016476310398103433,226.02325893970882,0.2892582416534424,0.0010013580322265625,8,False
1784693297.7261224,control2,af30b4e650,MOSEK,linear,False,42,60,1,10,-0.680498592138524,226.02325893970882,0.2892582416534424,0.0,3,False
1784693298.056516,control2,af30b4e650,MOSEK,linear,False,42,61,0,20,-0.027048134468479566,225.48936099922938,0.31325745582580566,0.0012292861938476562,8,False
1784693298.061755,control2,af30b4e650,MOSEK,linear,False,42,61,1,10,-0.9636038804662265,225.48936099922938,0.31325745582580566,0.0010924339294433594,4,False
1784693298.4065137,control2,af30b4e650,MOSEK,linear,False,42,62,0,20,-0.020431149087062856,224.62560369055734,0.3317749500274658,0.0011115074157714844,8,False
1784693298.414256,control2,af30b4e650,MOSEK,linear,False,42,62,1,10,-1.0808626600286022,224.62560369055734,0.3317749500274658,0.001010894775390625,4,False
1784693298.7357275,control2,af30b4e650,MOSEK,linear,False,42,63,0,20,-0.02473534366161869,223.25081363519132,0.30999183654785156,0.0,9,False
1784693298.7433486,control2,af30b4e650,MOSEK,linear,False,42,63,1,10,-1.7129288077996094,223.25081363519132,0.30999183654785156,0.0,3,False
1784693299.1063778,control2,af30b4e650,MOSEK,linear,False,42,64,0,20,-0.019417232771154733,222.57394725233496,0.35349178314208984,0.0,9,False
1784693299.1150005,control2,af30b4e650,MOSEK,linear,False,42,64,1,10,-0.9695464421284681,222.57394725233496,0.35349178314208984,0.0014004707336425781,3,False
1784693299.435054,control2,af30b4e650,MOSEK,linear,False,42,65,0,20,-0.017750320797745838,222.19098776559946,0.3046562671661377,0.0012493133544921875,9,False
1784693299.440831,control2,af30b4e650,MOSEK,linear,False,42,65,1,10,-0.7871333526115241,222.19098776559946,0.3046562671661377,0.0012447834014892578,4,False
1784693299.794977,control2,af30b4e650,MOSEK,linear,False,42,66,0,20,-0.02125213995517499,221.7015781778157,0.33733201026916504,0.001310586929321289,8,False
1784693299.8010232,control2,af30b4e650,MOSEK,linear,False,42,66,1,10,-0.678902689286051,221.7015781778157,0.33733201026916504,0.0010151863098144531,3,False
1784693300.1745224,control2,af30b4e650,MOSEK,linear,False,42,67,0,20,-0.021596305565303186,221.25226305490796,0.35604095458984375,0.0002105236053466797,9,False
1784693300.188022,control2,af30b4e650,MOSEK,linear,False,42,67,1,10,-1.0035259430726249,221.25226305490796,0.35604095458984375,0.0011060237884521484,3,False
1784693300.6395369,control2,af30b4e650,MOSEK,linear,False,42,68,0,20,-0.020834405701713087,220.5726040257671,0.4365813732147217,0.0,9,False
1784693300.6470418,control2,af30b4e650,MOSEK,linear,False,42,68,1,10,-1.5917450397469146,220.5726040257671,0.4365813732147217,0.0010685920715332031,3,False
1784693301.1742132,control2,af30b4e650,MOSEK,linear,False,42,69,0,20,-0.024504349037591456,219.55679603015778,0.5109679698944092,0.0,9,False
1784693301.1804385,control2,af30b4e650,MOSEK,linear,False,42,69,1,10,-1.9261147416342295,219.55679603015778,0.5109679698944092,0.0012156963348388672,3,False
1784693301.6649227,control2,af30b4e650,MOSEK,linear,False,42,70,0,20,-0.018206061429499577,218.4913774551056,0.4658973217010498,8.678436279296875e-05,9,False
1784693301.6693423,control2,af30b4e650,MOSEK,linear,False,42,70,1,10,-0.5658239218148211,218.4913774551056,0.4658973217010498,0.0,4,False
1784693302.0737374,control2,af30b4e650,MOSEK,linear,False,42,71,0,20,-0.016619167971820413,217.78607068535368,0.39154791831970215,0.0005247592926025391,9,False
1784693302.0853674,control2,af30b4e650,MOSEK,linear,False,42,71,1,10,-1.0663704735795774,217.78607068535368,0.39154791831970215,0.0010998249053955078,5,False
1784693302.4661937,control2,af30b4e650,MOSEK,linear,False,42,72,0,20,-0.015399731081195602,217.18525044700817,0.3706371784210205,0.0003349781036376953,8,False
1784693302.476084,control2,af30b4e650,MOSEK,linear,False,42,72,1,10,-0.5977251018743125,217.18525044700817,0.3706371784210205,0.00012612342834472656,3,False
1784693302.9446568,control2,af30b4e650,MOSEK,linear,False,42,73,0,20,-0.01760763778510896,216.76906994835858,0.4501814842224121,0.0013816356658935547,9,False
1784693302.9509044,control2,af30b4e650,MOSEK,linear,False,42,73,1,10,-0.6174062296748297,216.76906994835858,0.4501814842224121,0.0,4,False
1784693303.33286,control2,af30b4e650,MOSEK,linear,False,42,74,0,20,-0.023069876364712444,215.41005257004412,0.3705883026123047,0.0,9,False
1784693303.3401952,control2,af30b4e650,MOSEK,linear,False,42,74,1,10,-0.7932948585974022,215.41005257004412,0.3705883026123047,0.0,4,False
1784693303.711553,control2,af30b4e650,MOSEK,linear,False,42,75,0,20,-0.022071351561646652,214.7431812138346,0.35756683349609375,0.0010514259338378906,9,False
1784693303.7201176,control2,af30b4e650,MOSEK,linear,False,42,75,1,10,-1.1972083459527558,214.7431812138346,0.35756683349609375,0.0,4,False
1784693304.0875716,control2,af30b4e650,MOSEK,linear,False,42,76,0,20,-0.01963327752810499,214.07416540141907,0.35756564140319824,0.0,10,False
1784693304.09169,control2,af30b4e650,MOSEK,linear,False,42,76,1,10,-0.7421966938352398,214.07416540141907,0.35756564140319824,0.0,3,False
1784693304.514774,control2,af30b4e650,MOSEK,linear,False,42,77,0,20,-0.014043661958561864,213.11347411418666,0.4043424129486084,0.0,8,False
1784693304.52342,control2,af30b4e650,MOSEK,linear,False,42,77,1,10,-0.5614717107549093,213.11347411418666,0.4043424129486084,0.0010514259338378906,5,False
1784693304.9024181,control2,af30b4e650,MOSEK,linear,False,42,78,0,20,-0.012393314337519985,212.28602965584548,0.36221837997436523,0.0,9,False
1784693304.9086452,control2,af30b4e650,MOSEK,linear,False,42,78,1,10,-0.47866098224292425,212.28602965584548,0.36221837997436523,0.0010142326354980469,4,False
1784693305.3524964,control2,af30b4e650,MOSEK,linear,False,42,79,0,20,-0.012897703208857537,211.83733041404386,0.42931342124938965,0.0,8,False
1784693305.36283,control2,af30b4e650,MOSEK,linear,False,42,79,1,10,-0.39333730909106074,211.83733041404386,0.42931342124938965,0.0007054805755615234,4,False
1784693305.742957,control2,af30b4e650,MOSEK,linear,False,42,80,0,20,-0.016252713680657498,211.50283689847043,0.3714127540588379,0.0,9,False
1784693305.7463748,control2,af30b4e650,MOSEK,linear,False,42,80,1,10,-0.30258442570122296,211.50283689847043,0.3714127540588379,0.0,4,False
1784693306.183441,control2,af30b4e650,MOSEK,linear,False,42,81,0,20,-0.010817830342792874,210.95012760363176,0.4224586486816406,0.0,9,False
1784693306.194811,control2,af30b4e650,MOSEK,linear,False,42,81,1,10,-0.4537846860905171,210.95012760363176,0.4224586486816406,0.001071929931640625,4,False
1784693306.6357093,control2,af30b4e650,MOSEK,linear,False,42,82,0,20,-0.013775521115368495,210.63145155431664,0.4228787422180176,0.00019121170043945312,9,False
1784693306.6432571,control2,af30b4e650,MOSEK,linear,False,42,82,1,10,-0.39969542851674267,210.63145155431664,0.4228787422180176,0.0003807544708251953,4,False
1784693307.0791612,control2,af30b4e650,MOSEK,linear,False,42,83,0,20,-0.01422052893380819,209.93035859973358,0.41977500915527344,0.0010905265808105469,9,False
1784693307.0849833,control2,af30b4e650,MOSEK,linear,False,42,83,1,10,-0.25296510743594186,209.93035859973358,0.41977500915527344,0.0,3,False
1784693307.5302143,control2,af30b4e650,MOSEK,linear,False,42,84,0,20,-0.012604658569860362,209.3786503239295,0.4338223934173584,0.0010716915130615234,8,False
1784693307.5341427,control2,af30b4e650,MOSEK,linear,False,42,84,1,10,-0.2624845142577436,209.3786503239295,0.4338223934173584,0.001157999038696289,3,False
1784693307.9292884,control2,af30b4e650,MOSEK,linear,False,42,85,0,20,-0.015842660087715156,208.82106572927594,0.38100385665893555,0.0010099411010742188,9,False
1784693307.9373276,control2,af30b4e650,MOSEK,linear,False,42,85,1,10,-0.5228806167278539,208.82106572927594,0.38100385665893555,0.0005478858947753906,3,False
1784693308.3116312,control2,af30b4e650,MOSEK,linear,False,42,86,0,20,-0.010796325831455698,208.3279005455226,0.3607797622680664,0.0014259815216064453,9,False
1784693308.3194952,control2,af30b4e650,MOSEK,linear,False,42,86,1,10,-0.346700424176263,208.3279005455226,0.3607797622680664,0.0,4,False
1784693308.696318,control2,af30b4e650,MOSEK,linear,False,42,87,0,20,-0.01101066515947676,207.99218594734822,0.3637676239013672,0.0011165142059326172,9,False
1784693308.703125,control2,af30b4e650,MOSEK,linear,False,42,87,1,10,-0.22829667735766399,207.99218594734822,0.3637676239013672,0.0,4,False
1784693309.054938,control2,af30b4e650,MOSEK,linear,False,42,88,0,20,-0.016348243831281792,207.07658216932612,0.33971071243286133,0.0,8,False
1784693309.060037,control2,af30b4e650,MOSEK,linear,False,42,88,1,10,-0.2547164563211853,207.07658216932612,0.33971071243286133,0.0006248950958251953,4,False
1784693309.4350896,control2,af30b4e650,MOSEK,linear,False,42,89,0,20,-0.012930212384299684,206.64380183510627,0.35660791397094727,0.0011899471282958984,8,False
1784693309.440508,control2,af30b4e650,MOSEK,linear,False,42,89,1,10,-0.34947462171764043,206.64380183510627,0.35660791397094727,8.20159912109375e-05,3,False
1784693309.827276,control2,af30b4e650,MOSEK,linear,False,42,90,0,20,-0.009682964386425519,206.12547558274107,0.3724629878997803,0.0005824565887451172,10,False
1784693309.8345032,control2,af30b4e650,MOSEK,linear,False,42,90,1,10,-0.30274510683493905,206.12547558274107,0.3724629878997803,0.0010488033294677734,4,False
1784693310.1877244,control2,af30b4e650,MOSEK,linear,False,42,91,0,20,-0.010825914528640122,205.65887854215885,0.34319543838500977,0.0,9,False
1784693310.1917267,control2,af30b4e650,MOSEK,linear,False,42,91,1,10,-0.5901825603549921,205.65887854215885,0.34319543838500977,0.0,4,False
1784693310.6945076,control2,af30b4e650,MOSEK,linear,False,42,92,0,20,-0.012481755569422394,205.13441784803328,0.48435235023498535,0.0,8,False
1784693310.701072,control2,af30b4e650,MOSEK,linear,False,42,92,1,10,-0.6856094384521674,205.13441784803328,0.48435235023498535,0.0,4,False
1784693311.182304,control2,af30b4e650,MOSEK,linear,False,42,93,0,20,-0.009143396501161695,204.75897843962645,0.464008092880249,0.0010101795196533203,8,False
1784693311.1875927,control2,af30b4e650,MOSEK,linear,False,42,93,1,10,-0.20707856138667258,204.75897843962645,0.464008092880249,0.0010099411010742188,4,False
1784693311.7265449,control2,af30b4e650,MOSEK,linear,False,42,94,0,20,-0.013414107464868664,204.05342794925076,0.5112671852111816,0.0,9,False
1784693311.7327955,control2,af30b4e650,MOSEK,linear,False,42,94,1,10,-0.2992105788763403,204.05342794925076,0.5112671852111816,0.0,4,False
1784693312.2709389,control2,af30b4e650,MOSEK,linear,False,42,95,0,20,-0.01035885691385832,203.7649629498067,0.5255441665649414,0.0010573863983154297,8,False
1784693312.279258,control2,af30b4e650,MOSEK,linear,False,42,95,1,10,-0.29740810850699495,203.7649629498067,0.5255441665649414,0.001138925552368164,3,False
1784693312.7634442,control2,af30b4e650,MOSEK,linear,False,42,96,0,20,-0.009911308927622533,203.2630895798698,0.4659552574157715,0.0013916492462158203,8,False
1784693312.7712846,control2,af30b4e650,MOSEK,linear,False,42,96,1,10,-0.3470918323809008,203.2630895798698,0.4659552574157715,0.0,3,False
1784693313.2574096,control2,af30b4e650,MOSEK,linear,False,42,97,0,20,-0.009483553230753327,202.65065320579419,0.47382497787475586,0.0010738372802734375,9,False
1784693313.2637038,control2,af30b4e650,MOSEK,linear,False,42,97,1,10,-0.20985118772606715,202.65065320579419,0.47382497787475586,0.0,4,False
1784693313.6644282,control2,af30b4e650,MOSEK,linear,False,42,98,0,20,-0.0160743080964599,201.91178972281404,0.3863697052001953,0.0011143684387207031,9,False
1784693313.6702845,control2,af30b4e650,MOSEK,linear,False,42,98,1,10,-0.5658298173950668,201.91178972281404,0.3863697052001953,0.0010128021240234375,3,False
1784693314.06255,control2,af30b4e650,MOSEK,linear,False,42,99,0,20,-0.01230549344710612,200.83338316021025,0.3791234493255615,0.0,10,False
1784693314.0686953,control2,af30b4e650,MOSEK,linear,False,42,99,1,10,-0.553063663280237,200.83338316021025,0.3791234493255615,0.0002918243408203125,4,False
1784693314.4428656,control2,af30b4e650,MOSEK,linear,False,42,100,0,20,-0.011283721028340542,200.3929123681017,0.3575103282928467,0.0,9,False
1784693314.448687,control2,af30b4e650,MOSEK,linear,False,42,100,1,10,-0.2775359841110113,200.3929123681017,0.3575103282928467,0.0,4,False
1784693314.9032104,control2,af30b4e650,MOSEK,linear,False,42,101,0,20,-0.010052324744128763,199.99917405724182,0.44339847564697266,0.0017235279083251953,9,False
1784693314.9092367,control2,af30b4e650,MOSEK,linear,False,42,101,1,10,-0.3107040862890953,199.99917405724182,0.44339847564697266,0.0010638236999511719,4,False
1784693315.3240838,control2,af30b4e650,MOSEK,linear,False,42,102,0,20,-0.011302165318420411,199.7525167571684,0.3997502326965332,0.0010752677917480469,9,False
1784693315.32692,control2,af30b4e650,MOSEK,linear,False,42,102,1,10,-0.3131001228113286,199.7525167571684,0.3997502326965332,0.0,4,False
1784693315.7239249,control2,af30b4e650,MOSEK,linear,False,42,103,0,20,-0.01193011986680907,199.52772395722565,0.3830134868621826,0.0,8,False
1784693315.7279634,control2,af30b4e650,MOSEK,linear,False,42,103,1,10,-0.17033077552755718,199.52772395722565,0.3830134868621826,0.0009071826934814453,4,False
1784693316.172662,control2,af30b4e650,MOSEK,linear,False,42,104,0,20,-0.010521043428469733,199.34165606552835,0.4257674217224121,0.0,8,False
1784693316.1780124,control2,af30b4e650,MOSEK,linear,False,42,104,1,10,-0.19425639575779474,199.34165606552835,0.4257674217224121,0.00110626220703125,3,False
1784693316.6261923,control2,af30b4e650,MOSEK,linear,False,42,105,0,20,-0.009389233995976295,199.13960911641453,0.4337131977081299,0.0010881423950195312,8,False
1784693316.63141,control2,af30b4e650,MOSEK,linear,False,42,105,1,10,-0.338423600523411,199.13960911641453,0.4337131977081299,0.001062154769897461,3,False
1784693317.03881,control2,af30b4e650,MOSEK,linear,False,42,106,0,20,-0.008397763004443655,198.8691861539981,0.39623260498046875,0.0,8,False
1784693317.0424373,control2,af30b4e650,MOSEK,linear,False,42,106,1,10,-0.23056950078135718,198.8691861539981,0.39623260498046875,0.0,4,False
1784693317.4791179,control2,af30b4e650,MOSEK,linear,False,42,107,0,20,-0.012750871638751807,197.87909867467175,0.42275238037109375,0.0,9,False
1784693317.4873428,control2,af30b4e650,MOSEK,linear,False,42,107,1,10,-0.3283768078902244,197.87909867467175,0.42275238037109375,0.0005891323089599609,4,False
1784693317.916516,control2,af30b4e650,MOSEK,linear,False,42,108,0,20,-0.009969104717895243,197.14649470437888,0.41289663314819336,0.000926971435546875,8,False
1784693317.9221075,control2,af30b4e650,MOSEK,linear,False,42,108,1,10,-0.8320643060710263,197.14649470437888,0.41289663314819336,0.0,4,False
1784693318.3619707,control2,af30b4e650,MOSEK,linear,False,42,109,0,20,-0.011966310019629,196.3834257245771,0.4311637878417969,0.0,8,False
1784693318.3666148,control2,af30b4e650,MOSEK,linear,False,42,109,1,10,-0.8533219393503787,196.3834257245771,0.4311637878417969,0.0002987384796142578,4,False
1784693318.7724702,control2,af30b4e650,MOSEK,linear,False,42,110,0,20,-0.01000975901583392,195.63224625715412,0.39206600189208984,0.0007593631744384766,8,False
1784693318.779028,control2,af30b4e650,MOSEK,linear,False,42,110,1,10,-0.23317891436382582,195.63224625715412,0.39206600189208984,0.0005915164947509766,4,False
1784693319.2247138,control2,af30b4e650,MOSEK,linear,False,42,111,0,20,-0.009781874242957221,195.18621562487252,0.43275022506713867,0.0,9,False
1784693319.2306707,control2,af30b4e650,MOSEK,linear,False,42,111,1,10,-0.6275095443515323,195.18621562487252,0.43275022506713867,0.0012700557708740234,5,False
1784693319.6665168,control2,af30b4e650,MOSEK,linear,False,42,112,0,20,-0.009566877223633558,194.7268804896822,0.42273497581481934,0.0,8,False
1784693319.6761048,control2,af30b4e650,MOSEK,linear,False,42,112,1,10,-0.5426488018002606,194.7268804896822,0.42273497581481934,0.0009567737579345703,4,False
1784693320.1711242,control2,af30b4e650,MOSEK,linear,False,42,113,0,20,-0.01640654900096948,194.1702629598101,0.48080873489379883,0.0,9,False
1784693320.1810637,control2,af30b4e650,MOSEK,linear,False,42,113,1,10,-0.5084271505905017,194.1702629598101,0.48080873489379883,0.0010547637939453125,4,False
1784693320.7164917,control2,af30b4e650,MOSEK,linear,False,42,114,0,20,-0.011317674173549659,193.53449972940157,0.5180079936981201,0.0009918212890625,10,False
1784693320.7230496,control2,af30b4e650,MOSEK,linear,False,42,114,1,10,-0.7107064102568929,193.53449972940157,0.5180079936981201,0.0,5,False
1784693321.289781,control2,af30b4e650,MOSEK,linear,False,42,115,0,20,-0.011879717070703635,193.0389487848807,0.5537035465240479,0.0,8,False
1784693321.2985182,control2,af30b4e650,MOSEK,linear,False,42,115,1,10,-0.47977430926427234,193.0389487848807,0.5537035465240479,0.0011162757873535156,3,False
1784693321.855609,control2,af30b4e650,MOSEK,linear,False,42,116,0,20,-0.009252974618946107,192.69237939759384,0.542963981628418,0.0010488033294677734,8,False
1784693321.8633091,control2,af30b4e650,MOSEK,linear,False,42,116,1,10,-0.32024853063576975,192.69237939759384,0.542963981628418,0.001986980438232422,3,False
1784693322.521353,control2,af30b4e650,MOSEK,linear,False,42,117,0,20,-0.012545599894663662,192.34785839634566,0.6375393867492676,0.0009305477142333984,8,False
1784693322.527864,control2,af30b4e650,MOSEK,linear,False,42,117,1,10,-0.3699321321744437,192.34785839634566,0.6375393867492676,0.0010166168212890625,4,False
1784693323.0286415,control2,af30b4e650,MOSEK,linear,False,42,118,0,20,-0.010315074123777966,191.92074312727726,0.4817531108856201,0.0,8,False
1784693323.0318518,control2,af30b4e650,MOSEK,linear,False,42,118,1,10,-0.4033897289289404,191.92074312727726,0.4817531108856201,0.0,3,False
1784693323.5880868,control2,af30b4e650,MOSEK,linear,False,42,119,0,20,-0.00872727519038131,191.62564208742432,0.5420413017272949,0.0,8,False
1784693323.5945518,control2,af30b4e650,MOSEK,linear,False,42,119,1,10,-0.4522025832062821,191.62564208742432,0.5420413017272949,0.0,4,False
1784693324.1407297,control2,af30b4e650,MOSEK,linear,False,42,120,0,20,-0.007780021066443431,191.22499741783184,0.5356006622314453,0.0,8,False
1784693324.1468542,control2,af30b4e650,MOSEK,linear,False,42,120,1,10,-0.26779853911092655,191.22499741783184,0.5356006622314453,0.0010104179382324219,3,False
1784693324.7040389,control2,af30b4e650,MOSEK,linear,False,42,121,0,20,-0.008306970434725223,191.051771489514,0.5430827140808105,0.0,8,False
1784693324.710562,control2,af30b4e650,MOSEK,linear,False,42,121,1,10,-0.6865956777037933,191.051771489514,0.5430827140808105,0.0015091896057128906,3,False
1784693325.343909,control2,af30b4e650,MOSEK,linear,False,42,122,0,20,-0.0067677611630572315,190.9254097267671,0.6141130924224854,0.0009946823120117188,8,False
1784693325.3491056,control2,af30b4e650,MOSEK,linear,False,42,122,1,10,-0.27063951363265415,190.9254097267671,0.6141130924224854,0.0010151863098144531,3,False
1784693325.9266343,control2,af30b4e650,MOSEK,linear,False,42,123,0,20,-0.010104768381291053,190.33507302801667,0.5536081790924072,0.0005075931549072266,8,False
1784693325.9338415,control2,af30b4e650,MOSEK,linear,False,42,123,1,10,-0.7273567902069877,190.33507302801667,0.5536081790924072,0.0011529922485351562,4,False
1784693326.429189,control2,af30b4e650,MOSEK,linear,False,42,124,0,20,-0.007150143421290323,189.88752969601907,0.4756357669830322,0.0009236335754394531,8,False
1784693326.4339426,control2,af30b4e650,MOSEK,linear,False,42,124,1,10,-0.4418942263334071,189.88752969601907,0.4756357669830322,0.0010073184967041016,4,False
1784693326.9342034,control2,af30b4e650,MOSEK,linear,False,42,125,0,20,-0.009071076239866818,189.4064720941688,0.48282957077026367,0.0006499290466308594,9,False
1784693326.941903,control2,af30b4e650,MOSEK,linear,False,42,125,1,10,-0.20892586475854727,189.4064720941688,0.48282957077026367,0.0,4,False
1784693327.4642465,control2,af30b4e650,MOSEK,linear,False,42,126,0,20,-0.008303150485546352,189.2704736338916,0.508190393447876,0.0,9,False
1784693327.4701881,control2,af30b4e650,MOSEK,linear,False,42,126,1,10,-0.2574272096390387,189.2704736338916,0.508190393447876,0.0,3,False
1784693327.9952483,control2,af30b4e650,MOSEK,linear,False,42,127,0,20,-0.006626119838743836,188.91835855825792,0.5141291618347168,0.0,7,False
1784693328.0005245,control2,af30b4e650,MOSEK,linear,False,42,127,1,10,-0.2995932959912893,188.91835855825792,0.5141291618347168,0.0,4,False
1784693328.5559485,control2,af30b4e650,MOSEK,linear,False,42,128,0,20,-0.007054492972464078,188.2695737683762,0.5409624576568604,0.0,8,False
1784693328.5632076,control2,af30b4e650,MOSEK,linear,False,42,128,1,10,-0.7366072975067235,188.2695737683762,0.5409624576568604,0.0,4,False
1784693329.118128,control2,af30b4e650,MOSEK,linear,False,42,129,0,20,-0.008860034381025582,187.88805723947763,0.5441701412200928,0.0011296272277832031,8,False
1784693329.1260245,control2,af30b4e650,MOSEK,linear,False,42,129,1,10,-0.5367743658090145,187.88805723947763,0.5441701412200928,0.0015158653259277344,4,False
1784693329.7044976,control2,af30b4e650,MOSEK,linear,False,42,130,0,20,-0.011115752128753566,187.55323856294063,0.5643870830535889,0.000985860824584961,9,False
1784693329.7108471,control2,af30b4e650,MOSEK,linear,False,42,130,1,10,-0.3333194014443842,187.55323856294063,0.5643870830535889,0.0005843639373779297,3,False
1784693330.2384124,control2,af30b4e650,MOSEK,linear,False,42,131,0,20,-0.009723812681000669,185.87268471183714,0.5082900524139404,0.001007080078125,8,False
1784693330.2455323,control2,af30b4e650,MOSEK,linear,False,42,131,1,10,-0.7102010855643099,185.87268471183714,0.5082900524139404,0.0009603500366210938,3,False
1784693330.8082054,control2,af30b4e650,MOSEK,linear,False,42,132,0,20,-0.00957897894937564,185.28249100081192,0.5516295433044434,0.0,9,False
1784693330.812977,control2,af30b4e650,MOSEK,linear,False,42,132,1,10,-0.6789668872740198,185.28249100081192,0.5516295433044434,0.0009169578552246094,3,False
1784693331.4036267,control2,af30b4e650,MOSEK,linear,False,42,133,0,20,-0.00952949758301892,184.96299833806884,0.5754244327545166,0.001016855239868164,7,False
1784693331.410548,control2,af30b4e650,MOSEK,linear,False,42,133,1,10,-0.2881631381047705,184.96299833806884,0.5754244327545166,0.0005779266357421875,3,False
1784693332.0059147,control2,af30b4e650,MOSEK,linear,False,42,134,0,20,-0.009097991764666294,184.24272125307533,0.5839922428131104,0.0,9,False
1784693332.01053,control2,af30b4e650,MOSEK,linear,False,42,134,1,10,-0.4678901632289978,184.24272125307533,0.5839922428131104,0.0015461444854736328,4,False
1784693332.6707222,control2,af30b4e650,MOSEK,linear,False,42,135,0,20,-0.006420319969096725,183.78040808512105,0.6434659957885742,0.0009980201721191406,9,False
1784693332.676238,control2,af30b4e650,MOSEK,linear,False,42,135,1,10,-0.304482752918617,183.78040808512105,0.6434659957885742,0.0,3,False
1784693333.269277,control2,af30b4e650,MOSEK,linear,False,42,136,0,20,-0.00900298731239399,183.18435854377185,0.5783584117889404,0.0,9,False
1784693333.2792902,control2,af30b4e650,MOSEK,linear,False,42,136,1,10,-0.19263854660406313,183.18435854377185,0.5783584117889404,0.0010013580322265625,4,False
1784693333.8511977,control2,af30b4e650,MOSEK,linear,False,42,137,0,20,-0.006949466202973566,182.96961429135766,0.5597355365753174,0.0011582374572753906,9,False
1784693333.858175,control2,af30b4e650,MOSEK,linear,False,42,137,1,10,-0.26008160881273007,182.96961429135766,0.5597355365753174,0.0010018348693847656,4,False
1784693334.3542836,control2,af30b4e650,MOSEK,linear,False,42,138,0,20,-0.007787021859036478,182.63896202347306,0.48288512229919434,0.0,8,False
1784693334.3609748,control2,af30b4e650,MOSEK,linear,False,42,138,1,10,-0.2878550749493008,182.63896202347306,0.48288512229919434,0.000568389892578125,4,False
1784693334.8940508,control2,af30b4e650,MOSEK,linear,False,42,139,0,20,-0.008374853552300571,182.32417706521372,0.5131492614746094,0.00099945068359375,9,False
1784693334.9011827,control2,af30b4e650,MOSEK,linear,False,42,139,1,10,-0.15418600653285572,182.32417706521372,0.5131492614746094,0.0010180473327636719,3,False
1784693335.603383,control2,af30b4e650,MOSEK,linear,False,42,140,0,20,-0.010898059228422421,181.87262911832036,0.6827540397644043,0.0005426406860351562,8,False
1784693335.6094067,control2,af30b4e650,MOSEK,linear,False,42,140,1,10,-0.3914368242901749,181.87262911832036,0.6827540397644043,7.891654968261719e-05,3,False
1784693336.4297504,control2,af30b4e650,MOSEK,linear,False,42,141,0,20,-0.009364836751983076,181.67464014617008,0.7907392978668213,0.001012563705444336,8,False
1784693336.43998,control2,af30b4e650,MOSEK,linear,False,42,141,1,10,-0.23473201897973822,181.67464014617008,0.7907392978668213,0.0006139278411865234,4,False
1784693337.4059443,control2,af30b4e650,MOSEK,linear,False,42,142,0,20,-0.0069072768022207355,181.49896731391618,0.9426054954528809,0.0,9,False
1784693337.4133043,control2,af30b4e650,MOSEK,linear,False,42,142,1,10,-0.14847796766031593,181.49896731391618,0.9426054954528809,0.0005846023559570312,4,False
1784693338.370766,control2,af30b4e650,MOSEK,linear,False,42,143,0,20,-0.008239532130879917,181.27911514427478,0.9346837997436523,0.0012509822845458984,8,False
1784693338.3816793,control2,af30b4e650,MOSEK,linear,False,42,143,1,10,-0.14490147845943377,181.27911514427478,0.9346837997436523,0.0010180473327636719,4,False
1784693339.164653,control2,af30b4e650,MOSEK,linear,False,42,144,0,20,-0.005355006990629142,181.14804813742472,0.7686388492584229,0.0,9,False
1784693339.1769178,control2,af30b4e650,MOSEK,linear,False,42,144,1,10,-0.15248602879714784,181.14804813742472,0.7686388492584229,0.0010173320770263672,3,False
1784693339.9861903,control2,af30b4e650,MOSEK,linear,False,42,145,0,20,-0.006888681637550046,180.6814710546907,0.7818264961242676,0.0,8,False
1784693339.9919324,control2,af30b4e650,MOSEK,linear,False,42,145,1,10,-0.1708791087773234,180.6814710546907,0.7818264961242676,0.0012094974517822266,4,False
1784693340.7033916,control2,af30b4e650,MOSEK,linear,False,42,146,0,20,-0.007322439306772245,180.38919367256494,0.6933078765869141,0.0011663436889648438,9,False
1784693340.7085834,control2,af30b4e650,MOSEK,linear,False,42,146,1,10,-0.1735665033518041,180.38919367256494,0.6933078765869141,0.0,3,False
1784693341.518237,control2,af30b4e650,MOSEK,linear,False,42,147,0,20,-0.009878664088981937,180.166398507618,0.7871451377868652,0.0,9,False
1784693341.5247312,control2,af30b4e650,MOSEK,linear,False,42,147,1,10,-0.09838001818442633,180.166398507618,0.7871451377868652,0.0014200210571289062,4,False
1784693342.429009,control2,af30b4e650,MOSEK,linear,False,42,148,0,20,-0.006899610513238288,179.58892599214607,0.8873438835144043,0.0,8,False
1784693342.437624,control2,af30b4e650,MOSEK,linear,False,42,148,1,10,-0.14266115261500667,179.58892599214607,0.8873438835144043,0.0011241436004638672,3,False
1784693343.5083845,control2,af30b4e650,MOSEK,linear,False,42,149,0,20,-0.008456766649426236,179.2803804676162,1.0414586067199707,0.0,9,False
1784693343.512654,control2,af30b4e650,MOSEK,linear,False,42,149,1,10,-0.08674336061239374,179.2803804676162,1.0414586067199707,0.0012464523315429688,4,False
1784693344.3692784,control2,af30b4e650,MOSEK,linear,False,42,150,0,20,-0.007041002170055274,179.03656629092802,0.8422646522521973,0.0,8,False
1784693344.379291,control2,af30b4e650,MOSEK,linear,False,42,150,1,10,-0.06574041199395808,179.03656629092802,0.8422646522521973,0.0,3,False
1784693345.263481,control2,af30b4e650,MOSEK,linear,False,42,151,0,20,-0.0068482633301553695,178.83317483942113,0.86783766746521,0.0,7,False
1784693345.272485,control2,af30b4e650,MOSEK,linear,False,42,151,1,10,-0.28823276609696863,178.83317483942113,0.86783766746521,0.001073598861694336,4,False
1784693346.1143095,control2,af30b4e650,MOSEK,linear,False,42,152,0,20,-0.007524699904966218,178.59769862183515,0.820173978805542,0.0006399154663085938,8,False
1784693346.1283276,control2,af30b4e650,MOSEK,linear,False,42,152,1,10,-0.2174240096991264,178.59769862183515,0.820173978805542,0.0011086463928222656,4,False
1784693347.007323,control2,af30b4e650,MOSEK,linear,False,42,153,0,20,-0.009087985722022277,178.51008722736964,0.8603024482727051,0.0006330013275146484,9,False
1784693347.0165586,control2,af30b4e650,MOSEK,linear,False,42,153,1,10,-0.13037159238071344,178.51008722736964,0.8603024482727051,0.0005102157592773438,4,False
1784693347.9271996,control2,af30b4e650,MOSEK,linear,False,42,154,0,20,-0.007514650200699495,178.33027292954154,0.8894259929656982,0.0012917518615722656,8,False
1784693347.9331117,control2,af30b4e650,MOSEK,linear,False,42,154,1,10,-0.11206743291923016,178.33027292954154,0.8894259929656982,0.0011050701141357422,4,False
1784693348.6710196,control2,af30b4e650,MOSEK,linear,False,42,155,0,20,-0.007384843508513145,177.93046832614908,0.7178442478179932,0.001134634017944336,8,False
1784693348.679922,control2,af30b4e650,MOSEK,linear,False,42,155,1,10,-0.07946312576674384,177.93046832614908,0.7178442478179932,0.0011327266693115234,3,False
1784693349.576465,control2,af30b4e650,MOSEK,linear,False,42,156,0,20,-0.010297106360210332,177.26924353221102,0.8631405830383301,0.0005619525909423828,9,False
1784693349.585387,control2,af30b4e650,MOSEK,linear,False,42,156,1,10,-0.391325284497809,177.26924353221102,0.8631405830383301,0.0013740062713623047,4,False
1784693350.7414398,control2,af30b4e650,MOSEK,linear,False,42,157,0,20,-0.00919875575842185,176.92724280588374,1.140040397644043,0.00017309188842773438,8,False
1784693350.7477453,control2,af30b4e650,MOSEK,linear,False,42,157,1,10,-0.17508807457301792,176.92724280588374,1.140040397644043,0.0,3,False
1784693351.6135623,control2,af30b4e650,MOSEK,linear,False,42,158,0,20,-0.01148499980359403,176.45681986216144,0.8430962562561035,0.0009925365447998047,9,False
1784693351.620336,control2,af30b4e650,MOSEK,linear,False,42,158,1,10,-0.22880719456304946,176.45681986216144,0.8430962562561035,0.0010457038879394531,4,False
1784693352.5003927,control2,af30b4e650,MOSEK,linear,False,42,159,0,20,-0.006204961055277062,176.26095707644305,0.8609006404876709,0.0,8,False
1784693352.509319,control2,af30b4e650,MOSEK,linear,False,42,159,1,10,-0.12654776401809525,176.26095707644305,0.8609006404876709,0.0010161399841308594,4,False
1784693353.5345075,control2,af30b4e650,MOSEK,linear,False,42,160,0,20,-0.009146553490517791,175.94075919512716,1.0022838115692139,0.0010879039764404297,9,False
1784693353.5416923,control2,af30b4e650,MOSEK,linear,False,42,160,1,10,-0.12972333577175768,175.94075919512716,1.0022838115692139,0.0010082721710205078,5,False
1784693354.4433029,control2,af30b4e650,MOSEK,linear,False,42,161,0,20,-0.007202041074762539,175.76306982892723,0.8861236572265625,0.0,9,False
1784693354.4529476,control2,af30b4e650,MOSEK,linear,False,42,161,1,10,-0.07501826748430755,175.76306982892723,0.8861236572265625,0.0,4,False
1784693355.3204885,control2,af30b4e650,MOSEK,linear,False,42,162,0,20,-0.007552543479552291,175.55623675946825,0.8439617156982422,0.0,9,False
1784693355.3263378,control2,af30b4e650,MOSEK,linear,False,42,162,1,10,-0.22620012496900638,175.55623675946825,0.8439617156982422,0.0011806488037109375,4,False
1784693356.2361078,control2,af30b4e650,MOSEK,linear,False,42,163,0,20,-0.005619890883092314,175.37402577557276,0.8874893188476562,0.0011277198791503906,9,False
1784693356.2420444,control2,af30b4e650,MOSEK,linear,False,42,163,1,10,-0.2725900087473299,175.37402577557276,0.8874893188476562,0.0,4,False
1784693357.235003,control2,af30b4e650,MOSEK,linear,False,42,164,0,20,-0.009044315472710843,175.10487999523264,0.9683704376220703,0.0011303424835205078,9,False
1784693357.2402604,control2,af30b4e650,MOSEK,linear,False,42,164,1,10,-0.19002216660651935,175.10487999523264,0.9683704376220703,0.0010688304901123047,3,False
1784693358.3950124,control2,af30b4e650,MOSEK,linear,False,42,165,0,20,-0.008894900901789321,174.84563924909907,1.1262359619140625,0.0010106563568115234,8,False
1784693358.401116,control2,af30b4e650,MOSEK,linear,False,42,165,1,10,-0.20004628090294527,174.84563924909907,1.1262359619140625,0.0,4,False
1784693359.3051488,control2,af30b4e650,MOSEK,linear,False,42,166,0,20,-0.006534904870991692,174.67794241771804,0.8819370269775391,0.0,7,False
1784693359.3128228,control2,af30b4e650,MOSEK,linear,False,42,166,1,10,-0.16662335741862638,174.67794241771804,0.8819370269775391,0.0010113716125488281,4,False
1784693360.128314,control2,af30b4e650,MOSEK,linear,False,42,167,0,20,-0.006143638654414395,174.34064250900659,0.7862632274627686,0.0010142326354980469,9,False
1784693360.1335363,control2,af30b4e650,MOSEK,linear,False,42,167,1,10,-0.17949130644422012,174.34064250900659,0.7862632274627686,0.0013508796691894531,4,False
1784693361.0622265,control2,af30b4e650,MOSEK,linear,False,42,168,0,20,-0.008923565856769166,174.05359624842964,0.9075672626495361,0.0,7,False
1784693361.0674262,control2,af30b4e650,MOSEK,linear,False,42,168,1,10,-0.19724708682272826,174.05359624842964,0.9075672626495361,0.0011577606201171875,3,False
1784693362.0165741,control2,af30b4e650,MOSEK,linear,False,42,169,0,20,-0.007094165954835002,173.89793568470552,0.9350345134735107,0.0010535717010498047,8,False
1784693362.0244179,control2,af30b4e650,MOSEK,linear,False,42,169,1,10,-0.07274983045103435,173.89793568470552,0.9350345134735107,0.0005805492401123047,4,False
1784693363.3258033,control2,af30b4e650,MOSEK,linear,False,42,170,0,20,-0.005568589490849516,173.67931066781642,1.2710638046264648,0.002153158187866211,8,False
1784693363.3314383,control2,af30b4e650,MOSEK,linear,False,42,170,1,10,-0.09672429078619908,173.67931066781642,1.2710638046264648,0.0010104179382324219,4,False
1784693364.5566075,control2,af30b4e650,MOSEK,linear,False,42,171,0,20,-0.0073039834672359305,173.46641796524887,1.196321964263916,0.0013120174407958984,7,False
1784693364.5629902,control2,af30b4e650,MOSEK,linear,False,42,171,1,10,-0.10784994624630466,173.46641796524887,1.196321964263916,0.0,3,False
1784693365.808156,control2,af30b4e650,MOSEK,linear,False,42,172,0,20,-0.005332442267610656,173.3967097217324,1.2219974994659424,0.001058816909790039,8,False
1784693365.8184245,control2,af30b4e650,MOSEK,linear,False,42,172,1,10,-0.07415878800699402,173.3967097217324,1.2219974994659424,0.001070261001586914,3,False
1784693366.8743532,control2,af30b4e650,MOSEK,linear,False,42,173,0,20,-0.009146478800574098,173.01480163546643,1.0253524780273438,0.0,8,False
1784693366.8854136,control2,af30b4e650,MOSEK,linear,False,42,173,1,10,-0.1900693614348263,173.01480163546643,1.0253524780273438,0.0009961128234863281,4,False
1784693368.1276267,control2,af30b4e650,MOSEK,linear,False,42,174,0,20,-0.005668767303856325,172.64244213762277,1.2091870307922363,0.0008945465087890625,9,False
1784693368.134612,control2,af30b4e650,MOSEK,linear,False,42,174,1,10,-0.11174778058046664,172.64244213762277,1.2091870307922363,0.001058340072631836,4,False
1784693369.229522,control2,af30b4e650,MOSEK,linear,False,42,175,0,20,-0.004649812755884134,172.45424794516654,1.0605876445770264,0.0005645751953125,9,False
1784693369.2346394,control2,af30b4e650,MOSEK,linear,False,42,175,1,10,-0.1441705203952718,172.45424794516654,1.0605876445770264,0.0,3,False
1784693370.5048642,control2,af30b4e650,MOSEK,linear,False,42,176,0,20,-0.00684092830861921,172.29426201667528,1.2304143905639648,0.0,8,False
1784693370.5131502,control2,af30b4e650,MOSEK,linear,False,42,176,1,10,-0.14703343473136188,172.29426201667528,1.2304143905639648,0.0010008811950683594,3,False
1784693371.7361412,control2,af30b4e650,MOSEK,linear,False,42,177,0,20,-0.008336152573096074,171.892977902491,1.1745474338531494,0.0009715557098388672,8,False
1784693371.7431014,control2,af30b4e650,MOSEK,linear,False,42,177,1,10,-0.10450083125161777,171.892977902491,1.1745474338531494,0.0,4,False
1784693373.1064758,control2,af30b4e650,MOSEK,linear,False,42,178,0,20,-0.00884087474629986,171.46068428858348,1.3436520099639893,0.0009999275207519531,9,False
1784693373.1151948,control2,af30b4e650,MOSEK,linear,False,42,178,1,10,-0.1551774487427332,171.46068428858348,1.3436520099639893,0.0010008811950683594,4,False
1784693374.6031013,control2,af30b4e650,MOSEK,linear,False,42,179,0,20,-0.010530661343003463,171.0502541709881,1.4526722431182861,0.001100778579711914,8,False
1784693374.6106067,control2,af30b4e650,MOSEK,linear,False,42,179,1,10,-0.08679056505509702,171.0502541709881,1.4526722431182861,0.0004296302795410156,3,False
1784693376.106582,control2,af30b4e650,MOSEK,linear,False,42,180,0,20,-0.008180882732516609,170.6773016101518,1.4746222496032715,0.0011272430419921875,8,False
1784693376.1159818,control2,af30b4e650,MOSEK,linear,False,42,180,1,10,-0.16395945872694376,170.6773016101518,1.4746222496032715,0.0011310577392578125,3,False
1784693377.6193712,control2,af30b4e650,MOSEK,linear,False,42,181,0,20,-0.006256917726192202,170.41997541792526,1.4622890949249268,0.0005283355712890625,8,False
1784693377.6268344,control2,af30b4e650,MOSEK,linear,False,42,181,1,10,-0.20944848050604398,170.41997541792526,1.4622890949249268,0.0011000633239746094,4,False
1784693379.0238214,control2,af30b4e650,MOSEK,linear,False,42,182,0,20,-0.005167730196504342,170.23996524205725,1.3639168739318848,0.0011205673217773438,8,False
1784693379.0321705,control2,af30b4e650,MOSEK,linear,False,42,182,1,10,-0.1103930361692592,170.23996524205725,1.3639168739318848,0.0,3,False
1784693380.3283126,control2,af30b4e650,MOSEK,linear,False,42,183,0,20,-0.005759264149771999,169.75996318185636,1.2627193927764893,0.0010428428649902344,8,False
1784693380.3353252,control2,af30b4e650,MOSEK,linear,False,42,183,1,10,-0.2938176579028966,169.75996318185636,1.2627193927764893,0.000993490219116211,3,False
1784693381.5760605,control2,af30b4e650,MOSEK,linear,False,42,184,0,20,-0.005100888462236107,169.681461705383,1.211590051651001,0.0013878345489501953,7,False
1784693381.5834115,control2,af30b4e650,MOSEK,linear,False,42,184,1,10,-0.14724699622756987,169.681461705383,1.211590051651001,0.0,4,False
1784693382.8916237,control2,af30b4e650,MOSEK,linear,False,42,185,0,20,-0.008837236689690144,169.47505326731215,1.268493413925171,0.0011494159698486328,7,False
1784693382.9085453,control2,af30b4e650,MOSEK,linear,False,42,185,1,10,-0.170274090611039,169.47505326731215,1.268493413925171,0.0017545223236083984,4,False
1784693384.5587468,control2,af30b4e650,MOSEK,linear,False,42,186,0,20,-0.007233420081825856,169.35484052318824,1.630281925201416,0.0005083084106445312,7,False
1784693384.5692437,control2,af30b4e650,MOSEK,linear,False,42,186,1,10,-0.1249928955391391,169.35484052318824,1.630281925201416,0.0011072158813476562,4,False
1784693385.8819659,control2,af30b4e650,MOSEK,linear,False,42,187,0,20,-0.0062331212490742294,169.1399493665008,1.2738029956817627,0.0,8,False
1784693385.8877003,control2,af30b4e650,MOSEK,linear,False,42,187,1,10,-0.12159275217481176,169.1399493665008,1.2738029956817627,0.001009225845336914,4,False
1784693387.394729,control2,af30b4e650,MOSEK,linear,False,42,188,0,20,-0.005589434880083808,168.90419379228658,1.4907341003417969,0.0010004043579101562,8,False
1784693387.4030042,control2,af30b4e650,MOSEK,linear,False,42,188,1,10,-0.22931526371650868,168.90419379228658,1.4907341003417969,0.001005411148071289,4,False
1784693389.17409,control2,af30b4e650,MOSEK,linear,False,42,189,0,20,-0.0052319262706134635,168.5212395314212,1.7294421195983887,0.0010101795196533203,8,False
1784693389.1795146,control2,af30b4e650,MOSEK,linear,False,42,189,1,10,-0.12080483721460732,168.5212395314212,1.7294421195983887,0.0,4,False
1784693390.5226486,control2,af30b4e650,MOSEK,linear,False,42,190,0,20,-0.00763619405836856,168.18492428075712,1.302417516708374,0.0005986690521240234,8,False
1784693390.5302052,control2,af30b4e650,MOSEK,linear,False,42,190,1,10,-0.16831886608476654,168.18492428075712,1.302417516708374,0.0005164146423339844,3,False
1784693391.6817715,control2,af30b4e650,MOSEK,linear,False,42,191,0,20,-0.007378189764972075,167.83362496186547,1.1199092864990234,0.0010089874267578125,7,False
1784693391.687209,control2,af30b4e650,MOSEK,linear,False,42,191,1,10,-0.11986007844095246,167.83362496186547,1.1199092864990234,0.0010788440704345703,3,False
1784693392.9123242,control2,af30b4e650,MOSEK,linear,False,42,192,0,20,-0.006847146891951813,167.59071121874075,1.1985533237457275,0.0010640621185302734,8,False
1784693392.916215,control2,af30b4e650,MOSEK,linear,False,42,192,1,10,-0.1568232941850979,167.59071121874075,1.1985533237457275,0.0012907981872558594,4,False
1784693394.2269826,control2,af30b4e650,MOSEK,linear,False,42,193,0,20,-0.005807746445628222,167.47216502695147,1.2815616130828857,0.0,8,False
1784693394.230203,control2,af30b4e650,MOSEK,linear,False,42,193,1,10,-0.07536122507220039,167.47216502695147,1.2815616130828857,0.0010006427764892578,4,False
1784693395.5788906,control2,af30b4e650,MOSEK,linear,False,42,194,0,20,-0.00521554949648966,167.29170476021102,1.2946386337280273,0.0,8,False
1784693395.587268,control2,af30b4e650,MOSEK,linear,False,42,194,1,10,-0.13226390561943505,167.29170476021102,1.2946386337280273,0.0009884834289550781,4,False
1784693397.0990307,control2,af30b4e650,MOSEK,linear,False,42,195,0,20,-0.0075279763238526535,167.0685840861555,1.487175703048706,0.0005152225494384766,8,False
1784693397.1045666,control2,af30b4e650,MOSEK,linear,False,42,195,1,10,-0.20437823647118225,167.0685840861555,1.487175703048706,0.0010139942169189453,4,False
1784693398.3597481,control2,af30b4e650,MOSEK,linear,False,42,196,0,20,-0.005226966709121291,166.90391158802623,1.231858253479004,0.0015137195587158203,8,False
1784693398.3655145,control2,af30b4e650,MOSEK,linear,False,42,196,1,10,-0.04904317534988527,166.90391158802623,1.231858253479004,0.0010154247283935547,3,False
1784693399.4074068,control2,af30b4e650,MOSEK,linear,False,42,197,0,20,-0.004798398989719271,166.57653564370173,1.0149948596954346,0.0011386871337890625,8,False
1784693399.411309,control2,af30b4e650,MOSEK,linear,False,42,197,1,10,-0.11795641344471959,166.57653564370173,1.0149948596954346,0.0011191368103027344,4,False
1784693400.6870568,control2,af30b4e650,MOSEK,linear,False,42,198,0,20,-0.0048244906961706175,166.21377313572276,1.252462387084961,0.0,8,False
1784693400.6928256,control2,af30b4e650,MOSEK,linear,False,42,198,1,10,-0.18881466505841663,166.21377313572276,1.252462387084961,0.0,4,False
1784693402.116745,control2,af30b4e650,MOSEK,linear,False,42,199,0,20,-0.005199315178613623,165.64944085365386,1.389885425567627,0.00018310546875,8,False
1784693402.1269462,control2,af30b4e650,MOSEK,linear,False,42,199,1,10,-0.12691789619318453,165.64944085365386,1.389885425567627,0.0010676383972167969,4,False
1784693403.6383898,control2,af30b4e650,MOSEK,linear,False,42,200,0,20,-0.0058007782050657096,165.4779596526973,1.4758119583129883,0.0017147064208984375,7,False
1784693403.6499674,control2,af30b4e650,MOSEK,linear,False,42,200,1,10,-0.12683084280072413,165.4779596526973,1.4758119583129883,0.0009725093841552734,5,False
1784693404.9733486,control2,af30b4e650,MOSEK,linear,False,42,201,0,20,-0.006860498270279098,165.3462179626774,1.2927873134613037,0.0010018348693847656,7,False
1784693404.9782183,control2,af30b4e650,MOSEK,linear,False,42,201,1,10,-0.08627668337639792,165.3462179626774,1.2927873134613037,0.0,5,False
1784693406.1880677,control2,af30b4e650,MOSEK,linear,False,42,202,0,20,-0.004776909129696146,165.24184750167188,1.1757502555847168,0.0005548000335693359,8,False
1784693406.1943724,control2,af30b4e650,MOSEK,linear,False,42,202,1,10,-0.12658590998570196,165.24184750167188,1.1757502555847168,0.00099945068359375,3,False
1784693407.3600833,control2,af30b4e650,MOSEK,linear,False,42,203,0,20,-0.006168699745269159,165.08968731483918,1.1317031383514404,0.0009927749633789062,8,False
1784693407.4035084,control2,af30b4e650,MOSEK,linear,False,42,203,1,10,-0.06418357608447,165.08968731483918,1.1317031383514404,0.0010020732879638672,5,False
1784693408.450804,control2,af30b4e650,MOSEK,linear,False,42,204,0,20,-0.009952469530785648,164.3500215624045,1.0316073894500732,0.0,8,False
1784693408.4567463,control2,af30b4e650,MOSEK,linear,False,42,204,1,10,-0.11735491482100033,164.3500215624045,1.0316073894500732,0.0009450912475585938,4,False
1784693409.6244168,control2,af30b4e650,MOSEK,linear,False,42,205,0,20,-0.015050435782495335,163.7643390735675,1.132176399230957,0.0,8,False
1784693409.62783,control2,af30b4e650,MOSEK,linear,False,42,205,1,10,-0.2518483569267399,163.7643390735675,1.132176399230957,0.0010106563568115234,4,False
1784693410.8100927,control2,af30b4e650,MOSEK,linear,False,42,206,0,20,-0.014030556117427834,163.41239476425142,1.1453399658203125,0.0,8,False
1784693410.834017,control2,af30b4e650,MOSEK,linear,False,42,206,1,10,-0.1226939897942995,163.41239476425142,1.1453399658203125,0.0022156238555908203,5,False
1784693411.8826318,control2,af30b4e650,MOSEK,linear,False,42,207,0,20,-0.009947674557750573,163.21012161065389,1.0276503562927246,0.0011262893676757812,7,False
1784693411.8900092,control2,af30b4e650,MOSEK,linear,False,42,207,1,10,-0.16822975214568678,163.21012161065389,1.0276503562927246,0.0,4,False
1784693413.0971437,control2,af30b4e650,MOSEK,linear,False,42,208,0,20,-0.007466303612438354,163.1219058307002,1.1813011169433594,0.0,7,False
1784693413.1027427,control2,af30b4e650,MOSEK,linear,False,42,208,1,10,-0.1121152456351561,163.1219058307002,1.1813011169433594,6.842613220214844e-05,4,False
1784693414.222766,control2,af30b4e650,MOSEK,linear,False,42,209,0,20,-0.005909690168226731,162.90245256340643,1.084648847579956,0.0009989738464355469,7,False
1784693414.2297177,control2,af30b4e650,MOSEK,linear,False,42,209,1,10,-0.07368541808944627,162.90245256340643,1.084648847579956,0.0002884864807128906,4,False
1784693415.2397904,control2,af30b4e650,MOSEK,linear,False,42,210,0,20,-0.007350541009816808,162.66733841752958,0.9789268970489502,0.0010633468627929688,9,False
1784693415.2444816,control2,af30b4e650,MOSEK,linear,False,42,210,1,10,-0.07221652814150573,162.66733841752958,0.9789268970489502,0.0010139942169189453,4,False
1784693416.2407157,control2,af30b4e650,MOSEK,linear,False,42,211,0,20,-0.005022289742278045,162.4168225783979,0.962522029876709,0.002234935760498047,7,False
1784693416.2475932,control2,af30b4e650,MOSEK,linear,False,42,211,1,10,-0.1045886754699385,162.4168225783979,0.962522029876709,0.0010139942169189453,5,False
1784693417.3477235,control2,af30b4e650,MOSEK,linear,False,42,212,0,20,-0.008227125511071432,162.2379902157366,1.0777199268341064,0.0,8,False
1784693417.35562,control2,af30b4e650,MOSEK,linear,False,42,212,1,10,-0.08984946996848456,162.2379902157366,1.0777199268341064,0.0005936622619628906,5,False
1784693418.2834427,control2,af30b4e650,MOSEK,linear,False,42,213,0,20,-0.008253145605100596,161.99425540701614,0.9038362503051758,0.0,7,False
1784693418.2870352,control2,af30b4e650,MOSEK,linear,False,42,213,1,10,-0.05913792956296189,161.99425540701614,0.9038362503051758,0.0011098384857177734,4,False
1784693419.3790152,control2,af30b4e650,MOSEK,linear,False,42,214,0,20,-0.00795467237740913,161.64694861878937,1.0584874153137207,0.0,8,False
1784693419.3842921,control2,af30b4e650,MOSEK,linear,False,42,214,1,10,-0.1434843885402546,161.64694861878937,1.0584874153137207,0.0,4,False
1784693420.3226314,control2,af30b4e650,MOSEK,linear,False,42,215,0,20,-0.011926014586334348,161.50286604780422,0.9183690547943115,0.0,7,False
1784693420.3262408,control2,af30b4e650,MOSEK,linear,False,42,215,1,10,-0.13827070677316453,161.50286604780422,0.9183690547943115,0.0,4,False
1784693421.3885636,control2,af30b4e650,MOSEK,linear,False,42,216,0,20,-0.0071178463362014666,161.27758400002335,1.0343565940856934,0.0005090236663818359,8,False
1784693421.393099,control2,af30b4e650,MOSEK,linear,False,42,216,1,10,-0.09077123251503773,161.27758400002335,1.0343565940856934,0.0010004043579101562,5,False
1784693422.4832227,control2,af30b4e650,MOSEK,linear,False,42,217,0,20,-0.004560468895523834,161.07536931543538,1.0730712413787842,0.0,8,False
1784693422.4893034,control2,af30b4e650,MOSEK,linear,False,42,217,1,10,-0.055905626457999305,161.07536931543538,1.0730712413787842,0.0,5,False
1784693423.4836757,control2,af30b4e650,MOSEK,linear,False,42,218,0,20,-0.008833684486316306,160.7396540455374,0.9608211517333984,0.0,8,False
1784693423.4895463,control2,af30b4e650,MOSEK,linear,False,42,218,1,10,-0.11267143137674154,160.7396540455374,0.9608211517333984,0.0009775161743164062,5,False
1784693424.412745,control2,af30b4e650,MOSEK,linear,False,42,219,0,20,-0.007843599295516056,160.62093324061976,0.8983123302459717,0.0010530948638916016,8,False
1784693424.4191875,control2,af30b4e650,MOSEK,linear,False,42,219,1,10,-0.0890575093345755,160.62093324061976,0.8983123302459717,0.0,4,False
1784693425.441739,control2,af30b4e650,MOSEK,linear,False,42,220,0,20,-0.005558152913677971,160.5186629925404,0.9938931465148926,0.0010242462158203125,7,False
1784693425.449933,control2,af30b4e650,MOSEK,linear,False,42,220,1,10,-0.09072368745822143,160.5186629925404,0.9938931465148926,0.0010199546813964844,4,False
1784693426.3426738,control2,af30b4e650,MOSEK,linear,False,42,221,0,20,-0.006518586287157891,160.3570490394424,0.8708584308624268,0.0,8,False
1784693426.3478544,control2,af30b4e650,MOSEK,linear,False,42,221,1,10,-0.07284020212692964,160.3570490394424,0.8708584308624268,0.0010077953338623047,3,False
1784693427.2474124,control2,af30b4e650,MOSEK,linear,False,42,222,0,20,-0.007622289095014893,160.21675095235256,0.8690276145935059,0.0011398792266845703,8,False
1784693427.2511923,control2,af30b4e650,MOSEK,linear,False,42,222,1,10,-0.05660378727056307,160.21675095235256,0.8690276145935059,0.0,4,False
1784693428.2790082,control2,af30b4e650,MOSEK,linear,False,42,223,0,20,-0.005611088302187805,160.01400615386362,1.002140760421753,0.0010113716125488281,8,False
1784693428.2847672,control2,af30b4e650,MOSEK,linear,False,42,223,1,10,-0.06868927495890209,160.01400615386362,1.002140760421753,0.0011210441589355469,3,False
1784693429.3856416,control2,af30b4e650,MOSEK,linear,False,42,224,0,20,-0.004314269963583065,159.9438372739822,1.0710430145263672,0.0,8,False
1784693429.390629,control2,af30b4e650,MOSEK,linear,False,42,224,1,10,-0.0760246206367364,159.9438372739822,1.0710430145263672,0.00018835067749023438,4,False
1784693430.5194335,control2,af30b4e650,MOSEK,linear,False,42,225,0,20,-0.006201126999602488,159.60297812578284,1.106095552444458,0.0,8,False
1784693430.527071,control2,af30b4e650,MOSEK,linear,False,42,225,1,10,-0.05701639166798966,159.60297812578284,1.106095552444458,0.0011110305786132812,4,False
1784693431.725963,control2,af30b4e650,MOSEK,linear,False,42,226,0,20,-0.005493390900989958,159.41665472736491,1.1711146831512451,0.0020020008087158203,8,False
1784693431.731283,control2,af30b4e650,MOSEK,linear,False,42,226,1,10,-0.03999307642736427,159.41665472736491,1.1711146831512451,0.0013060569763183594,3,False
1784693433.0177536,control2,af30b4e650,MOSEK,linear,False,42,227,0,20,-0.005067103973224353,159.15824991109724,1.2606394290924072,0.0,8,False
1784693433.0277624,control2,af30b4e650,MOSEK,linear,False,42,227,1,10,-0.06370609570687119,159.15824991109724,1.2606394290924072,0.0010154247283935547,5,False
1784693434.2808964,control2,af30b4e650,MOSEK,linear,False,42,228,0,20,-0.004817678317697623,159.03434845169517,1.224313735961914,0.0010178089141845703,7,False
1784693434.2864146,control2,af30b4e650,MOSEK,linear,False,42,228,1,10,-0.08368095654088467,159.03434845169517,1.224313735961914,0.0010159015655517578,5,False
1784693435.619709,control2,af30b4e650,MOSEK,linear,False,42,229,0,20,-0.006816325645165273,158.80244028474945,1.3026971817016602,0.0005471706390380859,7,False
1784693435.6245773,control2,af30b4e650,MOSEK,linear,False,42,229,1,10,-0.18367813172308167,158.80244028474945,1.3026971817016602,0.0010409355163574219,4,False
1784693436.7560296,control2,af30b4e650,MOSEK,linear,False,42,230,0,20,-0.0047036008991682855,158.50199754309267,1.110978603363037,0.0005817413330078125,9,False
1784693436.761407,control2,af30b4e650,MOSEK,linear,False,42,230,1,10,-0.06926860516067897,158.50199754309267,1.110978603363037,0.0005075931549072266,4,False
1784693437.9630575,control2,af30b4e650,MOSEK,linear,False,42,231,0,20,-0.005066821366345359,158.41748571461642,1.177135705947876,0.0,8,False
1784693437.9678047,control2,af30b4e650,MOSEK,linear,False,42,231,1,10,-0.06204113320784021,158.41748571461642,1.177135705947876,0.0010013580322265625,4,False
1784693439.3464038,control2,af30b4e650,MOSEK,linear,False,42,232,0,20,-0.0042541434579975845,158.34310894430166,1.3509447574615479,0.0009999275207519531,7,False
1784693439.3531277,control2,af30b4e650,MOSEK,linear,False,42,232,1,10,-0.036479541515532954,158.34310894430166,1.3509447574615479,0.0005204677581787109,3,False
1784693440.5291305,control2,af30b4e650,MOSEK,linear,False,42,233,0,20,-0.005079330518889137,158.2538134006789,1.1544444561004639,0.0,7,False
1784693440.537131,control2,af30b4e650,MOSEK,linear,False,42,233,1,10,-0.024304015429309385,158.2538134006789,1.1544444561004639,0.0009944438934326172,4,False
1784693441.77121,control2,af30b4e650,MOSEK,linear,False,42,234,0,20,-0.003688402676986925,158.14457162355745,1.2051348686218262,0.0010037422180175781,7,False
1784693441.7761567,control2,af30b4e650,MOSEK,linear,False,42,234,1,10,-0.04982431898233358,158.14457162355745,1.2051348686218262,0.0009369850158691406,4,False
1784693443.190337,control2,af30b4e650,MOSEK,linear,False,42,235,0,20,-0.005918983401033524,157.65943686953,1.3833935260772705,0.0010766983032226562,8,False
1784693443.1947625,control2,af30b4e650,MOSEK,linear,False,42,235,1,10,-0.1971764911236436,157.65943686953,1.3833935260772705,0.0,5,False
1784693444.5856729,control2,af30b4e650,MOSEK,linear,False,42,236,0,20,-0.006832648200167653,157.4707631300888,1.347343921661377,0.0005395412445068359,7,False
1784693444.5911891,control2,af30b4e650,MOSEK,linear,False,42,236,1,10,-0.09480954008153367,157.4707631300888,1.347343921661377,0.0010743141174316406,4,False
1784693446.4709275,control2,af30b4e650,MOSEK,linear,False,42,237,0,20,-0.004707704351034479,157.30122993836343,1.8447966575622559,0.0005135536193847656,7,False
1784693446.4753635,control2,af30b4e650,MOSEK,linear,False,42,237,1,10,-0.15331350333410898,157.30122993836343,1.8447966575622559,0.0,4,False
1784693447.943755,control2,af30b4e650,MOSEK,linear,False,42,238,0,20,-0.008034325822698356,156.93843107878334,1.4348528385162354,0.0011444091796875,8,False
1784693447.9496505,control2,af30b4e650,MOSEK,linear,False,42,238,1,10,-0.1454883367668963,156.93843107878334,1.4348528385162354,0.0,4,False
1784693449.530143,control2,af30b4e650,MOSEK,linear,False,42,239,0,20,-0.009967589453958963,156.8111787331212,1.5328800678253174,0.0009975433349609375,7,False
1784693449.5401592,control2,af30b4e650,MOSEK,linear,False,42,239,1,10,-0.0912244929344272,156.8111787331212,1.5328800678253174,0.0009980201721191406,5,False
1784693450.885629,control2,af30b4e650,MOSEK,linear,False,42,240,0,20,-0.006472128827367643,156.59778584862528,1.3182101249694824,0.0010149478912353516,7,False
1784693450.8908403,control2,af30b4e650,MOSEK,linear,False,42,240,1,10,-0.05738977117979345,156.59778584862528,1.3182101249694824,0.0,4,False
1784693452.3415053,control2,af30b4e650,MOSEK,linear,False,42,241,0,20,-0.008159681552421395,156.3790520570606,1.4238512516021729,0.0011954307556152344,7,False
1784693452.346945,control2,af30b4e650,MOSEK,linear,False,42,241,1,10,-0.051371566411708695,156.3790520570606,1.4238512516021729,0.0010938644409179688,4,False
1784693453.7994742,control2,af30b4e650,MOSEK,linear,False,42,242,0,20,-0.007794825793180461,156.0858942999643,1.4281566143035889,0.0011513233184814453,8,False
1784693453.8093266,control2,af30b4e650,MOSEK,linear,False,42,242,1,10,-0.06404552775512701,156.0858942999643,1.4281566143035889,0.0011560916900634766,5,False
1784693455.1299343,control2,af30b4e650,MOSEK,linear,False,42,243,0,20,-0.006540289200824788,156.0144102942537,1.2835712432861328,0.0011749267578125,8,False
1784693455.1357079,control2,af30b4e650,MOSEK,linear,False,42,243,1,10,-0.07181796207642203,156.0144102942537,1.2835712432861328,0.0010099411010742188,4,False
1784693456.6104667,control2,af30b4e650,MOSEK,linear,False,42,244,0,20,-0.008781373847183855,155.78239603339608,1.4451932907104492,0.0,7,False
1784693456.616005,control2,af30b4e650,MOSEK,linear,False,42,244,1,10,-0.07608291399168739,155.78239603339608,1.4451932907104492,0.0015108585357666016,4,False
1784693458.037749,control2,af30b4e650,MOSEK,linear,False,42,245,0,20,-0.007804641992712048,155.37098990899995,1.3955137729644775,0.0,8,False
1784693458.0456114,control2,af30b4e650,MOSEK,linear,False,42,245,1,10,-0.03316150068367575,155.37098990899995,1.3955137729644775,0.0,5,False
1784693459.442472,control2,af30b4e650,MOSEK,linear,False,42,246,0,20,-0.005978131769909596,155.28651707833723,1.3638713359832764,0.0005292892456054688,7,False
1784693459.4473786,control2,af30b4e650,MOSEK,linear,False,42,246,1,10,-0.0554506317886034,155.28651707833723,1.3638713359832764,0.0010628700256347656,4,False
1784693460.631306,control2,af30b4e650,MOSEK,linear,False,42,247,0,20,-0.004560269849717105,155.10666086649587,1.1526906490325928,0.0011515617370605469,7,False
1784693460.6357648,control2,af30b4e650,MOSEK,linear,False,42,247,1,10,-0.04119895314948769,155.10666086649587,1.1526906490325928,0.0,3,False
1784693462.1843867,control2,af30b4e650,MOSEK,linear,False,42,248,0,20,-0.01248396938979504,154.75642391839617,1.5035183429718018,0.0007364749908447266,8,False
1784693462.1970668,control2,af30b4e650,MOSEK,linear,False,42,248,1,10,-0.07946445687277284,154.75642391839617,1.5035183429718018,0.0011012554168701172,4,False
1784693463.8732214,control2,af30b4e650,MOSEK,linear,False,42,249,0,20,-0.007212586819022517,154.58770296859657,1.6475353240966797,0.0,7,False
1784693463.8797283,control2,af30b4e650,MOSEK,linear,False,42,249,1,10,-0.046706561798296305,154.58770296859657,1.6475353240966797,0.0013606548309326172,4,False
1784693465.2985337,control2,af30b4e650,MOSEK,linear,False,42,250,0,20,-0.006956322403880834,154.48717652570804,1.3785531520843506,0.0,8,False
1784693465.3065786,control2,af30b4e650,MOSEK,linear,False,42,250,1,10,-0.09801424355672361,154.48717652570804,1.3785531520843506,0.0009641647338867188,4,False
1784693466.4956288,control2,af30b4e650,MOSEK,linear,False,42,251,0,20,-0.007219289466031586,154.39306631560322,1.163774013519287,0.0009984970092773438,8,False
1784693466.5060444,control2,af30b4e650,MOSEK,linear,False,42,251,1,10,-0.12642491593371782,154.39306631560322,1.163774013519287,0.001020193099975586,4,False
1784693468.000768,control2,af30b4e650,MOSEK,linear,False,42,252,0,20,-0.0057981550835457946,154.11196148439473,1.461787223815918,0.0009984970092773438,7,False
1784693468.0067658,control2,af30b4e650,MOSEK,linear,False,42,252,1,10,-0.1739721141220584,154.11196148439473,1.461787223815918,0.001001596450805664,4,False
1784693469.4925401,control2,af30b4e650,MOSEK,linear,False,42,253,0,20,-0.006708924935009067,153.90695222306886,1.450697660446167,0.001127481460571289,8,False
1784693469.4982176,control2,af30b4e650,MOSEK,linear,False,42,253,1,10,-0.08345006795317457,153.90695222306886,1.450697660446167,0.0,4,False
1784693470.9834824,control2,af30b4e650,MOSEK,linear,False,42,254,0,20,-0.005328930836914109,153.5475827268371,1.4530656337738037,0.0010068416595458984,7,False
1784693470.9915013,control2,af30b4e650,MOSEK,linear,False,42,254,1,10,-0.07195534566341841,153.5475827268371,1.4530656337738037,0.0010819435119628906,4,False
1784693472.542656,control2,af30b4e650,MOSEK,linear,False,42,255,0,20,-0.0046424722990162735,153.42362678840493,1.5196106433868408,0.001010894775390625,8,False
1784693472.5485222,control2,af30b4e650,MOSEK,linear,False,42,255,1,10,-0.0674778980220541,153.42362678840493,1.5196106433868408,0.0007538795471191406,4,False
1784693474.070896,control2,af30b4e650,MOSEK,linear,False,42,256,0,20,-0.005841861584202813,153.29211673127907,1.4920179843902588,0.0,7,False
1784693474.0784297,control2,af30b4e650,MOSEK,linear,False,42,256,1,10,-0.04523213502234453,153.29211673127907,1.4920179843902588,0.0010008811950683594,4,False
1784693475.6150975,control2,af30b4e650,MOSEK,linear,False,42,257,0,20,-0.004746004608340615,153.12670846630382,1.5076849460601807,0.0,7,False
1784693475.6196027,control2,af30b4e650,MOSEK,linear,False,42,257,1,10,-0.08195366147838107,153.12670846630382,1.5076849460601807,0.00099945068359375,4,False
1784693476.9211946,control2,af30b4e650,MOSEK,linear,False,42,258,0,20,-0.005220344376111735,152.97908225574233,1.2667701244354248,0.0,7,False
1784693476.9287925,control2,af30b4e650,MOSEK,linear,False,42,258,1,10,-0.07473532036578286,152.97908225574233,1.2667701244354248,0.001275777816772461,4,False
1784693478.16163,control2,af30b4e650,MOSEK,linear,False,42,259,0,20,-0.0048785365546604245,152.87711707771376,1.2098095417022705,0.000244140625,7,False
1784693478.1688251,control2,af30b4e650,MOSEK,linear,False,42,259,1,10,-0.06565764528109548,152.87711707771376,1.2098095417022705,0.0010221004486083984,4,False
1784693479.1998973,control2,af30b4e650,MOSEK,linear,False,42,260,0,20,-0.004712867164568996,152.73737706159062,0.9996299743652344,0.00106048583984375,8,False
1784693479.2047565,control2,af30b4e650,MOSEK,linear,False,42,260,1,10,-0.04146097467028963,152.73737706159062,0.9996299743652344,0.0005829334259033203,4,False
1784693480.2978706,control2,af30b4e650,MOSEK,linear,False,42,261,0,20,-0.004872915070207913,152.64212986814772,1.0485124588012695,0.0010154247283935547,6,False
1784693480.3057382,control2,af30b4e650,MOSEK,linear,False,42,261,1,10,-0.04824659848934466,152.64212986814772,1.0485124588012695,0.0,5,False
1784693481.7705722,control2,af30b4e650,MOSEK,linear,False,42,262,0,20,-0.005987671032556799,152.4584060957644,1.435518503189087,0.001003265380859375,8,False
1784693481.7785335,control2,af30b4e650,MOSEK,linear,False,42,262,1,10,-0.033104596658146315,152.4584060957644,1.435518503189087,0.0,4,False
1784693482.8909457,control2,af30b4e650,MOSEK,linear,False,42,263,0,20,-0.0039058258092125138,152.39399334835926,1.0843758583068848,0.0,7,False
1784693482.8974764,control2,af30b4e650,MOSEK,linear,False,42,263,1,10,-0.036216718712768686,152.39399334835926,1.0843758583068848,0.0005168914794921875,4,False
1784693483.9989758,control2,af30b4e650,MOSEK,linear,False,42,264,0,20,-0.005289131377554567,152.02795081165578,1.0803515911102295,0.0012497901916503906,7,False
1784693484.006924,control2,af30b4e650,MOSEK,linear,False,42,264,1,10,-0.03483185352718657,152.02795081165578,1.0803515911102295,0.0010089874267578125,4,False
1784693485.1885107,control2,af30b4e650,MOSEK,linear,False,42,265,0,20,-0.004026623764407742,151.89184589254998,1.1539514064788818,0.0,7,False
1784693485.1943061,control2,af30b4e650,MOSEK,linear,False,42,265,1,10,-0.03496801375122078,151.89184589254998,1.1539514064788818,0.0011141300201416016,4,False
1784693486.2399607,control2,af30b4e650,MOSEK,linear,False,42,266,0,20,-0.005299458586479282,151.64841529105695,1.024451732635498,0.00014257431030273438,7,False
1784693486.2477624,control2,af30b4e650,MOSEK,linear,False,42,266,1,10,-0.04332771213582373,151.64841529105695,1.024451732635498,0.0005424022674560547,5,False
1784693487.5699213,control2,af30b4e650,MOSEK,linear,False,42,267,0,20,-0.004736975796567664,151.60099097660287,1.297621250152588,0.0010097026824951172,8,False
1784693487.5743005,control2,af30b4e650,MOSEK,linear,False,42,267,1,10,-0.05857478541949989,151.60099097660287,1.297621250152588,0.001016855239868164,4,False
1784693488.7251985,control2,af30b4e650,MOSEK,linear,False,42,268,0,20,-0.00346482317828064,151.5719325237146,1.1248290538787842,0.0,7,False
1784693488.7302003,control2,af30b4e650,MOSEK,linear,False,42,268,1,10,-0.027502560149871895,151.5719325237146,1.1248290538787842,0.0010008811950683594,4,False
1784693489.9879785,control2,af30b4e650,MOSEK,linear,False,42,269,0,20,-0.00488438555419895,151.37948423525447,1.228999137878418,0.0010080337524414062,7,False
1784693490.0000956,control2,af30b4e650,MOSEK,linear,False,42,269,1,10,-0.031314577565819,151.37948423525447,1.228999137878418,0.001049041748046875,4,False
1784693491.1436143,control2,af30b4e650,MOSEK,linear,False,42,270,0,20,-0.0035764591636770495,151.30663454419678,1.1230297088623047,0.00043487548828125,7,False
1784693491.1511984,control2,af30b4e650,MOSEK,linear,False,42,270,1,10,-0.035470816342706275,151.30663454419678,1.1230297088623047,0.0,4,False
1784693492.3581,control2,af30b4e650,MOSEK,linear,False,42,271,0,20,-0.0031679693794513454,151.25096596595154,1.186957836151123,0.0,7,False
1784693492.3662813,control2,af30b4e650,MOSEK,linear,False,42,271,1,10,-0.035676341730615735,151.25096596595154,1.186957836151123,0.0002014636993408203,4,False
1784693493.6360629,control2,af30b4e650,MOSEK,linear,False,42,272,0,20,-0.005345734733930118,151.1550103935533,1.237924575805664,0.0,7,False
1784693493.6422074,control2,af30b4e650,MOSEK,linear,False,42,272,1,10,-0.0381137996112997,151.1550103935533,1.237924575805664,0.0,4,False
1784693494.9829202,control2,af30b4e650,MOSEK,linear,False,42,273,0,20,-0.0032855257816070283,151.0678703462562,1.3125934600830078,0.0006644725799560547,7,False
1784693494.9901774,control2,af30b4e650,MOSEK,linear,False,42,273,1,10,-0.035327001139326276,151.0678703462562,1.3125934600830078,0.0011208057403564453,4,False
1784693496.2192714,control2,af30b4e650,MOSEK,linear,False,42,274,0,20,-0.004853656246360191,151.0012499274143,1.200549840927124,0.0009992122650146484,7,False
1784693496.2232046,control2,af30b4e650,MOSEK,linear,False,42,274,1,10,-0.05177206477094476,151.0012499274143,1.200549840927124,0.0009143352508544922,3,False
1784693497.438026,control2,af30b4e650,MOSEK,linear,False,42,275,0,20,-0.004130060776673815,150.89721954582274,1.1827747821807861,0.0010619163513183594,6,False
1784693497.4438667,control2,af30b4e650,MOSEK,linear,False,42,275,1,10,-0.032584155644397185,150.89721954582274,1.1827747821807861,0.0,4,False
1784693498.570957,control2,af30b4e650,MOSEK,linear,False,42,276,0,20,-0.002862999792776702,150.80564253179958,1.0999033451080322,0.0010004043579101562,7,False
1784693498.5859413,control2,af30b4e650,MOSEK,linear,False,42,276,1,10,-0.02919265998061432,150.80564253179958,1.0999033451080322,0.0,4,False
1784693499.7662475,control2,af30b4e650,MOSEK,linear,False,42,277,0,20,-0.007824123363158485,150.43081313498942,1.1518058776855469,0.0,8,False
1784693499.7738378,control2,af30b4e650,MOSEK,linear,False,42,277,1,10,-0.06779256158225834,150.43081313498942,1.1518058776855469,0.0,4,False
1784693501.1261854,control2,af30b4e650,MOSEK,linear,False,42,278,0,20,-0.012903442180296109,149.80360281161217,1.3232355117797852,0.0,8,False
1784693501.143768,control2,af30b4e650,MOSEK,linear,False,42,278,1,10,-0.23701868027917,149.80360281161217,1.3232355117797852,0.0,4,False
1784693502.422448,control2,af30b4e650,MOSEK,linear,False,42,279,0,20,-0.005847657539704576,149.60748196863057,1.2520201206207275,0.0,7,False
1784693502.4284072,control2,af30b4e650,MOSEK,linear,False,42,279,1,10,-0.0907188203561678,149.60748196863057,1.2520201206207275,0.0009505748748779297,3,False
1784693503.814269,control2,af30b4e650,MOSEK,linear,False,42,280,0,20,-0.008554128544606463,149.47018162080468,1.3520495891571045,0.0,8,False
1784693503.8200533,control2,af30b4e650,MOSEK,linear,False,42,280,1,10,-0.14693643173107557,149.47018162080468,1.3520495891571045,0.0,4,False
1784693505.7259266,control2,af30b4e650,MOSEK,linear,False,42,281,0,20,-0.004822757130548502,149.23583770757716,1.8653130531311035,0.0011601448059082031,8,False
1784693505.7331514,control2,af30b4e650,MOSEK,linear,False,42,281,1,10,-0.05239801255217721,149.23583770757716,1.8653130531311035,0.0011525154113769531,3,False
1784693508.0123627,control2,af30b4e650,MOSEK,linear,False,42,282,0,20,-0.005656168796509153,148.99337410186422,2.240717649459839,0.0011868476867675781,7,False
1784693508.0229764,control2,af30b4e650,MOSEK,linear,False,42,282,1,10,-0.06333162545293727,148.99337410186422,2.240717649459839,0.0,4,False
1784693510.7395916,control2,af30b4e650,MOSEK,linear,False,42,283,0,20,-0.006316199167396302,148.84471561937326,2.676668882369995,0.0010290145874023438,7,False
1784693510.7490962,control2,af30b4e650,MOSEK,linear,False,42,283,1,10,-0.039039218784583656,148.84471561937326,2.676668882369995,0.0014052391052246094,4,False
1784693513.1634269,control2,af30b4e650,MOSEK,linear,False,42,284,0,20,-0.005832212626764541,148.65690422506745,2.3622679710388184,0.0,8,False
1784693513.1696758,control2,af30b4e650,MOSEK,linear,False,42,284,1,10,-0.044642923577933404,148.65690422506745,2.3622679710388184,0.0010123252868652344,4,False
1784693516.4416685,control2,af30b4e650,MOSEK,linear,False,42,285,0,20,-0.004615841271057499,148.439877682521,3.22664737701416,0.0015668869018554688,7,False
1784693516.452341,control2,af30b4e650,MOSEK,linear,False,42,285,1,10,-0.03323675927916101,148.439877682521,3.22664737701416,0.0010097026824951172,4,False
1784693519.2343519,control2,af30b4e650,MOSEK,linear,False,42,286,0,20,-0.003426062727696327,148.20274419652014,2.733590841293335,0.0006451606750488281,7,False
1784693519.2413568,control2,af30b4e650,MOSEK,linear,False,42,286,1,10,-0.03412705977353743,148.20274419652014,2.733590841293335,0.0,4,False
1784693521.487794,control2,af30b4e650,MOSEK,linear,False,42,287,0,20,-0.008681936191583433,147.9666083781703,2.186030626296997,0.00113677978515625,8,False
1784693521.499337,control2,af30b4e650,MOSEK,linear,False,42,287,1,10,-0.047485252015908766,147.9666083781703,2.186030626296997,0.0011682510375976562,5,False
1784693523.8950737,control2,af30b4e650,MOSEK,linear,False,42,288,0,20,-0.008337504252516526,147.66376006489722,2.3551833629608154,0.0,8,False
1784693523.9093184,control2,af30b4e650,MOSEK,linear,False,42,288,1,10,-0.15307085653345803,147.66376006489722,2.3551833629608154,0.001619100570678711,4,False
1784693526.3668845,control2,af30b4e650,MOSEK,linear,False,42,289,0,20,-0.007975604375731282,147.52183635056804,2.4200003147125244,0.0,7,False
1784693526.3758898,control2,af30b4e650,MOSEK,linear,False,42,289,1,10,-0.07340950478030574,147.52183635056804,2.4200003147125244,0.0009965896606445312,5,False
1784693528.59575,control2,af30b4e650,MOSEK,linear,False,42,290,0,20,-0.006089590349870552,147.2975811191073,2.1641845703125,0.0005345344543457031,8,False
1784693528.6083777,control2,af30b4e650,MOSEK,linear,False,42,290,1,10,-0.11799863156142758,147.2975811191073,2.1641845703125,0.0015227794647216797,4,False
1784693530.881417,control2,af30b4e650,MOSEK,linear,False,42,291,0,20,-0.003913471842069738,147.15261930400067,2.238629102706909,0.0011250972747802734,6,False
1784693530.8911617,control2,af30b4e650,MOSEK,linear,False,42,291,1,10,-0.21096198258541388,147.15261930400067,2.238629102706909,8.869171142578125e-05,3,False
1784693533.0347173,control2,af30b4e650,MOSEK,linear,False,42,292,0,20,-0.0055687337781975725,147.02558075158296,2.1045024394989014,0.0,8,False
1784693533.039271,control2,af30b4e650,MOSEK,linear,False,42,292,1,10,-0.08118665669869138,147.02558075158296,2.1045024394989014,0.0,4,False
1784693535.1890156,control2,af30b4e650,MOSEK,linear,False,42,293,0,20,-0.004956486355847116,146.69344998680867,2.1025612354278564,0.0,8,False
1784693535.1986666,control2,af30b4e650,MOSEK,linear,False,42,293,1,10,-0.06340467915659684,146.69344998680867,2.1025612354278564,0.0,4,False
1784693538.48636,control2,af30b4e650,MOSEK,linear,False,42,294,0,20,-0.006857734048838397,146.5197075349555,3.240898370742798,0.0010128021240234375,8,False
1784693538.4957302,control2,af30b4e650,MOSEK,linear,False,42,294,1,10,-0.19523173068485622,146.5197075349555,3.240898370742798,0.0007531642913818359,4,False
1784693541.2445118,control2,af30b4e650,MOSEK,linear,False,42,295,0,20,-0.00416531559263737,146.36080748025046,2.7022154331207275,0.0011615753173828125,7,False
1784693541.2538438,control2,af30b4e650,MOSEK,linear,False,42,295,1,10,-0.0828284965734797,146.36080748025046,2.7022154331207275,0.002137899398803711,3,False
1784693543.6658223,control2,af30b4e650,MOSEK,linear,False,42,296,0,20,-0.0033653665300093687,146.28225164546245,2.352296829223633,0.0009932518005371094,7,False
1784693543.673781,control2,af30b4e650,MOSEK,linear,False,42,296,1,10,-0.06291174070835738,146.28225164546245,2.352296829223633,0.0005352497100830078,3,False
1784693546.1669059,control2,af30b4e650,MOSEK,linear,False,42,297,0,20,-0.002943506387605107,146.20192578547955,2.4503815174102783,0.0015308856964111328,7,False
1784693546.1735015,control2,af30b4e650,MOSEK,linear,False,42,297,1,10,-0.05110669596167083,146.20192578547955,2.4503815174102783,0.001134634017944336,4,False
1784693548.3228104,control2,af30b4e650,MOSEK,linear,False,42,298,0,20,-0.004606413098735007,145.89754675294242,2.102050304412842,0.0015285015106201172,8,False
1784693548.3310466,control2,af30b4e650,MOSEK,linear,False,42,298,1,10,-0.1619147286618949,145.89754675294242,2.102050304412842,0.0005106925964355469,5,False
1784693550.7426114,control2,af30b4e650,MOSEK,linear,False,42,299,0,20,-0.0030198075125006155,145.8100423730939,2.358309745788574,0.0009970664978027344,8,False
1784693550.748873,control2,af30b4e650,MOSEK,linear,False,42,299,1,10,-0.11549475404827315,145.8100423730939,2.358309745788574,0.0010030269622802734,4,False
1784693553.1402006,control2,af30b4e650,MOSEK,linear,False,42,300,0,20,-0.008259835992984231,145.27241864474962,2.353205919265747,0.0009944438934326172,8,False
1784693553.148661,control2,af30b4e650,MOSEK,linear,False,42,300,1,10,-0.08211766705662726,145.27241864474962,2.353205919265747,0.0,4,False
1784693555.4473963,control2,af30b4e650,MOSEK,linear,False,42,301,0,20,-0.0072177551695090094,144.92726724168685,2.24699330329895,0.0009982585906982422,8,False
1784693555.4536624,control2,af30b4e650,MOSEK,linear,False,42,301,1,10,-0.04678398832061213,144.92726724168685,2.24699330329895,0.0012285709381103516,4,False
1784693557.9174778,control2,af30b4e650,MOSEK,linear,False,42,302,0,20,-0.005826102666585379,144.58511341473664,2.4050211906433105,0.0016722679138183594,8,False
1784693557.923678,control2,af30b4e650,MOSEK,linear,False,42,302,1,10,-0.12935094550955764,144.58511341473664,2.4050211906433105,0.00051116943359375,5,False
1784693560.351087,control2,af30b4e650,MOSEK,linear,False,42,303,0,20,-0.0053637170674807,144.32317851940212,2.381612539291382,0.000997304916381836,8,False
1784693560.355129,control2,af30b4e650,MOSEK,linear,False,42,303,1,10,-0.08121758433282637,144.32317851940212,2.381612539291382,0.0010025501251220703,4,False
1784693562.2166793,control2,af30b4e650,MOSEK,linear,False,42,304,0,20,-0.004171221398333823,144.1713979000087,1.8268654346466064,0.0,7,False
1784693562.225367,control2,af30b4e650,MOSEK,linear,False,42,304,1,10,-0.1430864562881916,144.1713979000087,1.8268654346466064,0.0009250640869140625,4,False
1784693564.0350926,control2,af30b4e650,MOSEK,linear,False,42,305,0,20,-0.009595025443781198,142.59246025088666,1.7553002834320068,0.001003265380859375,10,False
1784693564.0453534,control2,af30b4e650,MOSEK,linear,False,42,305,1,10,-0.15962856983948465,142.59246025088666,1.7553002834320068,0.0020613670349121094,5,False
1784693565.8879197,control2,af30b4e650,MOSEK,linear,False,42,306,0,20,-0.005768930090303475,142.19788232692093,1.8037333488464355,0.0009927749633789062,8,False
1784693565.895679,control2,af30b4e650,MOSEK,linear,False,42,306,1,10,-0.09246725816972294,142.19788232692093,1.8037333488464355,0.0,4,False
1784693567.750413,control2,af30b4e650,MOSEK,linear,False,42,307,0,20,-0.00799100249122173,142.00355939320355,1.814723014831543,0.0010752677917480469,7,False
1784693567.7588499,control2,af30b4e650,MOSEK,linear,False,42,307,1,10,-0.07518062400594817,142.00355939320355,1.814723014831543,0.0,3,False
1784693569.5824914,control2,af30b4e650,MOSEK,linear,False,42,308,0,20,-0.006175867958071848,141.83852247143386,1.789001226425171,0.0,8,False
1784693569.5944955,control2,af30b4e650,MOSEK,linear,False,42,308,1,10,-0.07697050274896629,141.83852247143386,1.789001226425171,0.0012345314025878906,4,False
1784693571.6770196,control2,af30b4e650,MOSEK,linear,False,42,309,0,20,-0.00722321985229351,141.6725808990648,2.044429302215576,0.0010008811950683594,7,False
1784693571.6825168,control2,af30b4e650,MOSEK,linear,False,42,309,1,10,-0.04504290204941026,141.6725808990648,2.044429302215576,0.0,5,False
1784693573.6281483,control2,af30b4e650,MOSEK,linear,False,42,310,0,20,-0.007156959416273242,141.45438888103217,1.9122791290283203,0.0010883808135986328,8,False
1784693573.6349318,control2,af30b4e650,MOSEK,linear,False,42,310,1,10,-0.08909990931936637,141.45438888103217,1.9122791290283203,0.0010764598846435547,4,False
1784693576.1993647,control2,af30b4e650,MOSEK,linear,False,42,311,0,20,-0.0038716795533013967,141.2595311028707,2.5269553661346436,0.0,8,False
1784693576.2057207,control2,af30b4e650,MOSEK,linear,False,42,311,1,10,-0.06455080502787536,141.2595311028707,2.5269553661346436,0.0011723041534423828,4,False
1784693577.9273617,control2,af30b4e650,MOSEK,linear,False,42,312,0,20,-0.006731325245438779,141.0961935558151,1.6704106330871582,0.0010063648223876953,8,False
1784693577.9343631,control2,af30b4e650,MOSEK,linear,False,42,312,1,10,-0.05340387325038283,141.0961935558151,1.6704106330871582,0.0010013580322265625,4,False
1784693579.722843,control2,af30b4e650,MOSEK,linear,False,42,313,0,20,-0.0042059463324832045,140.9246192993666,1.7472496032714844,0.0,8,False
1784693579.728078,control2,af30b4e650,MOSEK,linear,False,42,313,1,10,-0.045861224780587545,140.9246192993666,1.7472496032714844,0.00019240379333496094,4,False
1784693581.3685079,control2,af30b4e650,MOSEK,linear,False,42,314,0,20,-0.005733343005932454,140.71040462807025,1.596836805343628,0.0011706352233886719,7,False
1784693581.3754299,control2,af30b4e650,MOSEK,linear,False,42,314,1,10,-0.030543931253194923,140.71040462807025,1.596836805343628,0.0,3,False
1784693583.4693596,control2,af30b4e650,MOSEK,linear,False,42,315,0,20,-0.006943585923763169,140.5283858210517,2.055086851119995,0.001300811767578125,8,False
1784693583.476276,control2,af30b4e650,MOSEK,linear,False,42,315,1,10,-0.04634504594404261,140.5283858210517,2.055086851119995,0.0,4,False
1784693585.1334684,control2,af30b4e650,MOSEK,linear,False,42,316,0,20,-0.004291220337448666,140.41109347140122,1.6148643493652344,0.0,8,False
1784693585.141608,control2,af30b4e650,MOSEK,linear,False,42,316,1,10,-0.03198219913210585,140.41109347140122,1.6148643493652344,0.0,5,False
1784693586.8637052,control2,af30b4e650,MOSEK,linear,False,42,317,0,20,-0.0037354703990182085,140.28155919659542,1.6856660842895508,0.0,7,False
1784693586.8729024,control2,af30b4e650,MOSEK,linear,False,42,317,1,10,-0.03852891419609749,140.28155919659542,1.6856660842895508,0.001007080078125,4,False
1784693588.4291842,control2,af30b4e650,MOSEK,linear,False,42,318,0,20,-0.002921703754836502,140.21064349186258,1.5229132175445557,0.0009961128234863281,8,False
1784693588.4357169,control2,af30b4e650,MOSEK,linear,False,42,318,1,10,-0.03061921234236565,140.21064349186258,1.5229132175445557,0.0,5,False
1784693589.9189868,control2,af30b4e650,MOSEK,linear,False,42,319,0,20,-0.005082844198549318,140.1312669750111,1.4474725723266602,0.0020227432250976562,7,False
1784693589.923986,control2,af30b4e650,MOSEK,linear,False,42,319,1,10,-0.02015767407390259,140.1312669750111,1.4474725723266602,0.0,4,False
1784693591.519961,control2,af30b4e650,MOSEK,linear,False,42,320,0,20,-0.0035463000855246664,140.08116877281637,1.5634255409240723,0.0,7,False
1784693591.5249078,control2,af30b4e650,MOSEK,linear,False,42,320,1,10,-0.04313416130795104,140.08116877281637,1.5634255409240723,0.0009965896606445312,4,False
1784693592.847723,control2,af30b4e650,MOSEK,linear,False,42,321,0,20,-0.002921847852289057,140.02588982876404,1.2966971397399902,0.00106048583984375,7,False
1784693592.8527293,control2,af30b4e650,MOSEK,linear,False,42,321,1,10,-0.022470081311612163,140.02588982876404,1.2966971397399902,0.001008749008178711,4,False
1784693594.182181,control2,af30b4e650,MOSEK,linear,False,42,322,0,20,-0.0026338117253850604,139.96670382017112,1.3020236492156982,0.0005133152008056641,7,False
1784693594.1867852,control2,af30b4e650,MOSEK,linear,False,42,322,1,10,-0.03854511945896093,139.96670382017112,1.3020236492156982,0.0005261898040771484,4,False
1784693595.4960291,control2,af30b4e650,MOSEK,linear,False,42,323,0,20,-0.012210640315946524,139.15948769722667,1.2780442237854004,0.0005104541778564453,7,False
1784693595.4997046,control2,af30b4e650,MOSEK,linear,False,42,323,1,10,-0.21510638938284418,139.15948769722667,1.2780442237854004,0.0,4,False
1784693596.93662,control2,af30b4e650,MOSEK,linear,False,42,324,0,20,-0.009818853162196672,138.9448168692114,1.4076721668243408,0.0,7,False
1784693596.9394002,control2,af30b4e650,MOSEK,linear,False,42,324,1,10,-0.1485842420896414,138.9448168692114,1.4076721668243408,0.0,3,False
1784693598.1488438,control2,af30b4e650,MOSEK,linear,False,42,325,0,20,-0.006765098411677483,138.71400577346262,1.1767077445983887,0.0005710124969482422,9,False
1784693598.1518426,control2,af30b4e650,MOSEK,linear,False,42,325,1,10,-0.08433271337395312,138.71400577346262,1.1767077445983887,0.0010080337524414062,3,False
1784693599.485877,control2,af30b4e650,MOSEK,linear,False,42,326,0,20,-0.0047451729502140895,138.60022074316794,1.3057548999786377,0.0,7,False
1784693599.4900713,control2,af30b4e650,MOSEK,linear,False,42,326,1,10,-0.06571086782893422,138.60022074316794,1.3057548999786377,0.0,4,False
1784693600.8163624,control2,af30b4e650,MOSEK,linear,False,42,327,0,20,-0.004012712218776414,138.38522383582313,1.2990963459014893,0.0,8,False
1784693600.8204813,control2,af30b4e650,MOSEK,linear,False,42,327,1,10,-0.04756663986839736,138.38522383582313,1.2990963459014893,0.0009398460388183594,3,False
1784693602.1381397,control2,af30b4e650,MOSEK,linear,False,42,328,0,20,-0.0032078868198740142,138.2050204495579,1.294867753982544,0.0,7,False
1784693602.1441371,control2,af30b4e650,MOSEK,linear,False,42,328,1,10,-0.0677614279268954,138.2050204495579,1.294867753982544,0.0,4,False
1784693603.3302724,control2,af30b4e650,MOSEK,linear,False,42,329,0,20,-0.0056499557847921565,138.07135077400932,1.1572089195251465,0.0,8,False
1784693603.3343427,control2,af30b4e650,MOSEK,linear,False,42,329,1,10,-0.07434807085087503,138.07135077400932,1.1572089195251465,0.0,4,False
1784693604.6910853,control2,af30b4e650,MOSEK,linear,False,42,330,0,20,-0.0038725901511952256,137.8394329680555,1.3291120529174805,0.0,8,False
1784693604.6950438,control2,af30b4e650,MOSEK,linear,False,42,330,1,10,-0.08009592713171992,137.8394329680555,1.3291120529174805,0.0,4,False
1784693605.9364848,control2,af30b4e650,MOSEK,linear,False,42,331,0,20,-0.003601768834273896,137.76531424297505,1.2154242992401123,0.0,7,False
1784693605.9404705,control2,af30b4e650,MOSEK,linear,False,42,331,1,10,-0.039156851868406874,137.76531424297505,1.2154242992401123,0.000989675521850586,5,False
1784693607.2116597,control2,af30b4e650,MOSEK,linear,False,42,332,0,20,-0.006422754609405342,137.60590836953736,1.2456727027893066,0.0010097026824951172,7,False
1784693607.2146163,control2,af30b4e650,MOSEK,linear,False,42,332,1,10,-0.053741598840430026,137.60590836953736,1.2456727027893066,0.0,4,False
1784693608.901111,control2,af30b4e650,MOSEK,linear,False,42,333,0,20,-0.0061591450777520335,137.5071169943589,1.6521549224853516,0.0009737014770507812,8,False
1784693608.9073596,control2,af30b4e650,MOSEK,linear,False,42,333,1,10,-0.0590206128221784,137.5071169943589,1.6521549224853516,0.0009751319885253906,5,False
1784693610.8651636,control2,af30b4e650,MOSEK,linear,False,42,334,0,20,-0.005008994724530097,137.46404855164826,1.9229209423065186,0.0010612010955810547,8,False
1784693610.877732,control2,af30b4e650,MOSEK,linear,False,42,334,1,10,-0.06617549694851632,137.46404855164826,1.9229209423065186,0.0005085468292236328,4,False
1784693613.1425242,control2,af30b4e650,MOSEK,linear,False,42,335,0,20,-0.0037271275845208356,137.3982365354551,2.2163712978363037,0.0010039806365966797,8,False
1784693613.1485744,control2,af30b4e650,MOSEK,linear,False,42,335,1,10,-0.053538737321480595,137.3982365354551,2.2163712978363037,0.0010006427764892578,5,False
1784693615.152228,control2,af30b4e650,MOSEK,linear,False,42,336,0,20,-0.004172300899079393,137.3065527403216,1.9640932083129883,0.0005536079406738281,8,False
1784693615.156137,control2,af30b4e650,MOSEK,linear,False,42,336,1,10,-0.03776771851273852,137.3065527403216,1.9640932083129883,0.0011336803436279297,4,False
1784693616.8835993,control2,af30b4e650,MOSEK,linear,False,42,337,0,20,-0.002888615737433978,137.29189624640162,1.694502592086792,0.0,6,False
1784693616.8903913,control2,af30b4e650,MOSEK,linear,False,42,337,1,10,-0.031007068700834896,137.29189624640162,1.694502592086792,0.0,4,False
1784693619.239588,control2,af30b4e650,MOSEK,linear,False,42,338,0,20,-0.0035312505699838345,137.05659356537322,2.316520929336548,0.0010714530944824219,7,False
1784693619.2431476,control2,af30b4e650,MOSEK,linear,False,42,338,1,10,-0.06725680640762247,137.05659356537322,2.316520929336548,0.0,4,False
1784693621.00788,control2,af30b4e650,MOSEK,linear,False,42,339,0,20,-0.00461408292311214,136.93166797032086,1.7267074584960938,0.0011548995971679688,8,False
1784693621.0129037,control2,af30b4e650,MOSEK,linear,False,42,339,1,10,-0.06902652617898684,136.93166797032086,1.7267074584960938,0.0,5,False
1784693622.442515,control2,af30b4e650,MOSEK,linear,False,42,340,0,20,-0.009709773979821226,136.10368325554458,1.3918218612670898,0.0,8,False
1784693622.4477134,control2,af30b4e650,MOSEK,linear,False,42,340,1,10,-0.07240500911998403,136.10368325554458,1.3918218612670898,0.001046895980834961,4,False
1784693623.9563978,control2,af30b4e650,MOSEK,linear,False,42,341,0,20,-0.0071799362568320925,135.8186963528494,1.4776182174682617,0.0,8,False
1784693623.9607103,control2,af30b4e650,MOSEK,linear,False,42,341,1,10,-0.06838765363793006,135.8186963528494,1.4776182174682617,0.0,4,False
1784693625.6204667,control2,af30b4e650,MOSEK,linear,False,42,342,0,20,-0.005665737315090222,135.49962491108627,1.6263420581817627,0.0010116100311279297,7,False
1784693625.6273215,control2,af30b4e650,MOSEK,linear,False,42,342,1,10,-0.04843962909854258,135.49962491108627,1.6263420581817627,0.0,3,False
1784693627.2697372,control2,af30b4e650,MOSEK,linear,False,42,343,0,20,-0.014373055488903648,135.09972627477867,1.610243558883667,0.00014162063598632812,8,False
1784693627.2746217,control2,af30b4e650,MOSEK,linear,False,42,343,1,10,-0.034395942435304756,135.09972627477867,1.610243558883667,0.0005786418914794922,4,False
1784693628.8733497,control2,af30b4e650,MOSEK,linear,False,42,344,0,20,-0.007982173390398596,134.97258796891896,1.548048973083496,0.0015516281127929688,7,False
1784693628.8806174,control2,af30b4e650,MOSEK,linear,False,42,344,1,10,-0.06224623763686949,134.97258796891896,1.548048973083496,0.0005125999450683594,4,False
1784693630.5871253,control2,af30b4e650,MOSEK,linear,False,42,345,0,20,-0.004863817878492347,134.8229934222437,1.6733670234680176,0.0,7,False
1784693630.591142,control2,af30b4e650,MOSEK,linear,False,42,345,1,10,-0.022960172004884954,134.8229934222437,1.6733670234680176,0.001146078109741211,4,False
1784693632.0582821,control2,af30b4e650,MOSEK,linear,False,42,346,0,20,-0.00649256963855878,134.7083703853954,1.4373869895935059,0.0,8,False
1784693632.0659542,control2,af30b4e650,MOSEK,linear,False,42,346,1,10,-0.04710563562923904,134.7083703853954,1.4373869895935059,0.0009982585906982422,4,False
1784693633.6327534,control2,af30b4e650,MOSEK,linear,False,42,347,0,20,-0.0020928536289629685,134.5861037389855,1.5226197242736816,0.0,7,False
1784693633.6407652,control2,af30b4e650,MOSEK,linear,False,42,347,1,10,-0.03427289442969147,134.5861037389855,1.5226197242736816,0.0010476112365722656,4,False
1784693635.3301427,control2,af30b4e650,MOSEK,linear,False,42,348,0,20,-0.004778603645990174,134.1444872623276,1.6601860523223877,0.0010564327239990234,7,False
1784693635.3358057,control2,af30b4e650,MOSEK,linear,False,42,348,1,10,-0.08609043174444883,134.1444872623276,1.6601860523223877,0.0,4,False
1784693636.8965807,control2,af30b4e650,MOSEK,linear,False,42,349,0,20,-0.005913991803214933,133.87659468288808,1.5323727130889893,0.0,8,False
1784693636.9026258,control2,af30b4e650,MOSEK,linear,False,42,349,1,10,-0.09972008850410585,133.87659468288808,1.5323727130889893,0.0,4,False
1784693638.3866498,control2,af30b4e650,MOSEK,linear,False,42,350,0,20,-0.0027954483688855647,133.80202238962102,1.4481031894683838,0.0,7,False
1784693638.394974,control2,af30b4e650,MOSEK,linear,False,42,350,1,10,-0.08420070153122226,133.80202238962102,1.4481031894683838,0.0005886554718017578,3,False
1784693639.916075,control2,af30b4e650,MOSEK,linear,False,42,351,0,20,-0.0038615060498683297,133.6744977707977,1.4887633323669434,0.0,7,False
1784693639.942202,control2,af30b4e650,MOSEK,linear,False,42,351,1,10,-0.06647512312617608,133.6744977707977,1.4887633323669434,0.0,4,False
1784693641.441691,control2,af30b4e650,MOSEK,linear,False,42,352,0,20,-0.00817089322264247,132.83352281120582,1.4642226696014404,0.0,8,False
1784693641.4459743,control2,af30b4e650,MOSEK,linear,False,42,352,1,10,-0.06182161405783687,132.83352281120582,1.4642226696014404,0.0006003379821777344,4,False
1784693643.286527,control2,af30b4e650,MOSEK,linear,False,42,353,0,20,-0.007404478469410649,132.34697580264788,1.797600507736206,0.0005135536193847656,7,False
1784693643.2934937,control2,af30b4e650,MOSEK,linear,False,42,353,1,10,-0.11913591480464038,132.34697580264788,1.797600507736206,0.0,4,False
1784693645.2925043,control2,af30b4e650,MOSEK,linear,False,42,354,0,20,-0.005211603388673964,132.19273813698274,1.9633183479309082,0.0,7,False
1784693645.3001475,control2,af30b4e650,MOSEK,linear,False,42,354,1,10,-0.08375963389248509,132.19273813698274,1.9633183479309082,0.0010118484497070312,3,False
1784693646.955195,control2,af30b4e650,MOSEK,linear,False,42,355,0,20,-0.005914681276390857,131.9462255273565,1.6252367496490479,0.0009207725524902344,7,False
1784693646.9618444,control2,af30b4e650,MOSEK,linear,False,42,355,1,10,-0.07332525008372731,131.9462255273565,1.6252367496490479,0.0,3,False
1784693648.5662177,control2,af30b4e650,MOSEK,linear,False,42,356,0,20,-0.004808087282505721,131.7722322896102,1.565976858139038,0.0,7,False
1784693648.5713432,control2,af30b4e650,MOSEK,linear,False,42,356,1,10,-0.07441952941508877,131.7722322896102,1.565976858139038,0.0,4,False
1784693650.2414207,control2,af30b4e650,MOSEK,linear,False,42,357,0,20,-0.00608128961136278,131.36834056054772,1.6364192962646484,0.0010113716125488281,8,False
1784693650.2473803,control2,af30b4e650,MOSEK,linear,False,42,357,1,10,-0.08485070771849017,131.36834056054772,1.6364192962646484,0.0,4,False
1784693651.779289,control2,af30b4e650,MOSEK,linear,False,42,358,0,20,-0.0036282816499278456,131.30531480921954,1.4969091415405273,0.0009844303131103516,7,False
1784693651.78544,control2,af30b4e650,MOSEK,linear,False,42,358,1,10,-0.03629652667214122,131.30531480921954,1.4969091415405273,0.0,3,False
1784693653.2759173,control2,af30b4e650,MOSEK,linear,False,42,359,0,20,-0.004546405936947366,131.23308380333205,1.4573416709899902,0.0011217594146728516,8,False
1784693653.280948,control2,af30b4e650,MOSEK,linear,False,42,359,1,10,-0.05292734361163558,131.23308380333205,1.4573416709899902,0.0,4,False
1784693654.6658142,control2,af30b4e650,MOSEK,linear,False,42,360,0,20,-0.0046387094791980705,131.05256305269927,1.3564321994781494,0.0,8,False
1784693654.6715996,control2,af30b4e650,MOSEK,linear,False,42,360,1,10,-0.03739644885735897,131.05256305269927,1.3564321994781494,0.0,4,False
1784693656.188426,control2,af30b4e650,MOSEK,linear,False,42,361,0,20,-0.004078600377519603,130.94610600257158,1.4878756999969482,0.0,7,False
1784693656.1943686,control2,af30b4e650,MOSEK,linear,False,42,361,1,10,-0.05062749375155225,130.94610600257158,1.4878756999969482,0.0,4,False
1784693657.628412,control2,af30b4e650,MOSEK,linear,False,42,362,0,20,-0.006093179511390954,130.8429237108414,1.4014630317687988,0.0,7,False
1784693657.634215,control2,af30b4e650,MOSEK,linear,False,42,362,1,10,-0.03060326321482224,130.8429237108414,1.4014630317687988,0.0009911060333251953,4,False
1784693659.0089507,control2,af30b4e650,MOSEK,linear,False,42,363,0,20,-0.00426083945403508,130.6125324301617,1.3431293964385986,0.000990152359008789,8,False
1784693659.018229,control2,af30b4e650,MOSEK,linear,False,42,363,1,10,-0.06173812458256399,130.6125324301617,1.3431293964385986,0.0010533332824707031,4,False
1784693660.3993585,control2,af30b4e650,MOSEK,linear,False,42,364,0,20,-0.0035402675477384437,130.556953484354,1.3475160598754883,0.0,7,False
1784693660.405937,control2,af30b4e650,MOSEK,linear,False,42,364,1,10,-0.03576639741375223,130.556953484354,1.3475160598754883,0.0,4,False
1784693661.8767712,control2,af30b4e650,MOSEK,linear,False,42,365,0,20,-0.0033258827610841836,130.46602001836834,1.4458889961242676,0.0,8,False
1784693661.8843217,control2,af30b4e650,MOSEK,linear,False,42,365,1,10,-0.05634247374933999,130.46602001836834,1.4458889961242676,0.0,3,False
1784693663.350789,control2,af30b4e650,MOSEK,linear,False,42,366,0,20,-0.005891491416185602,130.36780884078263,1.4395921230316162,0.0,7,False
1784693663.356812,control2,af30b4e650,MOSEK,linear,False,42,366,1,10,-0.031365587196896506,130.36780884078263,1.4395921230316162,0.0,3,False
1784693664.6705663,control2,af30b4e650,MOSEK,linear,False,42,367,0,20,-0.0033019831216938808,130.29003682373204,1.28080153465271,0.0,7,False
1784693664.6755612,control2,af30b4e650,MOSEK,linear,False,42,367,1,10,-0.02204401900042918,130.29003682373204,1.28080153465271,0.0,4,False
1784693666.2205114,control2,af30b4e650,MOSEK,linear,False,42,368,0,20,-0.0033373819011830543,130.1712692063919,1.5039546489715576,0.0,7,False
1784693666.2273486,control2,af30b4e650,MOSEK,linear,False,42,368,1,10,-0.020612715329295785,130.1712692063919,1.5039546489715576,0.0009365081787109375,4,False
1784693667.7699378,control2,af30b4e650,MOSEK,linear,False,42,369,0,20,-0.003014955035607525,130.1341095622199,1.5119075775146484,0.0010058879852294922,7,False
1784693667.7749174,control2,af30b4e650,MOSEK,linear,False,42,369,1,10,-0.03364529768368736,130.1341095622199,1.5119075775146484,0.0009491443634033203,3,False
1784693669.2717853,control2,af30b4e650,MOSEK,linear,False,42,370,0,20,-0.0028668471929040574,130.08430023949,1.4659795761108398,0.0009665489196777344,6,False
1784693669.2785218,control2,af30b4e650,MOSEK,linear,False,42,370,1,10,-0.023480099587050784,130.08430023949,1.4659795761108398,0.0010025501251220703,4,False
1784693670.6348178,control2,af30b4e650,MOSEK,linear,False,42,371,0,20,-0.002404353680173261,130.02827646503096,1.3254413604736328,0.0,7,False
1784693670.6399932,control2,af30b4e650,MOSEK,linear,False,42,371,1,10,-0.017237508402908715,130.02827646503096,1.3254413604736328,0.0,3,False
1784693672.080411,control2,af30b4e650,MOSEK,linear,False,42,372,0,20,-0.005191564016906096,129.81306861071863,1.4117815494537354,0.0,8,False
1784693672.0890126,control2,af30b4e650,MOSEK,linear,False,42,372,1,10,-0.06180883191987738,129.81306861071863,1.4117815494537354,0.00096893310546875,4,False
1784693673.7527678,control2,af30b4e650,MOSEK,linear,False,42,373,0,20,-0.004328972189359703,129.66178579074267,1.6313073635101318,0.0010859966278076172,7,False
1784693673.757706,control2,af30b4e650,MOSEK,linear,False,42,373,1,10,-0.042297079034746776,129.66178579074267,1.6313073635101318,0.0010237693786621094,4,False
1784693675.299924,control2,af30b4e650,MOSEK,linear,False,42,374,0,20,-0.002668059171946031,129.53292540439412,1.5069172382354736,0.0,8,False
1784693675.306942,control2,af30b4e650,MOSEK,linear,False,42,374,1,10,-0.03822130938940692,129.53292540439412,1.5069172382354736,0.0010483264923095703,4,False
1784693676.874512,control2,af30b4e650,MOSEK,linear,False,42,375,0,20,-0.002564129432086903,129.45938549276502,1.5306971073150635,0.0,7,False
1784693676.881159,control2,af30b4e650,MOSEK,linear,False,42,375,1,10,-0.05090007054788834,129.45938549276502,1.5306971073150635,0.0010008811950683594,4,False
1784693678.2386646,control2,af30b4e650,MOSEK,linear,False,42,376,0,20,-0.003478012278084845,129.28830182059468,1.3230278491973877,0.0,8,False
1784693678.2416728,control2,af30b4e650,MOSEK,linear,False,42,376,1,10,-0.06629619420525365,129.28830182059468,1.3230278491973877,0.0009875297546386719,3,False
1784693679.6558206,control2,af30b4e650,MOSEK,linear,False,42,377,0,20,-0.005171463698645106,129.02785102287666,1.383225679397583,0.0,7,False
1784693679.6605697,control2,af30b4e650,MOSEK,linear,False,42,377,1,10,-0.06578091353201128,129.02785102287666,1.383225679397583,0.0,4,False
1784693681.1169705,control2,af30b4e650,MOSEK,linear,False,42,378,0,20,-0.006160017790745621,128.8569216678983,1.4261786937713623,0.0014274120330810547,7,False
1784693681.1240954,control2,af30b4e650,MOSEK,linear,False,42,378,1,10,-0.02635317371339814,128.8569216678983,1.4261786937713623,0.0,4,False
1784693682.7640505,control2,af30b4e650,MOSEK,linear,False,42,379,0,20,-0.0035546246416524913,128.74048689796754,1.60929274559021,0.0,7,False
1784693682.7692127,control2,af30b4e650,MOSEK,linear,False,42,379,1,10,-0.025597369377518716,128.74048689796754,1.60929274559021,0.0010006427764892578,4,False
1784693684.1724162,control2,af30b4e650,MOSEK,linear,False,42,380,0,20,-0.0036646351109668202,128.6552999436388,1.3704233169555664,0.0,7,False
1784693684.176497,control2,af30b4e650,MOSEK,linear,False,42,380,1,10,-0.014709786451699403,128.6552999436388,1.3704233169555664,0.0,4,False
1784693685.706198,control2,af30b4e650,MOSEK,linear,False,42,381,0,20,-0.004809110335787803,128.54494472899847,1.497992753982544,0.0010447502136230469,7,False
1784693685.7267063,control2,af30b4e650,MOSEK,linear,False,42,381,1,10,-0.03499255840902536,128.54494472899847,1.497992753982544,0.0,4,False
1784693687.275831,control2,af30b4e650,MOSEK,linear,False,42,382,0,20,-0.004628907990731224,128.4020407157215,1.5157520771026611,0.0008337497711181641,7,False
1784693687.2808263,control2,af30b4e650,MOSEK,linear,False,42,382,1,10,-0.07814646209401784,128.4020407157215,1.5157520771026611,0.0009067058563232422,4,False
1784693688.7771554,control2,af30b4e650,MOSEK,linear,False,42,383,0,20,-0.0035872997073586824,128.17924225568714,1.464529275894165,0.0009837150573730469,8,False
1784693688.7830167,control2,af30b4e650,MOSEK,linear,False,42,383,1,10,-0.08547084952267105,128.17924225568714,1.464529275894165,0.0005950927734375,4,False
1784693690.2668812,control2,af30b4e650,MOSEK,linear,False,42,384,0,20,-0.003712041400542546,128.06702396967094,1.4453985691070557,0.0010843276977539062,8,False
1784693690.2726498,control2,af30b4e650,MOSEK,linear,False,42,384,1,10,-0.03794740796949328,128.06702396967094,1.4453985691070557,0.0,3,False
1784693691.8003798,control2,af30b4e650,MOSEK,linear,False,42,385,0,20,-0.003168556068834054,127.92721401731364,1.4928200244903564,0.0011105537414550781,8,False
1784693691.8064356,control2,af30b4e650,MOSEK,linear,False,42,385,1,10,-0.05380408576069785,127.92721401731364,1.4928200244903564,7.867813110351562e-05,3,False
1784693693.3478181,control2,af30b4e650,MOSEK,linear,False,42,386,0,20,-0.0027324297380780086,127.86274177870956,1.5095186233520508,0.0010056495666503906,7,False
1784693693.3528526,control2,af30b4e650,MOSEK,linear,False,42,386,1,10,-0.05031228777706369,127.86274177870956,1.5095186233520508,0.0,4,False
1784693694.8369513,control2,af30b4e650,MOSEK,linear,False,42,387,0,20,-0.0030317542518691416,127.78481861801961,1.4550988674163818,0.0,7,False
1784693694.8420699,control2,af30b4e650,MOSEK,linear,False,42,387,1,10,-0.037810185080391405,127.78481861801961,1.4550988674163818,0.0008785724639892578,4,False
1784693696.257286,control2,af30b4e650,MOSEK,linear,False,42,388,0,20,-0.002871102082309748,127.74641102378946,1.3864765167236328,0.0010461807250976562,7,False
1784693696.263841,control2,af30b4e650,MOSEK,linear,False,42,388,1,10,-0.03285253445261747,127.74641102378946,1.3864765167236328,0.0,3,False
1784693698.1035454,control2,af30b4e650,MOSEK,linear,False,42,389,0,20,-0.006916186964943864,127.50939497472544,1.7987735271453857,0.0010182857513427734,8,False
1784693698.1127026,control2,af30b4e650,MOSEK,linear,False,42,389,1,10,-0.08588792310546063,127.50939497472544,1.7987735271453857,0.0011816024780273438,4,False
1784693699.8737195,control2,af30b4e650,MOSEK,linear,False,42,390,0,20,-0.0076159425536348755,127.41393433926213,1.7289643287658691,0.0,7,False
1784693699.8800082,control2,af30b4e650,MOSEK,linear,False,42,390,1,10,-0.026605052261450563,127.41393433926213,1.7289643287658691,0.0008633136749267578,4,False
1784693701.569487,control2,af30b4e650,MOSEK,linear,False,42,391,0,20,-0.006091249288282698,127.29026433166213,1.6562676429748535,0.0009729862213134766,8,False
1784693701.574251,control2,af30b4e650,MOSEK,linear,False,42,391,1,10,-0.059397693506529015,127.29026433166213,1.6562676429748535,0.0005247592926025391,3,False
1784693703.571543,control2,af30b4e650,MOSEK,linear,False,42,392,0,20,-0.004043151600818424,127.20715697470577,1.9616293907165527,0.0,9,False
1784693703.5780532,control2,af30b4e650,MOSEK,linear,False,42,392,1,10,-0.03259415132150665,127.20715697470577,1.9616293907165527,0.0,4,False
1784693705.2271166,control2,af30b4e650,MOSEK,linear,False,42,393,0,20,-0.004296121734087224,127.04085773425408,1.6132512092590332,0.001012563705444336,8,False
1784693705.23281,control2,af30b4e650,MOSEK,linear,False,42,393,1,10,-0.0232624760990516,127.04085773425408,1.6132512092590332,0.0,3,False
1784693706.9745696,control2,af30b4e650,MOSEK,linear,False,42,394,0,20,-0.0032950055192853146,126.75992372325175,1.7066795825958252,0.0,6,False
1784693706.980227,control2,af30b4e650,MOSEK,linear,False,42,394,1,10,-0.029205138225176994,126.75992372325175,1.7066795825958252,0.0,4,False
1784693708.69227,control2,af30b4e650,MOSEK,linear,False,42,395,0,20,-0.0030085954070550084,126.64772808922561,1.671597957611084,0.0,7,False
1784693708.6973565,control2,af30b4e650,MOSEK,linear,False,42,395,1,10,-0.02877902169303129,126.64772808922561,1.671597957611084,0.0,4,False
1784693710.30365,control2,af30b4e650,MOSEK,linear,False,42,396,0,20,-0.004418975906271221,126.54805111278998,1.5692007541656494,0.0011038780212402344,8,False
1784693710.3100526,control2,af30b4e650,MOSEK,linear,False,42,396,1,10,-0.03571969239959239,126.54805111278998,1.5692007541656494,0.0,4,False
1784693711.8420463,control2,af30b4e650,MOSEK,linear,False,42,397,0,20,-0.010805058083634696,126.28932057161579,1.4977290630340576,0.001005411148071289,9,False
1784693711.8488734,control2,af30b4e650,MOSEK,linear,False,42,397,1,10,-0.06522552967334315,126.28932057161579,1.4977290630340576,0.0010347366333007812,4,False
1784693713.5438588,control2,af30b4e650,MOSEK,linear,False,42,398,0,20,-0.007505524515099104,126.11472552305267,1.6639740467071533,0.0009663105010986328,7,False
1784693713.551402,control2,af30b4e650,MOSEK,linear,False,42,398,1,10,-0.05238113564174436,126.11472552305267,1.6639740467071533,0.0,4,False
1784693715.0650065,control2,af30b4e650,MOSEK,linear,False,42,399,0,20,-0.0061500016437911805,126.00025512961254,1.485962152481079,0.0,7,False
1784693715.0683057,control2,af30b4e650,MOSEK,linear,False,42,399,1,10,-0.049332025685854555,126.00025512961254,1.485962152481079,0.0,5,False
1784693716.559393,control2,af30b4e650,MOSEK,linear,False,42,400,0,20,-0.008244612622719426,125.84489918906645,1.4500150680541992,0.0,7,False
1784693716.5625205,control2,af30b4e650,MOSEK,linear,False,42,400,1,10,-0.06282693898386983,125.84489918906645,1.4500150680541992,0.0005123615264892578,4,False
1784693718.1002605,control2,af30b4e650,MOSEK,linear,False,42,401,0,20,-0.005185817702803504,125.68112369779055,1.5063624382019043,0.0009961128234863281,7,False
1784693718.1069152,control2,af30b4e650,MOSEK,linear,False,42,401,1,10,-0.030540127016695732,125.68112369779055,1.5063624382019043,0.0,4,False
1784693719.8760896,control2,af30b4e650,MOSEK,linear,False,42,402,0,20,-0.006598047272352873,125.50604540264305,1.7333941459655762,0.0010542869567871094,7,False
1784693719.882361,control2,af30b4e650,MOSEK,linear,False,42,402,1,10,-0.03484865211783419,125.50604540264305,1.7333941459655762,0.0,5,False
1784693721.295662,control2,af30b4e650,MOSEK,linear,False,42,403,0,20,-0.00499154353002183,125.3995579239999,1.3761358261108398,0.0,7,False
1784693721.3016105,control2,af30b4e650,MOSEK,linear,False,42,403,1,10,-0.028839956774588116,125.3995579239999,1.3761358261108398,0.0010001659393310547,3,False
1784693722.952654,control2,af30b4e650,MOSEK,linear,False,42,404,0,20,-0.003696778917228952,125.31519245438469,1.6182975769042969,0.0,7,False
1784693722.957679,control2,af30b4e650,MOSEK,linear,False,42,404,1,10,-0.06820173573531436,125.31519245438469,1.6182975769042969,0.0,4,False
1784693724.5942452,control2,af30b4e650,MOSEK,linear,False,42,405,0,20,-0.002122373535554523,125.19475368630565,1.600475788116455,0.0010209083557128906,7,False
1784693724.59831,control2,af30b4e650,MOSEK,linear,False,42,405,1,10,-0.04675835463174201,125.19475368630565,1.600475788116455,0.0,4,False
1784693726.478799,control2,af30b4e650,MOSEK,linear,False,42,406,0,20,-0.0022833034667858725,125.14601137808069,1.844860315322876,0.0,7,False
1784693726.4864473,control2,af30b4e650,MOSEK,linear,False,42,406,1,10,-0.027967747782578257,125.14601137808069,1.844860315322876,0.0,4,False
1784693728.253823,control2,af30b4e650,MOSEK,linear,False,42,407,0,20,-0.0018441381869519883,125.1263249426348,1.7278783321380615,0.0006210803985595703,7,False
1784693728.2602262,control2,af30b4e650,MOSEK,linear,False,42,407,1,10,-0.0389059983269549,125.1263249426348,1.7278783321380615,0.0002448558807373047,4,False
1784693730.1356974,control2,af30b4e650,MOSEK,linear,False,42,408,0,20,-0.00548985094723497,124.84802523625774,1.831042766571045,0.00106048583984375,7,False
1784693730.1426885,control2,af30b4e650,MOSEK,linear,False,42,408,1,10,-0.06313426175362151,124.84802523625774,1.831042766571045,0.0,3,False
1784693732.1480105,control2,af30b4e650,MOSEK,linear,False,42,409,0,20,-0.007478108864187527,124.64622302116825,1.9738590717315674,0.0,7,False
1784693732.1559181,control2,af30b4e650,MOSEK,linear,False,42,409,1,10,-0.03396509124327404,124.64622302116825,1.9738590717315674,0.0010061264038085938,4,False
1784693734.028112,control2,af30b4e650,MOSEK,linear,False,42,410,0,20,-0.007275920179621067,124.54512162947074,1.832437515258789,0.0,8,False
1784693734.0328624,control2,af30b4e650,MOSEK,linear,False,42,410,1,10,-0.03119893152347615,124.54512162947074,1.832437515258789,0.0008664131164550781,4,False
1784693735.8270872,control2,af30b4e650,MOSEK,linear,False,42,411,0,20,-0.005124820540096364,124.44536164264217,1.7587382793426514,0.0,7,False
1784693735.8337178,control2,af30b4e650,MOSEK,linear,False,42,411,1,10,-0.029008192793284763,124.44536164264217,1.7587382793426514,0.0006165504455566406,4,False
1784693737.4456913,control2,af30b4e650,MOSEK,linear,False,42,412,0,20,-0.007997524917207358,123.78322346327997,1.5809485912322998,0.0,7,False
1784693737.4526362,control2,af30b4e650,MOSEK,linear,False,42,412,1,10,-0.05169618199575042,123.78322346327997,1.5809485912322998,0.0009989738464355469,4,False
1784693739.2720773,control2,af30b4e650,MOSEK,linear,False,42,413,0,20,-0.008387843917632186,123.55145434586451,1.7841911315917969,0.0005638599395751953,7,False
1784693739.2796512,control2,af30b4e650,MOSEK,linear,False,42,413,1,10,-0.0904994852346317,123.55145434586451,1.7841911315917969,0.0,4,False
1784693740.9104412,control2,af30b4e650,MOSEK,linear,False,42,414,0,20,-0.006513059612773631,123.31711376682205,1.599191427230835,0.0,8,False
1784693740.9154038,control2,af30b4e650,MOSEK,linear,False,42,414,1,10,-0.05003188111367431,123.31711376682205,1.599191427230835,0.0006616115570068359,4,False
1784693742.7580712,control2,af30b4e650,MOSEK,linear,False,42,415,0,20,-0.0045386842419120055,123.18301872577362,1.8047749996185303,0.0,7,False
1784693742.7656796,control2,af30b4e650,MOSEK,linear,False,42,415,1,10,-0.0357728227059436,123.18301872577362,1.8047749996185303,0.0012123584747314453,3,False
1784693744.6965168,control2,af30b4e650,MOSEK,linear,False,42,416,0,20,-0.0051810380040480134,123.08022724490526,1.8892500400543213,0.0010478496551513672,8,False
1784693744.7013657,control2,af30b4e650,MOSEK,linear,False,42,416,1,10,-0.054821332628093425,123.08022724490526,1.8892500400543213,0.0008702278137207031,5,False
1784693746.8570757,control2,af30b4e650,MOSEK,linear,False,42,417,0,20,-0.004116809623660103,123.02009929724966,2.1186909675598145,0.0010554790496826172,8,False
1784693746.863057,control2,af30b4e650,MOSEK,linear,False,42,417,1,10,-0.045427660964535786,123.02009929724966,2.1186909675598145,0.0,3,False
1784693748.6666286,control2,af30b4e650,MOSEK,linear,False,42,418,0,20,-0.004866679599792847,122.9200031074312,1.7643003463745117,0.0,6,False
1784693748.673689,control2,af30b4e650,MOSEK,linear,False,42,418,1,10,-0.03348513927873783,122.9200031074312,1.7643003463745117,0.0,4,False
1784693750.8583417,control2,af30b4e650,MOSEK,linear,False,42,419,0,20,-0.005610047100348911,122.81931525726125,2.1480681896209717,0.0,7,False
1784693750.866428,control2,af30b4e650,MOSEK,linear,False,42,419,1,10,-0.03290162090801979,122.81931525726125,2.1480681896209717,0.000993490219116211,4,False
1784693752.8468356,control2,af30b4e650,MOSEK,linear,False,42,420,0,20,-0.006129605469046388,122.63942885911025,1.9448020458221436,0.0,8,False
1784693752.8538356,control2,af30b4e650,MOSEK,linear,False,42,420,1,10,-0.0441059333373893,122.63942885911025,1.9448020458221436,0.0,4,False
1784693754.4950786,control2,af30b4e650,MOSEK,linear,False,42,421,0,20,-0.01151299052036712,121.75874552076576,1.607947826385498,0.0,8,False
1784693754.50309,control2,af30b4e650,MOSEK,linear,False,42,421,1,10,-0.13611022669840103,121.75874552076576,1.607947826385498,0.0009865760803222656,4,False
1784693755.9628534,control2,af30b4e650,MOSEK,linear,False,42,422,0,20,-0.005492547379069329,121.57488754232502,1.4338736534118652,0.0009677410125732422,7,False
1784693755.9685142,control2,af30b4e650,MOSEK,linear,False,42,422,1,10,-0.08797011594021137,121.57488754232502,1.4338736534118652,0.0009500980377197266,5,False
1784693757.581307,control2,af30b4e650,MOSEK,linear,False,42,423,0,20,-0.005888025443086374,121.18235694636344,1.5844056606292725,0.0,7,False
1784693757.5863097,control2,af30b4e650,MOSEK,linear,False,42,423,1,10,-0.07705892426628776,121.18235694636344,1.5844056606292725,0.0,4,False
1784693759.2111075,control2,af30b4e650,MOSEK,linear,False,42,424,0,20,-0.007361042707302796,120.56503051486104,1.5863568782806396,0.0,8,False
1784693759.2178538,control2,af30b4e650,MOSEK,linear,False,42,424,1,10,-0.12313216555068787,120.56503051486104,1.5863568782806396,0.0,5,False
1784693761.081228,control2,af30b4e650,MOSEK,linear,False,42,425,0,20,-0.00954774725696962,120.38373479318183,1.830615758895874,0.0,7,False
1784693761.089226,control2,af30b4e650,MOSEK,linear,False,42,425,1,10,-0.07977046676564484,120.38373479318183,1.830615758895874,0.0009996891021728516,4,False
1784693762.6771557,control2,af30b4e650,MOSEK,linear,False,42,426,0,20,-0.006144924388296317,120.28736483706334,1.5445778369903564,0.0009253025054931641,7,False
1784693762.6826954,control2,af30b4e650,MOSEK,linear,False,42,426,1,10,-0.07656604286791474,120.28736483706334,1.5445778369903564,0.0010035037994384766,4,False
1784693764.716635,control2,af30b4e650,MOSEK,linear,False,42,427,0,20,-0.0074322763266779935,119.95225299957553,1.9899210929870605,0.0010159015655517578,7,False
1784693764.723922,control2,af30b4e650,MOSEK,linear,False,42,427,1,10,-0.06519542732956828,119.95225299957553,1.9899210929870605,0.0006210803985595703,4,False
1784693766.5377316,control2,af30b4e650,MOSEK,linear,False,42,428,0,20,-0.0062411850784579465,119.80475541740412,1.7730233669281006,0.0009753704071044922,8,False
1784693766.5603771,control2,af30b4e650,MOSEK,linear,False,42,428,1,10,-0.05654734914249478,119.80475541740412,1.7730233669281006,0.0010457038879394531,4,False
1784693768.4135222,control2,af30b4e650,MOSEK,linear,False,42,429,0,20,-0.006607354083177422,119.55650080845194,1.8156414031982422,0.0,7,False
1784693768.420504,control2,af30b4e650,MOSEK,linear,False,42,429,1,10,-0.05866776240012359,119.55650080845194,1.8156414031982422,0.001293182373046875,4,False
1784693770.2976224,control2,af30b4e650,MOSEK,linear,False,42,430,0,20,-0.0064160005187767965,119.39531798303608,1.839646577835083,0.0,6,False
1784693770.3023455,control2,af30b4e650,MOSEK,linear,False,42,430,1,10,-0.06754435275125123,119.39531798303608,1.839646577835083,0.0,3,False
1784693772.161751,control2,af30b4e650,MOSEK,linear,False,42,431,0,20,-0.004353765902699824,118.92422415911867,1.8192791938781738,0.0,7,False
1784693772.1666389,control2,af30b4e650,MOSEK,linear,False,42,431,1,10,-0.04474880072567822,118.92422415911867,1.8192791938781738,0.0009813308715820312,4,False
1784693774.1941984,control2,af30b4e650,MOSEK,linear,False,42,432,0,20,-0.006126245855820788,118.7286771433139,1.9864766597747803,0.0015118122100830078,8,False
1784693774.20034,control2,af30b4e650,MOSEK,linear,False,42,432,1,10,-0.08195618310298264,118.7286771433139,1.9864766597747803,0.0,4,False
1784693776.0633838,control2,af30b4e650,MOSEK,linear,False,42,433,0,20,-0.0037392428006913243,118.62137691427657,1.8151941299438477,0.0006401538848876953,7,False
1784693776.068331,control2,af30b4e650,MOSEK,linear,False,42,433,1,10,-0.09347977388214729,118.62137691427657,1.8151941299438477,0.0005505084991455078,3,False
1784693777.8398044,control2,af30b4e650,MOSEK,linear,False,42,434,0,20,-0.00914217461533434,118.1179053948662,1.7311232089996338,0.0,8,False
1784693777.8478224,control2,af30b4e650,MOSEK,linear,False,42,434,1,10,-0.07301328616177516,118.1179053948662,1.7311232089996338,0.0010046958923339844,4,False
1784693779.7346432,control2,af30b4e650,MOSEK,linear,False,42,435,0,20,-0.004735448937024951,117.9181951731483,1.856837511062622,0.0009374618530273438,7,False
1784693779.7395747,control2,af30b4e650,MOSEK,linear,False,42,435,1,10,-0.0407494660425636,117.9181951731483,1.856837511062622,0.0,4,False
1784693781.3905454,control2,af30b4e650,MOSEK,linear,False,42,436,0,20,-0.0045230690746590994,117.72872882544428,1.61458420753479,0.0009706020355224609,7,False
1784693781.3955925,control2,af30b4e650,MOSEK,linear,False,42,436,1,10,-0.04387985406144929,117.72872882544428,1.61458420753479,0.0010166168212890625,4,False
1784693783.5638015,control2,af30b4e650,MOSEK,linear,False,42,437,0,20,-0.00453637307333928,117.65580113324279,2.131923198699951,0.0009951591491699219,7,False
1784693783.5707505,control2,af30b4e650,MOSEK,linear,False,42,437,1,10,-0.061410431740949664,117.65580113324279,2.131923198699951,0.0009620189666748047,4,False
1784693785.2253008,control2,af30b4e650,MOSEK,linear,False,42,438,0,20,-0.004419037403106943,117.50478589911654,1.617368459701538,0.0,7,False
1784693785.2333286,control2,af30b4e650,MOSEK,linear,False,42,438,1,10,-0.040792623940633245,117.50478589911654,1.617368459701538,0.0,4,False
1784693786.9722445,control2,af30b4e650,MOSEK,linear,False,42,439,0,20,-0.003974585043468033,117.33730511011444,1.6932706832885742,0.000926971435546875,7,False
1784693786.98183,control2,af30b4e650,MOSEK,linear,False,42,439,1,10,-0.052249129523818855,117.33730511011444,1.6932706832885742,0.0010037422180175781,4,False
1784693789.0275235,control2,af30b4e650,MOSEK,linear,False,42,440,0,20,-0.003712093059043235,117.2580722837009,2.0032598972320557,0.0011088848114013672,7,False
1784693789.0345767,control2,af30b4e650,MOSEK,linear,False,42,440,1,10,-0.07871427125274252,117.2580722837009,2.0032598972320557,0.0,4,False
1784693790.780827,control2,af30b4e650,MOSEK,linear,False,42,441,0,20,-0.004159740690565834,117.08201596318216,1.697922706604004,0.0009593963623046875,7,False
1784693790.7878876,control2,af30b4e650,MOSEK,linear,False,42,441,1,10,-0.033351953664808205,117.08201596318216,1.697922706604004,0.0,4,False
1784693792.633259,control2,af30b4e650,MOSEK,linear,False,42,442,0,20,-0.002708199339178167,116.95982097062534,1.8047633171081543,0.0,7,False
1784693792.639284,control2,af30b4e650,MOSEK,linear,False,42,442,1,10,-0.029318211926416513,116.95982097062534,1.8047633171081543,0.0009324550628662109,3,False
1784693794.3719196,control2,af30b4e650,MOSEK,linear,False,42,443,0,20,-0.0024173132007241876,116.75441619298748,1.7000298500061035,0.0,8,False
1784693794.3793285,control2,af30b4e650,MOSEK,linear,False,42,443,1,10,-0.13646431907967138,116.75441619298748,1.7000298500061035,0.0005581378936767578,3,False
1784693795.9978316,control2,af30b4e650,MOSEK,linear,False,42,444,0,20,-0.0035190344830188292,116.58456599432273,1.5853984355926514,0.0,8,False
1784693796.0048316,control2,af30b4e650,MOSEK,linear,False,42,444,1,10,-0.08225168445501067,116.58456599432273,1.5853984355926514,0.0,4,False
1784693798.0052226,control2,af30b4e650,MOSEK,linear,False,42,445,0,20,-0.0022339196299329305,116.53566429044002,1.9679713249206543,0.0010008811950683594,7,False
1784693798.0121646,control2,af30b4e650,MOSEK,linear,False,42,445,1,10,-0.059318395793247325,116.53566429044002,1.9679713249206543,0.0007698535919189453,3,False
1784693799.6520956,control2,af30b4e650,MOSEK,linear,False,42,446,0,20,-0.001844176713971463,116.34315745346554,1.6048352718353271,0.0,8,False
1784693799.6587474,control2,af30b4e650,MOSEK,linear,False,42,446,1,10,-0.06275101876326764,116.34315745346554,1.6048352718353271,0.0,4,False
1784693801.210653,control2,af30b4e650,MOSEK,linear,False,42,447,0,20,-0.0017563195143867885,116.18768018620295,1.5190761089324951,0.0010592937469482422,7,False
1784693801.2176898,control2,af30b4e650,MOSEK,linear,False,42,447,1,10,-0.04660709017185034,116.18768018620295,1.5190761089324951,0.0010042190551757812,3,False
1784693802.841298,control2,af30b4e650,MOSEK,linear,False,42,448,0,20,-0.0017204557809145187,116.1161105090872,1.5908839702606201,0.0011453628540039062,7,False
1784693802.8466399,control2,af30b4e650,MOSEK,linear,False,42,448,1,10,-0.03860836108932958,116.1161105090872,1.5908839702606201,0.0,4,False
1784693804.7118318,control2,af30b4e650,MOSEK,linear,False,42,449,0,20,-0.0036268557562202206,115.94015298704102,1.8307912349700928,0.0,8,False
1784693804.716705,control2,af30b4e650,MOSEK,linear,False,42,449,1,10,-0.07288955221746314,115.94015298704102,1.8307912349700928,0.0,3,False
1784693806.5057926,control2,af30b4e650,MOSEK,linear,False,42,450,0,20,-0.002470647599605482,115.72080256581513,1.7458469867706299,0.0009980201721191406,7,False
1784693806.5109658,control2,af30b4e650,MOSEK,linear,False,42,450,1,10,-0.05507502087984553,115.72080256581513,1.7458469867706299,0.0005667209625244141,4,False
1784693808.250936,control2,af30b4e650,MOSEK,linear,False,42,451,0,20,-0.0020664483199206857,115.67541496376286,1.702949047088623,0.0,8,False
1784693808.2572956,control2,af30b4e650,MOSEK,linear,False,42,451,1,10,-0.0633985719806926,115.67541496376286,1.702949047088623,0.0,4,False
1784693810.1049113,control2,af30b4e650,MOSEK,linear,False,42,452,0,20,-0.005810958248155275,115.47617019288464,1.799851894378662,0.0,8,False
1784693810.111438,control2,af30b4e650,MOSEK,linear,False,42,452,1,10,-0.07928595890801579,115.47617019288464,1.799851894378662,0.0,4,False
1784693812.2428567,control2,af30b4e650,MOSEK,linear,False,42,453,0,20,-0.006708947889284532,115.2628873622537,2.0741875171661377,0.0,7,False
1784693812.2498674,control2,af30b4e650,MOSEK,linear,False,42,453,1,10,-0.06513250454458293,115.2628873622537,2.0741875171661377,0.0010025501251220703,4,False
1784693814.2362418,control2,af30b4e650,MOSEK,linear,False,42,454,0,20,-0.006742022761241672,114.63156739711815,1.9466888904571533,0.0007097721099853516,8,False
1784693814.241565,control2,af30b4e650,MOSEK,linear,False,42,454,1,10,-0.128564497726126,114.63156739711815,1.9466888904571533,0.0,4,False
1784693816.2174623,control2,af30b4e650,MOSEK,linear,False,42,455,0,20,-0.005230961828678996,114.37703335467383,1.9302561283111572,0.0009357929229736328,8,False
1784693816.2274666,control2,af30b4e650,MOSEK,linear,False,42,455,1,10,-0.09174656839268787,114.37703335467383,1.9302561283111572,0.0010020732879638672,4,False
1784693818.150896,control2,af30b4e650,MOSEK,linear,False,42,456,0,20,-0.0043999289078907105,114.15739243302038,1.8719775676727295,0.0010237693786621094,8,False
1784693818.1562505,control2,af30b4e650,MOSEK,linear,False,42,456,1,10,-0.0544258072963386,114.15739243302038,1.8719775676727295,0.0,4,False
1784693820.0408878,control2,af30b4e650,MOSEK,linear,False,42,457,0,20,-0.0035582285458770043,114.07307906926704,1.834212064743042,0.0,7,False
1784693820.0459294,control2,af30b4e650,MOSEK,linear,False,42,457,1,10,-0.04381780901169515,114.07307906926704,1.834212064743042,0.001024007797241211,4,False
1784693822.167554,control2,af30b4e650,MOSEK,linear,False,42,458,0,20,-0.00436922425331271,113.98903974609273,2.0745790004730225,0.0010154247283935547,7,False
1784693822.1726005,control2,af30b4e650,MOSEK,linear,False,42,458,1,10,-0.06161606952059487,113.98903974609273,2.0745790004730225,0.0,5,False
1784693824.334604,control2,af30b4e650,MOSEK,linear,False,42,459,0,20,-0.010033771546759874,112.99628165916175,2.1172244548797607,0.0011055469512939453,7,False
1784693824.3411949,control2,af30b4e650,MOSEK,linear,False,42,459,1,10,-0.07267659446617257,112.99628165916175,2.1172244548797607,0.0,4,False
1784693826.4162104,control2,af30b4e650,MOSEK,linear,False,42,460,0,20,-0.008601490501304257,112.67363218324236,2.0227508544921875,0.0,8,False
1784693826.423052,control2,af30b4e650,MOSEK,linear,False,42,460,1,10,-0.06835115948300859,112.67363218324236,2.0227508544921875,0.0010020732879638672,4,False
1784693828.532348,control2,af30b4e650,MOSEK,linear,False,42,461,0,20,-0.009449787074788954,110.91335644772113,2.063056468963623,0.0015561580657958984,8,False
1784693828.5384846,control2,af30b4e650,MOSEK,linear,False,42,461,1,10,-0.1720968493665729,110.91335644772113,2.063056468963623,0.0,5,False
1784693830.5151415,control2,af30b4e650,MOSEK,linear,False,42,462,0,20,-0.00813439244260117,110.48778313855276,1.9332942962646484,0.001001596450805664,8,False
1784693830.5231256,control2,af30b4e650,MOSEK,linear,False,42,462,1,10,-0.18833706022795327,110.48778313855276,1.9332942962646484,0.0,4,False
1784693832.3874614,control2,af30b4e650,MOSEK,linear,False,42,463,0,20,-0.006577225346880478,110.25731909339893,1.8265235424041748,0.0010192394256591797,7,False
1784693832.3940492,control2,af30b4e650,MOSEK,linear,False,42,463,1,10,-0.08047966203878486,110.25731909339893,1.8265235424041748,0.0010576248168945312,4,False
1784693834.28985,control2,af30b4e650,MOSEK,linear,False,42,464,0,20,-0.006351535090758182,110.07385483437646,1.8642175197601318,0.0,8,False
1784693834.2958279,control2,af30b4e650,MOSEK,linear,False,42,464,1,10,-0.07720858604328136,110.07385483437646,1.8642175197601318,0.0,4,False
1784693836.0891194,control2,af30b4e650,MOSEK,linear,False,42,465,0,20,-0.008793574392961068,109.78804564350935,1.7586925029754639,0.0005393028259277344,8,False
1784693836.095448,control2,af30b4e650,MOSEK,linear,False,42,465,1,10,-0.06273700474968125,109.78804564350935,1.7586925029754639,0.0,4,False
1784693837.915477,control2,af30b4e650,MOSEK,linear,False,42,466,0,20,-0.008676218703175836,109.52658382432367,1.7891783714294434,0.0,7,False
1784693837.9218686,control2,af30b4e650,MOSEK,linear,False,42,466,1,10,-0.0529011405125941,109.52658382432367,1.7891783714294434,0.0016644001007080078,4,False
1784693839.6521685,control2,af30b4e650,MOSEK,linear,False,42,467,0,20,-0.007044652649078614,109.12105891148508,1.697495460510254,0.0010895729064941406,8,False
1784693839.657247,control2,af30b4e650,MOSEK,linear,False,42,467,1,10,-0.06697263443966783,109.12105891148508,1.697495460510254,0.0,4,False
1784693841.3966122,control2,af30b4e650,MOSEK,linear,False,42,468,0,20,-0.006749359000609266,108.91422928352652,1.7021026611328125,0.00016450881958007812,8,False
1784693841.4035819,control2,af30b4e650,MOSEK,linear,False,42,468,1,10,-0.10527056913345804,108.91422928352652,1.7021026611328125,0.002022981643676758,5,False
1784693843.4816878,control2,af30b4e650,MOSEK,linear,False,42,469,0,20,-0.008888090088585916,108.4329808654886,2.0403826236724854,0.0,8,False
1784693843.4867563,control2,af30b4e650,MOSEK,linear,False,42,469,1,10,-0.16044989534057943,108.4329808654886,2.0403826236724854,0.0,4,False
1784693845.1063988,control2,af30b4e650,MOSEK,linear,False,42,470,0,20,-0.006899254270110607,108.24277127809428,1.5841009616851807,0.0,7,False
1784693845.1133053,control2,af30b4e650,MOSEK,linear,False,42,470,1,10,-0.12971572069273782,108.24277127809428,1.5841009616851807,0.0,5,False
1784693846.7914903,control2,af30b4e650,MOSEK,linear,False,42,471,0,20,-0.006302871893728276,108.0868470877972,1.6374623775482178,0.0,7,False
1784693846.7967992,control2,af30b4e650,MOSEK,linear,False,42,471,1,10,-0.06544105928986399,108.0868470877972,1.6374623775482178,0.0,5,False
1784693848.584204,control2,af30b4e650,MOSEK,linear,False,42,472,0,20,-0.00652341567714977,107.76428139510189,1.749389886856079,0.0,8,False
1784693848.5901794,control2,af30b4e650,MOSEK,linear,False,42,472,1,10,-0.06867345226717884,107.76428139510189,1.749389886856079,0.0009813308715820312,4,False
1784693850.1689265,control2,af30b4e650,MOSEK,linear,False,42,473,0,20,-0.009705431020414943,107.39639017252529,1.5430450439453125,0.0,7,False
1784693850.1756797,control2,af30b4e650,MOSEK,linear,False,42,473,1,10,-0.04675703824858869,107.39639017252529,1.5430450439453125,0.0005712509155273438,4,False
1784693851.8219316,control2,af30b4e650,MOSEK,linear,False,42,474,0,20,-0.007006654811232787,107.29473804069445,1.6066324710845947,0.0010020732879638672,7,False
1784693851.831659,control2,af30b4e650,MOSEK,linear,False,42,474,1,10,-0.035759288423418786,107.29473804069445,1.6066324710845947,0.0010039806365966797,4,False
1784693853.7378228,control2,af30b4e650,MOSEK,linear,False,42,475,0,20,-0.006339447301761828,107.0515777448976,1.8539233207702637,0.000995635986328125,6,False
1784693853.7449214,control2,af30b4e650,MOSEK,linear,False,42,475,1,10,-0.05028141584506988,107.0515777448976,1.8539233207702637,0.0,4,False
1784693855.5587356,control2,af30b4e650,MOSEK,linear,False,42,476,0,20,-0.005972744204687814,106.94564306075236,1.778557300567627,0.0010056495666503906,7,False
1784693855.5650072,control2,af30b4e650,MOSEK,linear,False,42,476,1,10,-0.06947919298555547,106.94564306075236,1.778557300567627,0.0015113353729248047,4,False
1784693857.3758152,control2,af30b4e650,MOSEK,linear,False,42,477,0,20,-0.004122551741179881,106.90721144667869,1.7767553329467773,0.0,7,False
1784693857.3801754,control2,af30b4e650,MOSEK,linear,False,42,477,1,10,-0.04015512744678274,106.90721144667869,1.7767553329467773,0.0,4,False
1784693859.2674665,control2,af30b4e650,MOSEK,linear,False,42,478,0,20,-0.006207753789215873,106.82263919805402,1.8476366996765137,0.0,7,False
1784693859.2735877,control2,af30b4e650,MOSEK,linear,False,42,478,1,10,-0.02803142501491585,106.82263919805402,1.8476366996765137,0.0,4,False
1784693861.2747364,control2,af30b4e650,MOSEK,linear,False,42,479,0,20,-0.005319470367678883,106.72457886792236,1.9638047218322754,0.0,7,False
1784693861.280394,control2,af30b4e650,MOSEK,linear,False,42,479,1,10,-0.029886128071338204,106.72457886792236,1.9638047218322754,0.0010657310485839844,4,False
1784693863.1171043,control2,af30b4e650,MOSEK,linear,False,42,480,0,20,-0.004355968359865919,106.41296069825717,1.798621416091919,0.0,7,False
1784693863.123099,control2,af30b4e650,MOSEK,linear,False,42,480,1,10,-0.040058102652725816,106.41296069825717,1.798621416091919,0.0,4,False
1784693865.0436075,control2,af30b4e650,MOSEK,linear,False,42,481,0,20,-0.0054717530034158164,106.25373274087185,1.8802285194396973,0.0009987354278564453,7,False
1784693865.0475528,control2,af30b4e650,MOSEK,linear,False,42,481,1,10,-0.05579680992404857,106.25373274087185,1.8802285194396973,0.0,4,False
1784693867.0383093,control2,af30b4e650,MOSEK,linear,False,42,482,0,20,-0.004698559900335953,105.9352880195444,1.950251817703247,0.0,7,False
1784693867.0464077,control2,af30b4e650,MOSEK,linear,False,42,482,1,10,-0.07760656843195625,105.9352880195444,1.950251817703247,0.0010581016540527344,5,False
1784693869.240696,control2,af30b4e650,MOSEK,linear,False,42,483,0,20,-0.004885790740326342,105.80613605690348,2.135690689086914,0.0010554790496826172,7,False
1784693869.2437048,control2,af30b4e650,MOSEK,linear,False,42,483,1,10,-0.03827125962345351,105.80613605690348,2.135690689086914,0.0,4,False
1784693871.6620152,control2,af30b4e650,MOSEK,linear,False,42,484,0,20,-0.00418342868792353,105.71751560222755,2.3796727657318115,0.0,7,False
1784693871.6676183,control2,af30b4e650,MOSEK,linear,False,42,484,1,10,-0.042014224012576096,105.71751560222755,2.3796727657318115,0.0,4,False
1784693873.8555768,control2,af30b4e650,MOSEK,linear,False,42,485,0,20,-0.006528007482534053,105.5284555202004,2.1489369869232178,0.0,7,False
1784693873.861283,control2,af30b4e650,MOSEK,linear,False,42,485,1,10,-0.026516890146809354,105.5284555202004,2.1489369869232178,0.0,4,False
1784693875.9245512,control2,af30b4e650,MOSEK,linear,False,42,486,0,20,-0.006153062794131254,105.44356284683016,2.025113821029663,0.0009949207305908203,6,False
1784693875.9294934,control2,af30b4e650,MOSEK,linear,False,42,486,1,10,-0.0389167304763034,105.44356284683016,2.025113821029663,0.0,4,False
1784693877.76094,control2,af30b4e650,MOSEK,linear,False,42,487,0,20,-0.0046445814738433145,105.3607702161772,1.7902874946594238,0.0,6,False
1784693877.7660027,control2,af30b4e650,MOSEK,linear,False,42,487,1,10,-0.04185075691124311,105.3607702161772,1.7902874946594238,0.0,4,False
1784693879.7272074,control2,af30b4e650,MOSEK,linear,False,42,488,0,20,-0.003850515479807092,105.23814308038527,1.9113945960998535,0.0010075569152832031,6,False
1784693879.7342243,control2,af30b4e650,MOSEK,linear,False,42,488,1,10,-0.06430446760518066,105.23814308038527,1.9113945960998535,0.0,4,False
1784693881.8996325,control2,af30b4e650,MOSEK,linear,False,42,489,0,20,-0.005114306196870115,105.18228101225466,2.1101927757263184,0.0010004043579101562,7,False
1784693881.9072554,control2,af30b4e650,MOSEK,linear,False,42,489,1,10,-0.03540538182882083,105.18228101225466,2.1101927757263184,0.0009987354278564453,3,False
1784693883.9434488,control2,af30b4e650,MOSEK,linear,False,42,490,0,20,-0.004160150264219833,105.13567240320003,1.9922497272491455,0.0,7,False
1784693883.9520547,control2,af30b4e650,MOSEK,linear,False,42,490,1,10,-0.02496540219739944,105.13567240320003,1.9922497272491455,0.0009951591491699219,4,False
1784693886.0140777,control2,af30b4e650,MOSEK,linear,False,42,491,0,20,-0.0034418556675689512,105.02908441169119,2.0185296535491943,0.0011148452758789062,7,False
1784693886.022972,control2,af30b4e650,MOSEK,linear,False,42,491,1,10,-0.055071714833683984,105.02908441169119,2.0185296535491943,0.0009763240814208984,4,False
1784693888.1323683,control2,af30b4e650,MOSEK,linear,False,42,492,0,20,-0.005982304912984784,104.90080430866698,2.060692071914673,0.0009546279907226562,7,False
1784693888.1393933,control2,af30b4e650,MOSEK,linear,False,42,492,1,10,-0.02913515665363633,104.90080430866698,2.060692071914673,0.0,5,False
1784693890.3168874,control2,af30b4e650,MOSEK,linear,False,42,493,0,20,-0.0032453444563580354,104.8088531910087,2.131361484527588,0.0010118484497070312,7,False
1784693890.3218899,control2,af30b4e650,MOSEK,linear,False,42,493,1,10,-0.040997931933278456,104.8088531910087,2.131361484527588,0.0,5,False
1784693892.3902662,control2,af30b4e650,MOSEK,linear,False,42,494,0,20,-0.002674548109865985,104.7673649426166,2.025506019592285,0.001020669937133789,7,False
1784693892.396282,control2,af30b4e650,MOSEK,linear,False,42,494,1,10,-0.021843495192649123,104.7673649426166,2.025506019592285,0.0009107589721679688,5,False
1784693894.2676957,control2,af30b4e650,MOSEK,linear,False,42,495,0,20,-0.0025387499616023037,104.7000698172106,1.8325316905975342,0.0,7,False
1784693894.2738922,control2,af30b4e650,MOSEK,linear,False,42,495,1,10,-0.03333102533312038,104.7000698172106,1.8325316905975342,0.0010340213775634766,4,False
1784693896.4640417,control2,af30b4e650,MOSEK,linear,False,42,496,0,20,-0.00987482712101414,104.30771911493157,2.1567087173461914,0.0010700225830078125,7,False
1784693896.4691455,control2,af30b4e650,MOSEK,linear,False,42,496,1,10,-0.024968131247240205,104.30771911493157,2.1567087173461914,0.0,4,False
1784693898.4750767,control2,af30b4e650,MOSEK,linear,False,42,497,0,20,-0.002909627879790936,104.2046248589298,1.9709630012512207,0.0,7,False
1784693898.481084,control2,af30b4e650,MOSEK,linear,False,42,497,1,10,-0.04575783083147359,104.2046248589298,1.9709630012512207,0.0009570121765136719,5,False
1784693900.3287263,control2,af30b4e650,MOSEK,linear,False,42,498,0,20,-0.0025824240875214855,104.10281123406956,1.8094820976257324,0.0,7,False
1784693900.3348722,control2,af30b4e650,MOSEK,linear,False,42,498,1,10,-0.02199286353623304,104.10281123406956,1.8094820976257324,0.0,4,False
1784693902.4320216,control2,af30b4e650,MOSEK,linear,False,42,499,0,20,-0.0018698017194863491,103.96990697695495,2.0473859310150146,0.0008172988891601562,7,False
1784693902.438406,control2,af30b4e650,MOSEK,linear,False,42,499,1,10,-0.03989024426826216,103.96990697695495,2.0473859310150146,0.0,4,False
1784693904.6171403,control2,af30b4e650,MOSEK,linear,False,42,500,0,20,-0.00617223812902902,103.71314492528276,2.129723310470581,0.0,8,False
1784693904.623904,control2,af30b4e650,MOSEK,linear,False,42,500,1,10,-0.06447097062652811,103.71314492528276,2.129723310470581,0.0,4,False
1784693905.4746706,control2,c49a2172f6,MOSEK,linear,True,42,1,0,20,-0.2869690552622446,757.6402167843121,0.05010032653808594,0.0009920597076416016,8,False
1784693905.4835668,control2,c49a2172f6,MOSEK,linear,True,42,1,1,10,-22.456413858199877,757.6402167843121,0.05010032653808594,0.0010423660278320312,2,False
1784693905.628419,control2,c49a2172f6,MOSEK,linear,True,42,2,0,20,-0.3284133502464422,599.1281333052664,0.12851285934448242,0.001005411148071289,8,False
1784693905.640919,control2,c49a2172f6,MOSEK,linear,True,42,2,1,10,-37.62316028903664,599.1281333052664,0.12851285934448242,0.0,3,False
1784693905.9512177,control2,c49a2172f6,MOSEK,linear,True,42,3,0,20,-0.25398707302988033,501.8837206041174,0.2977254390716553,0.0010323524475097656,10,False
1784693905.966325,control2,c49a2172f6,MOSEK,linear,True,42,3,1,10,-18.838949216009432,501.8837206041174,0.2977254390716553,0.0,4,False
1784693906.2244582,control2,c49a2172f6,MOSEK,linear,True,42,4,0,20,-0.25219799606391885,449.1600172120312,0.24054670333862305,0.0011441707611083984,9,False
1784693906.2339542,control2,c49a2172f6,MOSEK,linear,True,42,4,1,10,-23.899314581476954,449.1600172120312,0.24054670333862305,0.0005106925964355469,3,False
1784693906.3806472,control2,c49a2172f6,MOSEK,linear,True,42,5,0,20,-0.18754194785092745,416.6004475315784,0.12952947616577148,0.0,9,False
1784693906.3920243,control2,c49a2172f6,MOSEK,linear,True,42,5,1,10,-30.424173749241422,416.6004475315784,0.12952947616577148,0.001005411148071289,4,False
1784693906.5206609,control2,c49a2172f6,MOSEK,linear,True,42,6,0,20,-0.17938182226620755,401.8288253738665,0.11864280700683594,0.0005400180816650391,10,False
1784693906.5331776,control2,c49a2172f6,MOSEK,linear,True,42,6,1,10,-18.105361699562284,401.8288253738665,0.11864280700683594,0.0019981861114501953,4,False
1784693906.776113,control2,c49a2172f6,MOSEK,linear,True,42,7,0,20,-0.18438530494231684,387.6517990725937,0.22661089897155762,0.0010128021240234375,9,False
1784693906.7860038,control2,c49a2172f6,MOSEK,linear,True,42,7,1,10,-14.426240825666957,387.6517990725937,0.22661089897155762,0.0009968280792236328,3,False
1784693906.9388053,control2,c49a2172f6,MOSEK,linear,True,42,8,0,20,-0.17432479788447872,376.0036473374487,0.14088916778564453,0.0,10,False
1784693906.9464097,control2,c49a2172f6,MOSEK,linear,True,42,8,1,10,-11.464331244925011,376.0036473374487,0.14088916778564453,0.0010159015655517578,3,False
1784693907.1561458,control2,c49a2172f6,MOSEK,linear,True,42,9,0,20,-0.11996727039033035,365.91558357785146,0.19757723808288574,0.0015456676483154297,10,False
1784693907.161108,control2,c49a2172f6,MOSEK,linear,True,42,9,1,10,-16.163524254155345,365.91558357785146,0.19757723808288574,0.0015363693237304688,3,False
1784693907.366272,control2,c49a2172f6,MOSEK,linear,True,42,10,0,20,-0.13873215730014768,359.281103167261,0.19397807121276855,0.0010161399841308594,9,False
1784693907.3789985,control2,c49a2172f6,MOSEK,linear,True,42,10,1,10,-9.527218691890914,359.281103167261,0.19397807121276855,0.001682281494140625,3,False
1784693907.7436059,control2,c49a2172f6,MOSEK,linear,True,42,11,0,20,-0.13708967492943144,352.63584569432663,0.3554089069366455,0.000530242919921875,10,False
1784693907.7536829,control2,c49a2172f6,MOSEK,linear,True,42,11,1,10,-7.716228494785351,352.63584569432663,0.3554089069366455,0.0010023117065429688,4,False
1784693907.9259052,control2,c49a2172f6,MOSEK,linear,True,42,12,0,20,-0.11322986353138871,347.29023218408327,0.157090425491333,0.0009834766387939453,9,False
1784693907.9358342,control2,c49a2172f6,MOSEK,linear,True,42,12,1,10,-7.970562976169979,347.29023218408327,0.157090425491333,0.0,4,False
1784693908.266757,control2,c49a2172f6,MOSEK,linear,True,42,13,0,20,-0.10442249021980494,342.1402469538958,0.31653833389282227,0.0,9,False
1784693908.2750292,control2,c49a2172f6,MOSEK,linear,True,42,13,1,10,-5.184923346715736,342.1402469538958,0.31653833389282227,0.0010190010070800781,4,False
1784693908.4960985,control2,c49a2172f6,MOSEK,linear,True,42,14,0,20,-0.10603961029914624,333.7607209899255,0.20737934112548828,0.0010118484497070312,9,False
1784693908.5040805,control2,c49a2172f6,MOSEK,linear,True,42,14,1,10,-6.226516482572137,333.7607209899255,0.20737934112548828,0.0009109973907470703,3,False
1784693908.8934753,control2,c49a2172f6,MOSEK,linear,True,42,15,0,20,-0.09223013779076734,328.1472313137036,0.37852048873901367,0.0009653568267822266,10,False
1784693908.9045603,control2,c49a2172f6,MOSEK,linear,True,42,15,1,10,-4.581457492968109,328.1472313137036,0.37852048873901367,0.0,3,False
1784693909.066822,control2,c49a2172f6,MOSEK,linear,True,42,16,0,20,-0.08372476936057105,322.9857475561812,0.15288329124450684,0.0,9,False
1784693909.0770369,control2,c49a2172f6,MOSEK,linear,True,42,16,1,10,-4.906119011012912,322.9857475561812,0.15288329124450684,0.0005800724029541016,4,False
1784693909.4083095,control2,c49a2172f6,MOSEK,linear,True,42,17,0,20,-0.09744981213845678,317.925134691687,0.3154170513153076,0.0,9,False
1784693909.4159138,control2,c49a2172f6,MOSEK,linear,True,42,17,1,10,-4.320809145769087,317.925134691687,0.3154170513153076,0.0005440711975097656,3,False
1784693909.6808677,control2,c49a2172f6,MOSEK,linear,True,42,18,0,20,-0.08436944322066953,313.75305945681134,0.25217604637145996,0.0,10,False
1784693909.691246,control2,c49a2172f6,MOSEK,linear,True,42,18,1,10,-3.7633252625423634,313.75305945681134,0.25217604637145996,0.0010538101196289062,3,False
1784693909.8770497,control2,c49a2172f6,MOSEK,linear,True,42,19,0,20,-0.08486096336778429,310.1057769906207,0.17679214477539062,0.0005364418029785156,9,False
1784693909.8861017,control2,c49a2172f6,MOSEK,linear,True,42,19,1,10,-5.657031726682578,310.1057769906207,0.17679214477539062,0.0008480548858642578,3,False
1784693910.2370613,control2,c49a2172f6,MOSEK,linear,True,42,20,0,20,-0.08563811951630745,307.84550778569354,0.33969569206237793,0.001033782958984375,9,False
1784693910.2462497,control2,c49a2172f6,MOSEK,linear,True,42,20,1,10,-3.479307751790361,307.84550778569354,0.33969569206237793,0.0,3,False
1784693910.431433,control2,c49a2172f6,MOSEK,linear,True,42,21,0,20,-0.0754712776784962,303.88840467387615,0.17304587364196777,0.0,9,False
1784693910.4390848,control2,c49a2172f6,MOSEK,linear,True,42,21,1,10,-2.3007450930435382,303.88840467387615,0.17304587364196777,0.0,3,False
1784693910.7850933,control2,c49a2172f6,MOSEK,linear,True,42,22,0,20,-0.06250434855410315,296.6256950732817,0.33286118507385254,0.0,10,False
1784693910.7942412,control2,c49a2172f6,MOSEK,linear,True,42,22,1,10,-3.882413252933657,296.6256950732817,0.33286118507385254,0.0,3,False
1784693911.044797,control2,c49a2172f6,MOSEK,linear,True,42,23,0,20,-0.06757345989334847,292.7109688241908,0.2411966323852539,0.0009799003601074219,9,False
1784693911.0539343,control2,c49a2172f6,MOSEK,linear,True,42,23,1,10,-2.7159256568731243,292.7109688241908,0.2411966323852539,0.0,4,False
1784693911.3819335,control2,c49a2172f6,MOSEK,linear,True,42,24,0,20,-0.06046281713457332,289.20322425218376,0.3154160976409912,0.0,9,False
1784693911.3903465,control2,c49a2172f6,MOSEK,linear,True,42,24,1,10,-2.931602223673972,289.20322425218376,0.3154160976409912,0.0,3,False
1784693911.855419,control2,c49a2172f6,MOSEK,linear,True,42,25,0,20,-0.046548583570203465,286.61905909256484,0.45499229431152344,0.0,9,False
1784693911.8659894,control2,c49a2172f6,MOSEK,linear,True,42,25,1,10,-2.194344907755185,286.61905909256484,0.45499229431152344,0.0,3,False
1784693912.1581478,control2,c49a2172f6,MOSEK,linear,True,42,26,0,20,-0.0503630048417578,282.65071282814176,0.27907657623291016,0.0005133152008056641,9,False
1784693912.1679368,control2,c49a2172f6,MOSEK,linear,True,42,26,1,10,-2.0077576420351937,282.65071282814176,0.27907657623291016,0.0010030269622802734,3,False
1784693912.6735313,control2,c49a2172f6,MOSEK,linear,True,42,27,0,20,-0.04890502356927482,279.83420430256734,0.4953732490539551,0.0,9,False
1784693912.683426,control2,c49a2172f6,MOSEK,linear,True,42,27,1,10,-1.7904337494387328,279.83420430256734,0.4953732490539551,0.0009646415710449219,3,False
1784693913.1210642,control2,c49a2172f6,MOSEK,linear,True,42,28,0,20,-0.039773653708212967,277.7261153139286,0.4275827407836914,0.0,9,False
1784693913.1316361,control2,c49a2172f6,MOSEK,linear,True,42,28,1,10,-4.378748028016579,277.7261153139286,0.4275827407836914,0.0,3,False
1784693913.3901417,control2,c49a2172f6,MOSEK,linear,True,42,29,0,20,-0.0426587251725437,274.48928954613405,0.24344253540039062,0.0010051727294921875,9,False
1784693913.3984656,control2,c49a2172f6,MOSEK,linear,True,42,29,1,10,-3.123919647909118,274.48928954613405,0.24344253540039062,0.0,3,False
1784693913.72749,control2,c49a2172f6,MOSEK,linear,True,42,30,0,20,-0.05687689047566875,270.4920090732642,0.3205137252807617,0.0,9,False
1784693913.7354774,control2,c49a2172f6,MOSEK,linear,True,42,30,1,10,-1.7038031054704985,270.4920090732642,0.3205137252807617,0.0,2,False
1784693914.0171635,control2,c49a2172f6,MOSEK,linear,True,42,31,0,20,-0.05600292588545384,267.856432210682,0.2675502300262451,0.0009663105010986328,10,False
1784693914.0249045,control2,c49a2172f6,MOSEK,linear,True,42,31,1,10,-1.2530235765262288,267.856432210682,0.2675502300262451,0.0,3,False
1784693914.547321,control2,c49a2172f6,MOSEK,linear,True,42,32,0,20,-0.03450529471543373,265.73354178860507,0.5081300735473633,0.0,9,False
1784693914.55478,control2,c49a2172f6,MOSEK,linear,True,42,32,1,10,-1.1477853294369371,265.73354178860507,0.5081300735473633,0.0,2,False
1784693915.0030854,control2,c49a2172f6,MOSEK,linear,True,42,33,0,20,-0.03965004661584865,262.88321671322296,0.4345283508300781,0.0009987354278564453,9,False
1784693915.0081239,control2,c49a2172f6,MOSEK,linear,True,42,33,1,10,-3.5238904315409414,262.88321671322296,0.4345283508300781,0.0,3,False
1784693915.31063,control2,c49a2172f6,MOSEK,linear,True,42,34,0,20,-0.026609446767746594,260.6802065875484,0.2865469455718994,0.0009968280792236328,9,False
1784693915.3168828,control2,c49a2172f6,MOSEK,linear,True,42,34,1,10,-1.943511145499173,260.6802065875484,0.2865469455718994,0.0010204315185546875,4,False
1784693915.6164303,control2,c49a2172f6,MOSEK,linear,True,42,35,0,20,-0.03436662999133436,258.45763700260454,0.288616418838501,0.0005457401275634766,9,False
1784693915.623429,control2,c49a2172f6,MOSEK,linear,True,42,35,1,10,-1.1464593411238693,258.45763700260454,0.288616418838501,0.0,3,False
1784693916.0393758,control2,c49a2172f6,MOSEK,linear,True,42,36,0,20,-0.029053691722872838,255.72464906835714,0.4069783687591553,0.0,9,False
1784693916.0458977,control2,c49a2172f6,MOSEK,linear,True,42,36,1,10,-0.8396825714338648,255.72464906835714,0.4069783687591553,0.0,3,False
1784693916.3844857,control2,c49a2172f6,MOSEK,linear,True,42,37,0,20,-0.027478878268237625,253.56404540305135,0.3203287124633789,0.0,10,False
1784693916.3936512,control2,c49a2172f6,MOSEK,linear,True,42,37,1,10,-1.9727487823524843,253.56404540305135,0.3203287124633789,0.0,3,False
1784693916.675658,control2,c49a2172f6,MOSEK,linear,True,42,38,0,20,-0.029743892934500964,251.25106322139055,0.2692909240722656,0.0,9,False
1784693916.6862228,control2,c49a2172f6,MOSEK,linear,True,42,38,1,10,-2.3000000813716186,251.25106322139055,0.2692909240722656,0.0010051727294921875,4,False
1784693917.0067894,control2,c49a2172f6,MOSEK,linear,True,42,39,0,20,-0.029107059648678386,248.93081457121713,0.30845141410827637,0.0010056495666503906,10,False
1784693917.015095,control2,c49a2172f6,MOSEK,linear,True,42,39,1,10,-2.5025970339926604,248.93081457121713,0.30845141410827637,0.0010149478912353516,3,False
1784693917.556266,control2,c49a2172f6,MOSEK,linear,True,42,40,0,20,-0.04153422861129748,246.99233008245133,0.529590368270874,0.0,8,False
1784693917.5658917,control2,c49a2172f6,MOSEK,linear,True,42,40,1,10,-1.8367996540993679,246.99233008245133,0.529590368270874,0.00101470947265625,4,False
1784693917.8997002,control2,c49a2172f6,MOSEK,linear,True,42,41,0,20,-0.02433602839753908,244.87075276345973,0.3236572742462158,0.0,9,False
1784693917.908731,control2,c49a2172f6,MOSEK,linear,True,42,41,1,10,-1.3706292765510566,244.87075276345973,0.3236572742462158,0.0,3,False
1784693918.591891,control2,c49a2172f6,MOSEK,linear,True,42,42,0,20,-0.027111852920138554,243.1160890877781,0.673025369644165,0.0,8,False
1784693918.5989494,control2,c49a2172f6,MOSEK,linear,True,42,42,1,10,-0.8971424024039546,243.1160890877781,0.673025369644165,0.0,4,False
1784693919.2463524,control2,c49a2172f6,MOSEK,linear,True,42,43,0,20,-0.026954500848908183,241.02711378097143,0.6397073268890381,0.001007080078125,8,False
1784693919.2527862,control2,c49a2172f6,MOSEK,linear,True,42,43,1,10,-0.436356711242823,241.02711378097143,0.6397073268890381,0.0,2,False
1784693920.1102436,control2,c49a2172f6,MOSEK,linear,True,42,44,0,20,-0.018647804227765914,239.53499103023165,0.8428559303283691,0.0010030269622802734,9,False
1784693920.1172154,control2,c49a2172f6,MOSEK,linear,True,42,44,1,10,-0.6389044607147524,239.53499103023165,0.8428559303283691,0.0009970664978027344,3,False
1784693920.8481002,control2,c49a2172f6,MOSEK,linear,True,42,45,0,20,-0.027317145011905363,237.9621790374983,0.7179677486419678,0.0,9,False
1784693920.8565085,control2,c49a2172f6,MOSEK,linear,True,42,45,1,10,-1.0636115578417076,237.9621790374983,0.7179677486419678,0.0010607242584228516,3,False
1784693921.29851,control2,c49a2172f6,MOSEK,linear,True,42,46,0,20,-0.024375297497933678,236.56602872766842,0.427426815032959,0.0,9,False
1784693921.3055186,control2,c49a2172f6,MOSEK,linear,True,42,46,1,10,-0.630349934115709,236.56602872766842,0.427426815032959,0.0009698867797851562,3,False
1784693921.7762642,control2,c49a2172f6,MOSEK,linear,True,42,47,0,20,-0.022103927445275843,234.78052538226348,0.4531090259552002,0.0,9,False
1784693921.7891653,control2,c49a2172f6,MOSEK,linear,True,42,47,1,10,-1.2973187288432224,234.78052538226348,0.4531090259552002,0.0009846687316894531,3,False
1784693922.526111,control2,c49a2172f6,MOSEK,linear,True,42,48,0,20,-0.0250976813795017,233.19518192071317,0.7267351150512695,0.0009872913360595703,8,False
1784693922.5332654,control2,c49a2172f6,MOSEK,linear,True,42,48,1,10,-0.49679938834369686,233.19518192071317,0.7267351150512695,0.0,2,False
1784693922.93259,control2,c49a2172f6,MOSEK,linear,True,42,49,0,20,-0.026587596558358084,231.72080645702314,0.38616013526916504,0.0,9,False
1784693922.9425666,control2,c49a2172f6,MOSEK,linear,True,42,49,1,10,-2.3357664876020476,231.72080645702314,0.38616013526916504,0.0,3,False
1784693923.6008768,control2,c49a2172f6,MOSEK,linear,True,42,50,0,20,-0.022623820974636825,229.96192639806452,0.6474707126617432,0.0,9,False
1784693923.6090112,control2,c49a2172f6,MOSEK,linear,True,42,50,1,10,-0.714356332993408,229.96192639806452,0.6474707126617432,0.0009129047393798828,3,False
1784693924.0539067,control2,c49a2172f6,MOSEK,linear,True,42,51,0,20,-0.022168416233070094,228.8105800408801,0.429901123046875,0.0008387565612792969,9,False
1784693924.0607116,control2,c49a2172f6,MOSEK,linear,True,42,51,1,10,-1.564671446336135,228.8105800408801,0.429901123046875,0.0015530586242675781,3,False
1784693924.4885201,control2,c49a2172f6,MOSEK,linear,True,42,52,0,20,-0.01737749467940631,227.99670624996838,0.41296982765197754,0.0,10,False
1784693924.4975305,control2,c49a2172f6,MOSEK,linear,True,42,52,1,10,-0.5277590270591774,227.99670624996838,0.41296982765197754,0.0,3,False
1784693924.8860042,control2,c49a2172f6,MOSEK,linear,True,42,53,0,20,-0.01829764303041635,227.02082908378426,0.3751494884490967,0.0010883808135986328,8,False
1784693924.8920968,control2,c49a2172f6,MOSEK,linear,True,42,53,1,10,-0.6380608651708654,227.02082908378426,0.3751494884490967,0.0,3,False
1784693925.355234,control2,c49a2172f6,MOSEK,linear,True,42,54,0,20,-0.019485601815571435,225.6930632829297,0.450977087020874,0.0,9,False
1784693925.3642085,control2,c49a2172f6,MOSEK,linear,True,42,54,1,10,-0.6358841524995308,225.6930632829297,0.450977087020874,0.0005154609680175781,3,False
1784693926.1309142,control2,c49a2172f6,MOSEK,linear,True,42,55,0,20,-0.02052681152479934,224.25498645052505,0.7487854957580566,0.0,9,False
1784693926.1409147,control2,c49a2172f6,MOSEK,linear,True,42,55,1,10,-0.7602466210109636,224.25498645052505,0.7487854957580566,0.0009946823120117188,4,False
1784693926.6080444,control2,c49a2172f6,MOSEK,linear,True,42,56,0,20,-0.018280202983438583,223.25460683331767,0.4545729160308838,0.0,9,False
1784693926.6174495,control2,c49a2172f6,MOSEK,linear,True,42,56,1,10,-0.7235225040093166,223.25460683331767,0.4545729160308838,0.001009225845336914,4,False
1784693927.3976762,control2,c49a2172f6,MOSEK,linear,True,42,57,0,20,-0.01368662992881165,222.36292766805317,0.7693026065826416,0.0,9,False
1784693927.405676,control2,c49a2172f6,MOSEK,linear,True,42,57,1,10,-0.42796810013252534,222.36292766805317,0.7693026065826416,0.0,4,False
1784693927.8089495,control2,c49a2172f6,MOSEK,linear,True,42,58,0,20,-0.02589463402953358,221.22932201686157,0.3875725269317627,0.001012563705444336,8,False
1784693927.8183913,control2,c49a2172f6,MOSEK,linear,True,42,58,1,10,-1.1438788572960177,221.22932201686157,0.3875725269317627,0.0010325908660888672,3,False
1784693928.256226,control2,c49a2172f6,MOSEK,linear,True,42,59,0,20,-0.016567421408297325,219.35898378465163,0.4228076934814453,0.0,9,False
1784693928.262016,control2,c49a2172f6,MOSEK,linear,True,42,59,1,10,-0.5287455800258822,219.35898378465163,0.4228076934814453,0.0,4,False
1784693928.7484963,control2,c49a2172f6,MOSEK,linear,True,42,60,0,20,-0.015715907881703628,218.10132357907838,0.47123026847839355,0.0,9,False
1784693928.756018,control2,c49a2172f6,MOSEK,linear,True,42,60,1,10,-0.736026954682047,218.10132357907838,0.47123026847839355,0.0,3,False
1784693929.2614048,control2,c49a2172f6,MOSEK,linear,True,42,61,0,20,-0.01667369066620786,217.47462850807733,0.4950129985809326,0.0,9,False
1784693929.2673259,control2,c49a2172f6,MOSEK,linear,True,42,61,1,10,-0.352972168934797,217.47462850807733,0.4950129985809326,0.0010585784912109375,4,False
1784693929.7938855,control2,c49a2172f6,MOSEK,linear,True,42,62,0,20,-0.018761058511354428,216.60823850786647,0.5109004974365234,0.0,8,False
1784693929.8018844,control2,c49a2172f6,MOSEK,linear,True,42,62,1,10,-0.5970833529996179,216.60823850786647,0.5109004974365234,0.0,3,False
1784693930.2887578,control2,c49a2172f6,MOSEK,linear,True,42,63,0,20,-0.017536945600231276,214.78560354296627,0.47199559211730957,0.0,9,False
1784693930.2963853,control2,c49a2172f6,MOSEK,linear,True,42,63,1,10,-1.048582790512532,214.78560354296627,0.47199559211730957,0.0,4,False
1784693930.7801924,control2,c49a2172f6,MOSEK,linear,True,42,64,0,20,-0.015244159743946079,213.4402288057562,0.47278618812561035,0.0009775161743164062,9,False
1784693930.7881885,control2,c49a2172f6,MOSEK,linear,True,42,64,1,10,-0.47291153298785876,213.4402288057562,0.47278618812561035,0.0,3,False
1784693931.4061491,control2,c49a2172f6,MOSEK,linear,True,42,65,0,20,-0.016765014832968512,212.1415595632076,0.6008608341217041,0.0,9,False
1784693931.4150815,control2,c49a2172f6,MOSEK,linear,True,42,65,1,10,-0.42570857175577353,212.1415595632076,0.6008608341217041,0.0015645027160644531,4,False
1784693931.9170237,control2,c49a2172f6,MOSEK,linear,True,42,66,0,20,-0.012228436733936553,211.4066488531223,0.4879133701324463,0.0,9,False
1784693931.9243116,control2,c49a2172f6,MOSEK,linear,True,42,66,1,10,-0.23327710602204924,211.4066488531223,0.4879133701324463,0.0008981227874755859,4,False
1784693932.6065066,control2,c49a2172f6,MOSEK,linear,True,42,67,0,20,-0.014228120828027671,210.04914529470346,0.6651017665863037,0.000993967056274414,8,False
1784693932.613148,control2,c49a2172f6,MOSEK,linear,True,42,67,1,10,-0.21505809410889973,210.04914529470346,0.6651017665863037,0.0,4,False
1784693933.1825619,control2,c49a2172f6,MOSEK,linear,True,42,68,0,20,-0.012250451067809035,209.26644714907272,0.555840253829956,0.0010058879852294922,8,False
1784693933.1906207,control2,c49a2172f6,MOSEK,linear,True,42,68,1,10,-0.28607539500685203,209.26644714907272,0.555840253829956,0.001001119613647461,4,False
1784693934.0792453,control2,c49a2172f6,MOSEK,linear,True,42,69,0,20,-0.017123501215806556,208.46791794458113,0.8764173984527588,0.0009999275207519531,9,False
1784693934.086297,control2,c49a2172f6,MOSEK,linear,True,42,69,1,10,-0.22418755053176798,208.46791794458113,0.8764173984527588,0.0009012222290039062,3,False
1784693934.6108956,control2,c49a2172f6,MOSEK,linear,True,42,70,0,20,-0.01669870444927684,206.70988445583467,0.5062053203582764,0.000946044921875,8,False
1784693934.6198435,control2,c49a2172f6,MOSEK,linear,True,42,70,1,10,-0.37591019515416685,206.70988445583467,0.5062053203582764,0.0005958080291748047,4,False
1784693935.1450121,control2,c49a2172f6,MOSEK,linear,True,42,71,0,20,-0.012901177683793673,206.04090741035347,0.5130891799926758,0.0,8,False
1784693935.1525726,control2,c49a2172f6,MOSEK,linear,True,42,71,1,10,-0.565633092019958,206.04090741035347,0.5130891799926758,0.0002696514129638672,4,False
1784693935.6249523,control2,c49a2172f6,MOSEK,linear,True,42,72,0,20,-0.013983313628464068,205.16750135670495,0.4575166702270508,0.0003223419189453125,9,False
1784693935.6318152,control2,c49a2172f6,MOSEK,linear,True,42,72,1,10,-0.4869980157382596,205.16750135670495,0.4575166702270508,0.0,4,False
1784693936.2522724,control2,c49a2172f6,MOSEK,linear,True,42,73,0,20,-0.012200212893376212,204.47167306421753,0.6082773208618164,0.0,8,False
1784693936.2600076,control2,c49a2172f6,MOSEK,linear,True,42,73,1,10,-0.14898165415925183,204.47167306421753,0.6082773208618164,0.0009002685546875,4,False
1784693937.3968837,control2,c49a2172f6,MOSEK,linear,True,42,74,0,20,-0.013178011076911087,203.76663816735126,1.1202094554901123,0.0,8,False
1784693937.4064054,control2,c49a2172f6,MOSEK,linear,True,42,74,1,10,-0.23263852184409495,203.76663816735126,1.1202094554901123,0.0,3,False
1784693938.0364366,control2,c49a2172f6,MOSEK,linear,True,42,75,0,20,-0.011289186386169601,202.84194149545266,0.6149449348449707,0.0,9,False
1784693938.0457442,control2,c49a2172f6,MOSEK,linear,True,42,75,1,10,-0.31359312204012835,202.84194149545266,0.6149449348449707,0.0,5,False
1784693938.56599,control2,c49a2172f6,MOSEK,linear,True,42,76,0,20,-0.00824984117150985,202.1968925669669,0.5059332847595215,0.0,8,False
1784693938.5772016,control2,c49a2172f6,MOSEK,linear,True,42,76,1,10,-0.25443549845303876,202.1968925669669,0.5059332847595215,0.0009105205535888672,4,False
1784693939.132295,control2,c49a2172f6,MOSEK,linear,True,42,77,0,20,-0.014783625914070122,201.23066736384425,0.5420525074005127,0.0009670257568359375,9,False
1784693939.139989,control2,c49a2172f6,MOSEK,linear,True,42,77,1,10,-0.4884900435629209,201.23066736384425,0.5420525074005127,0.0,3,False
1784693939.7146065,control2,c49a2172f6,MOSEK,linear,True,42,78,0,20,-0.01150022583569665,200.1264572113168,0.5635061264038086,0.0,8,False
1784693939.7226636,control2,c49a2172f6,MOSEK,linear,True,42,78,1,10,-0.3681791308662367,200.1264572113168,0.5635061264038086,0.0009002685546875,4,False
1784693940.3615296,control2,c49a2172f6,MOSEK,linear,True,42,79,0,20,-0.010011382517095426,199.36242833258385,0.6269440650939941,0.0,9,False
1784693940.3705268,control2,c49a2172f6,MOSEK,linear,True,42,79,1,10,-0.2524542853797622,199.36242833258385,0.6269440650939941,0.0009832382202148438,4,False
1784693941.0489283,control2,c49a2172f6,MOSEK,linear,True,42,80,0,20,-0.011466144492940719,198.70792318953687,0.6643686294555664,0.0009996891021728516,9,False
1784693941.0564132,control2,c49a2172f6,MOSEK,linear,True,42,80,1,10,-0.4011033809276,198.70792318953687,0.6643686294555664,0.0010190010070800781,3,False
1784693941.9472036,control2,c49a2172f6,MOSEK,linear,True,42,81,0,20,-0.010185600976257831,197.88724487353755,0.8751723766326904,0.0009834766387939453,9,False
1784693941.956327,control2,c49a2172f6,MOSEK,linear,True,42,81,1,10,-0.4113178272888499,197.88724487353755,0.8751723766326904,0.0005915164947509766,3,False
1784693942.8370667,control2,c49a2172f6,MOSEK,linear,True,42,82,0,20,-0.008723455595688372,197.36929848726317,0.8581888675689697,0.0014050006866455078,8,False
1784693942.8452165,control2,c49a2172f6,MOSEK,linear,True,42,82,1,10,-0.24931554808093176,197.36929848726317,0.8581888675689697,0.0,4,False
1784693944.6741478,control2,c49a2172f6,MOSEK,linear,True,42,83,0,20,-0.007334337252734194,197.11266417126393,1.812962532043457,0.0010192394256591797,8,False
1784693944.687548,control2,c49a2172f6,MOSEK,linear,True,42,83,1,10,-0.21955568274151094,197.11266417126393,1.812962532043457,0.0,3,False
1784693945.5206234,control2,c49a2172f6,MOSEK,linear,True,42,84,0,20,-0.01289014968947221,196.543601281938,0.816396951675415,0.0,9,False
1784693945.534102,control2,c49a2172f6,MOSEK,linear,True,42,84,1,10,-0.24767799845843716,196.543601281938,0.816396951675415,0.0010046958923339844,4,False
1784693946.9833643,control2,c49a2172f6,MOSEK,linear,True,42,85,0,20,-0.008733076629752447,196.0974119302312,1.4261901378631592,0.0,9,False
1784693946.9919052,control2,c49a2172f6,MOSEK,linear,True,42,85,1,10,-0.12715240697030897,196.0974119302312,1.4261901378631592,0.0,3,False
1784693947.995708,control2,c49a2172f6,MOSEK,linear,True,42,86,0,20,-0.008172941267949053,195.49864463969476,0.9872229099273682,0.0009937286376953125,8,False
1784693948.0067427,control2,c49a2172f6,MOSEK,linear,True,42,86,1,10,-0.19792172536031125,195.49864463969476,0.9872229099273682,0.0,3,False
1784693948.8752446,control2,c49a2172f6,MOSEK,linear,True,42,87,0,20,-0.008262737580781018,194.94714321435254,0.8518342971801758,0.0010669231414794922,8,False
1784693948.8864226,control2,c49a2172f6,MOSEK,linear,True,42,87,1,10,-0.3044697335723095,194.94714321435254,0.8518342971801758,0.0010001659393310547,5,False
1784693949.8443322,control2,c49a2172f6,MOSEK,linear,True,42,88,0,20,-0.010697389556555106,194.21066969574295,0.9397385120391846,0.0009984970092773438,8,False
1784693949.8570395,control2,c49a2172f6,MOSEK,linear,True,42,88,1,10,-0.38316451015398106,194.21066969574295,0.9397385120391846,0.0011091232299804688,4,False
1784693950.7207325,control2,c49a2172f6,MOSEK,linear,True,42,89,0,20,-0.009584772972683911,193.76926806338008,0.8493890762329102,0.0,8,False
1784693950.7298143,control2,c49a2172f6,MOSEK,linear,True,42,89,1,10,-0.5716782269413413,193.76926806338008,0.8493890762329102,0.0,4,False
1784693951.5428731,control2,c49a2172f6,MOSEK,linear,True,42,90,0,20,-0.012014698405280019,192.93819211828014,0.7862341403961182,0.0,9,False
1784693951.5497901,control2,c49a2172f6,MOSEK,linear,True,42,90,1,10,-0.32231490741570923,192.93819211828014,0.7862341403961182,0.0,3,False
1784693952.4344356,control2,c49a2172f6,MOSEK,linear,True,42,91,0,20,-0.009587415904298976,192.39757367459802,0.8608686923980713,0.0005097389221191406,8,False
1784693952.4404764,control2,c49a2172f6,MOSEK,linear,True,42,91,1,10,-0.25673606055151266,192.39757367459802,0.8608686923980713,0.0,4,False
1784693953.3348463,control2,c49a2172f6,MOSEK,linear,True,42,92,0,20,-0.01022829162774344,191.9007573394387,0.8721816539764404,0.0,9,False
1784693953.3455243,control2,c49a2172f6,MOSEK,linear,True,42,92,1,10,-0.1957093394599145,191.9007573394387,0.8721816539764404,0.001001596450805664,3,False
1784693954.2306173,control2,c49a2172f6,MOSEK,linear,True,42,93,0,20,-0.008334610411457968,191.5898165275652,0.8620288372039795,0.0010957717895507812,9,False
1784693954.240571,control2,c49a2172f6,MOSEK,linear,True,42,93,1,10,-0.14018797908414757,191.5898165275652,0.8620288372039795,0.0009543895721435547,4,False
1784693955.0373464,control2,c49a2172f6,MOSEK,linear,True,42,94,0,20,-0.008178848194796522,191.22015388210488,0.7817733287811279,0.0009129047393798828,8,False
1784693955.0475564,control2,c49a2172f6,MOSEK,linear,True,42,94,1,10,-0.10798029484342504,191.22015388210488,0.7817733287811279,0.0011076927185058594,4,False
1784693955.8713875,control2,c49a2172f6,MOSEK,linear,True,42,95,0,20,-0.010028404459103538,189.63715061997652,0.8031060695648193,0.0011339187622070312,9,False
1784693955.8822744,control2,c49a2172f6,MOSEK,linear,True,42,95,1,10,-0.7061108199793864,189.63715061997652,0.8031060695648193,0.0010373592376708984,4,False
1784693956.6652124,control2,c49a2172f6,MOSEK,linear,True,42,96,0,20,-0.008593345764569259,189.13054771563048,0.7676975727081299,0.0,8,False
1784693956.6754956,control2,c49a2172f6,MOSEK,linear,True,42,96,1,10,-0.42914081378663743,189.13054771563048,0.7676975727081299,0.0005130767822265625,4,False
1784693957.4378831,control2,c49a2172f6,MOSEK,linear,True,42,97,0,20,-0.007209789563453847,188.52526093539916,0.7404372692108154,0.0005948543548583984,8,False
1784693957.4471676,control2,c49a2172f6,MOSEK,linear,True,42,97,1,10,-0.15673452911121127,188.52526093539916,0.7404372692108154,0.0006501674652099609,4,False
1784693958.2668142,control2,c49a2172f6,MOSEK,linear,True,42,98,0,20,-0.009866199125072469,188.13406551405149,0.7999813556671143,0.0,9,False
1784693958.2755454,control2,c49a2172f6,MOSEK,linear,True,42,98,1,10,-0.25639969776530247,188.13406551405149,0.7999813556671143,0.00051116943359375,4,False
1784693959.1913462,control2,c49a2172f6,MOSEK,linear,True,42,99,0,20,-0.0073754896739320844,187.88847752049733,0.8967897891998291,0.0006043910980224609,8,False
1784693959.1985219,control2,c49a2172f6,MOSEK,linear,True,42,99,1,10,-0.09258958900100754,187.88847752049733,0.8967897891998291,0.0010879039764404297,4,False
1784693960.0173504,control2,c49a2172f6,MOSEK,linear,True,42,100,0,20,-0.007511462343585423,187.5615221147587,0.8014674186706543,0.000997781753540039,7,False
1784693960.0249228,control2,c49a2172f6,MOSEK,linear,True,42,100,1,10,-0.0885128256373241,187.5615221147587,0.8014674186706543,0.0,4,False
1784693960.7799866,control2,c49a2172f6,MOSEK,linear,True,42,101,0,20,-0.01002544519146165,186.8503949910855,0.7405617237091064,0.0,9,False
1784693960.7892654,control2,c49a2172f6,MOSEK,linear,True,42,101,1,10,-0.2558981328639959,186.8503949910855,0.7405617237091064,0.0,3,False
1784693961.6248045,control2,c49a2172f6,MOSEK,linear,True,42,102,0,20,-0.007137681265748369,186.43506923367138,0.8187360763549805,0.0010406970977783203,8,False
1784693961.6328142,control2,c49a2172f6,MOSEK,linear,True,42,102,1,10,-0.08610763222852653,186.43506923367138,0.8187360763549805,0.0,4,False
1784693962.6441863,control2,c49a2172f6,MOSEK,linear,True,42,103,0,20,-0.011733396695749526,185.42378363916055,0.9948878288269043,0.001047372817993164,8,False
1784693962.6548564,control2,c49a2172f6,MOSEK,linear,True,42,103,1,10,-0.4132926539489424,185.42378363916055,0.9948878288269043,0.0010027885437011719,4,False
1784693963.957507,control2,c49a2172f6,MOSEK,linear,True,42,104,0,20,-0.010054965630997071,184.4470750832092,1.2852299213409424,0.0009975433349609375,7,False
1784693963.970116,control2,c49a2172f6,MOSEK,linear,True,42,104,1,10,-0.5047766394723199,184.4470750832092,1.2852299213409424,0.0,4,False
1784693964.77177,control2,c49a2172f6,MOSEK,linear,True,42,105,0,20,-0.010215905059018468,183.2846728837906,0.785336971282959,0.0,9,False
1784693964.7783365,control2,c49a2172f6,MOSEK,linear,True,42,105,1,10,-0.14707210433633414,183.2846728837906,0.785336971282959,0.0,5,False
1784693965.4779742,control2,c49a2172f6,MOSEK,linear,True,42,106,0,20,-0.007881940242819527,181.75097669620794,0.682171106338501,0.0009984970092773438,8,False
1784693965.484042,control2,c49a2172f6,MOSEK,linear,True,42,106,1,10,-0.10183578427545177,181.75097669620794,0.682171106338501,0.0,4,False
1784693966.3502257,control2,c49a2172f6,MOSEK,linear,True,42,107,0,20,-0.00945105579832824,180.64625300329985,0.8514981269836426,0.0,8,False
1784693966.3717785,control2,c49a2172f6,MOSEK,linear,True,42,107,1,10,-0.13337477650728083,180.64625300329985,0.8514981269836426,0.0,4,False
1784693967.4103584,control2,c49a2172f6,MOSEK,linear,True,42,108,0,20,-0.008403166748082846,179.89736133202163,1.0136454105377197,0.0,9,False
1784693967.4334645,control2,c49a2172f6,MOSEK,linear,True,42,108,1,10,-0.13998252642276635,179.89736133202163,1.0136454105377197,0.0,3,False
1784693968.3138607,control2,c49a2172f6,MOSEK,linear,True,42,109,0,20,-0.008055799201093741,179.25889691685055,0.8566210269927979,0.0011479854583740234,8,False
1784693968.3217962,control2,c49a2172f6,MOSEK,linear,True,42,109,1,10,-0.18523156429947268,179.25889691685055,0.8566210269927979,0.0,3,False
1784693969.062086,control2,c49a2172f6,MOSEK,linear,True,42,110,0,20,-0.007174808521856808,178.9730042711788,0.7232029438018799,0.0,8,False
1784693969.0730839,control2,c49a2172f6,MOSEK,linear,True,42,110,1,10,-0.2255897044876651,178.9730042711788,0.7232029438018799,0.0009984970092773438,4,False
1784693969.925823,control2,c49a2172f6,MOSEK,linear,True,42,111,0,20,-0.008083073440682542,178.4247400928976,0.8345074653625488,0.001007080078125,7,False
1784693969.9325235,control2,c49a2172f6,MOSEK,linear,True,42,111,1,10,-0.0900941276332733,178.4247400928976,0.8345074653625488,0.0,4,False
1784693970.8082862,control2,c49a2172f6,MOSEK,linear,True,42,112,0,20,-0.006329481070047845,177.63599876109038,0.8521614074707031,0.0010962486267089844,9,False
1784693970.8173437,control2,c49a2172f6,MOSEK,linear,True,42,112,1,10,-0.19840307852380434,177.63599876109038,0.8521614074707031,0.0009744167327880859,4,False
1784693971.8002205,control2,c49a2172f6,MOSEK,linear,True,42,113,0,20,-0.008661144044688087,177.1609205777338,0.9465413093566895,0.000997304916381836,8,False
1784693971.8071656,control2,c49a2172f6,MOSEK,linear,True,42,113,1,10,-0.11523518543324665,177.1609205777338,0.9465413093566895,0.0,3,False
1784693972.8936348,control2,c49a2172f6,MOSEK,linear,True,42,114,0,20,-0.007765015447781422,176.74211867643476,1.0607447624206543,0.0005831718444824219,8,False
1784693972.900691,control2,c49a2172f6,MOSEK,linear,True,42,114,1,10,-0.056415300789100266,176.74211867643476,1.0607447624206543,0.0010235309600830078,3,False
1784693973.792789,control2,c49a2172f6,MOSEK,linear,True,42,115,0,20,-0.00945781547916344,176.2809572834891,0.8704185485839844,0.0005838871002197266,9,False
1784693973.799798,control2,c49a2172f6,MOSEK,linear,True,42,115,1,10,-0.040731592122252004,176.2809572834891,0.8704185485839844,0.0,4,False
1784693974.9276652,control2,c49a2172f6,MOSEK,linear,True,42,116,0,20,-0.008210141896776858,175.81368998417713,1.103342056274414,0.00022935867309570312,8,False
1784693974.9348397,control2,c49a2172f6,MOSEK,linear,True,42,116,1,10,-0.11718503299155875,175.81368998417713,1.103342056274414,0.0008573532104492188,3,False
1784693975.9363346,control2,c49a2172f6,MOSEK,linear,True,42,117,0,20,-0.0067832199402777715,175.2327941210425,0.973628044128418,0.0,8,False
1784693975.976491,control2,c49a2172f6,MOSEK,linear,True,42,117,1,10,-0.09693031042411519,175.2327941210425,0.973628044128418,0.0010023117065429688,3,False
1784693977.147003,control2,c49a2172f6,MOSEK,linear,True,42,118,0,20,-0.006180318053093415,174.8010926336534,1.1542141437530518,0.0010497570037841797,8,False
1784693977.1560066,control2,c49a2172f6,MOSEK,linear,True,42,118,1,10,-0.18938760140112365,174.8010926336534,1.1542141437530518,0.0009829998016357422,3,False
1784693978.6969981,control2,c49a2172f6,MOSEK,linear,True,42,119,0,20,-0.006949914999892692,174.30475164993354,1.5152757167816162,0.0,7,False
1784693978.7061641,control2,c49a2172f6,MOSEK,linear,True,42,119,1,10,-0.1256406799208631,174.30475164993354,1.5152757167816162,0.0009872913360595703,4,False
1784693979.872045,control2,c49a2172f6,MOSEK,linear,True,42,120,0,20,-0.007145076404177145,174.0746437148146,1.1506431102752686,0.0010404586791992188,8,False
1784693979.8812196,control2,c49a2172f6,MOSEK,linear,True,42,120,1,10,-0.06901670222803026,174.0746437148146,1.1506431102752686,0.0009541511535644531,4,False
1784693981.4306123,control2,c49a2172f6,MOSEK,linear,True,42,121,0,20,-0.005729365305484069,173.74290617078285,1.5241408348083496,0.001001596450805664,8,False
1784693981.440922,control2,c49a2172f6,MOSEK,linear,True,42,121,1,10,-0.24590590974452056,173.74290617078285,1.5241408348083496,0.0,4,False
1784693982.509444,control2,c49a2172f6,MOSEK,linear,True,42,122,0,20,-0.007961589179335133,173.29592594436744,1.046651840209961,0.001020193099975586,8,False
1784693982.515455,control2,c49a2172f6,MOSEK,linear,True,42,122,1,10,-0.22189659940910658,173.29592594436744,1.046651840209961,0.0,4,False
1784693983.6441004,control2,c49a2172f6,MOSEK,linear,True,42,123,0,20,-0.006164316285079078,172.92243046905327,1.1131007671356201,0.000993490219116211,8,False
1784693983.6528382,control2,c49a2172f6,MOSEK,linear,True,42,123,1,10,-0.12903020567938947,172.92243046905327,1.1131007671356201,0.0,3,False
1784693984.6744611,control2,c49a2172f6,MOSEK,linear,True,42,124,0,20,-0.004671637677482877,172.58408235031047,1.0024373531341553,0.0005776882171630859,7,False
1784693984.6834133,control2,c49a2172f6,MOSEK,linear,True,42,124,1,10,-0.0965764972202594,172.58408235031047,1.0024373531341553,0.0009584426879882812,4,False
1784693985.9175274,control2,c49a2172f6,MOSEK,linear,True,42,125,0,20,-0.005173252347164066,172.29448665113176,1.2152714729309082,0.0,8,False
1784693985.9264305,control2,c49a2172f6,MOSEK,linear,True,42,125,1,10,-0.07074156824532095,172.29448665113176,1.2152714729309082,0.0,4,False
1784693986.841416,control2,c49a2172f6,MOSEK,linear,True,42,126,0,20,-0.006727776091788975,171.7909305728728,0.8969399929046631,0.0,8,False
1784693986.848542,control2,c49a2172f6,MOSEK,linear,True,42,126,1,10,-0.16209529697399777,171.7909305728728,0.8969399929046631,0.0009012222290039062,4,False
1784693987.9996064,control2,c49a2172f6,MOSEK,linear,True,42,127,0,20,-0.008693456683216352,171.53246418947822,1.1368627548217773,0.0,9,False
1784693988.0065737,control2,c49a2172f6,MOSEK,linear,True,42,127,1,10,-0.1035985326194456,171.53246418947822,1.1368627548217773,0.0009226799011230469,4,False
1784693989.0087597,control2,c49a2172f6,MOSEK,linear,True,42,128,0,20,-0.011239179242698105,170.8008252902805,0.9728584289550781,0.0011677742004394531,9,False
1784693989.021861,control2,c49a2172f6,MOSEK,linear,True,42,128,1,10,-0.034754744448741624,170.8008252902805,0.9728584289550781,0.0009999275207519531,4,False
1784693990.12212,control2,c49a2172f6,MOSEK,linear,True,42,129,0,20,-0.006720400178973763,170.396726506453,1.076997995376587,0.0,8,False
1784693990.1288416,control2,c49a2172f6,MOSEK,linear,True,42,129,1,10,-0.07544779207793646,170.396726506453,1.076997995376587,0.0,4,False
1784693991.288552,control2,c49a2172f6,MOSEK,linear,True,42,130,0,20,-0.008111300033008695,169.9182181757094,1.1348559856414795,0.0010645389556884766,8,False
1784693991.2955484,control2,c49a2172f6,MOSEK,linear,True,42,130,1,10,-0.08104237619310194,169.9182181757094,1.1348559856414795,0.0009872913360595703,3,False
1784693992.5590248,control2,c49a2172f6,MOSEK,linear,True,42,131,0,20,-0.006639212001251017,169.58058235359997,1.2441248893737793,0.001001119613647461,8,False
1784693992.5667071,control2,c49a2172f6,MOSEK,linear,True,42,131,1,10,-0.07941147818930248,169.58058235359997,1.2441248893737793,0.0009055137634277344,3,False
1784693993.655082,control2,c49a2172f6,MOSEK,linear,True,42,132,0,20,-0.00837977701890465,169.3157817445845,1.066528081893921,0.0,9,False
1784693993.663125,control2,c49a2172f6,MOSEK,linear,True,42,132,1,10,-0.18868282427964203,169.3157817445845,1.066528081893921,0.0,4,False
1784693994.7142494,control2,c49a2172f6,MOSEK,linear,True,42,133,0,20,-0.00481744257383006,169.0301812818269,1.0282924175262451,0.001016378402709961,8,False
1784693994.722913,control2,c49a2172f6,MOSEK,linear,True,42,133,1,10,-0.07091587258846536,169.0301812818269,1.0282924175262451,0.0,4,False
1784693996.081318,control2,c49a2172f6,MOSEK,linear,True,42,134,0,20,-0.007634190373724621,168.55058343391227,1.3346760272979736,0.0010449886322021484,9,False
1784693996.088318,control2,c49a2172f6,MOSEK,linear,True,42,134,1,10,-0.06864777885263981,168.55058343391227,1.3346760272979736,0.0009632110595703125,4,False
1784693997.1437466,control2,c49a2172f6,MOSEK,linear,True,42,135,0,20,-0.008720778143287502,168.29545616189029,1.037707805633545,0.0010178089141845703,8,False
1784693997.1517577,control2,c49a2172f6,MOSEK,linear,True,42,135,1,10,-0.0756061584751972,168.29545616189029,1.037707805633545,0.0,4,False
1784693998.281128,control2,c49a2172f6,MOSEK,linear,True,42,136,0,20,-0.0073907973805910155,167.9871741489577,1.1106715202331543,0.0,9,False
1784693998.2901323,control2,c49a2172f6,MOSEK,linear,True,42,136,1,10,-0.060993957013522636,167.9871741489577,1.1106715202331543,0.0008747577667236328,4,False
1784693999.8236463,control2,c49a2172f6,MOSEK,linear,True,42,137,0,20,-0.006784537638453212,167.80849218025205,1.5102746486663818,0.0009882450103759766,8,False
1784693999.8317075,control2,c49a2172f6,MOSEK,linear,True,42,137,1,10,-0.05050876374667721,167.80849218025205,1.5102746486663818,0.0,4,False
1784694001.2808182,control2,c49a2172f6,MOSEK,linear,True,42,138,0,20,-0.0074282989106529045,167.51315991562976,1.4265086650848389,0.0009338855743408203,8,False
1784694001.290345,control2,c49a2172f6,MOSEK,linear,True,42,138,1,10,-0.06791189591402799,167.51315991562976,1.4265086650848389,0.0,4,False
1784694002.466865,control2,c49a2172f6,MOSEK,linear,True,42,139,0,20,-0.005963114660170368,167.25096547137977,1.1508691310882568,0.0,8,False
1784694002.4776192,control2,c49a2172f6,MOSEK,linear,True,42,139,1,10,-0.09837217193184938,167.25096547137977,1.1508691310882568,0.0010159015655517578,4,False
1784694003.8845212,control2,c49a2172f6,MOSEK,linear,True,42,140,0,20,-0.004527618205930542,167.04752209666378,1.3832828998565674,0.0,7,False
1784694003.8945367,control2,c49a2172f6,MOSEK,linear,True,42,140,1,10,-0.058185288112497575,167.04752209666378,1.3832828998565674,0.0009918212890625,3,False
1784694005.202223,control2,c49a2172f6,MOSEK,linear,True,42,141,0,20,-0.004849558185503176,166.75267814374757,1.2832059860229492,0.0,7,False
1784694005.2134905,control2,c49a2172f6,MOSEK,linear,True,42,141,1,10,-0.0442611036889152,166.75267814374757,1.2832059860229492,0.0,5,False
1784694006.7527187,control2,c49a2172f6,MOSEK,linear,True,42,142,0,20,-0.004597857768667757,166.4231014290206,1.5196654796600342,0.0,9,False
1784694006.763045,control2,c49a2172f6,MOSEK,linear,True,42,142,1,10,-0.059561469162901365,166.4231014290206,1.5196654796600342,0.0005295276641845703,4,False
1784694008.3199627,control2,c49a2172f6,MOSEK,linear,True,42,143,0,20,-0.007777302283077665,166.07279753612156,1.535029649734497,0.0,8,False
1784694008.3309343,control2,c49a2172f6,MOSEK,linear,True,42,143,1,10,-0.06576378560058509,166.07279753612156,1.535029649734497,0.0,3,False
1784694009.3583763,control2,c49a2172f6,MOSEK,linear,True,42,144,0,20,-0.00597962048981481,165.53152238549282,1.0010476112365723,0.0,8,False
1784694009.366981,control2,c49a2172f6,MOSEK,linear,True,42,144,1,10,-0.09797351753286522,165.53152238549282,1.0010476112365723,0.001062631607055664,4,False
1784694010.4086258,control2,c49a2172f6,MOSEK,linear,True,42,145,0,20,-0.00596693859891659,165.22465838956424,1.0258781909942627,0.0,8,False
1784694010.419716,control2,c49a2172f6,MOSEK,linear,True,42,145,1,10,-0.07088659019233429,165.22465838956424,1.0258781909942627,0.0010008811950683594,4,False
1784694011.4375324,control2,c49a2172f6,MOSEK,linear,True,42,146,0,20,-0.007815354050953818,164.85901087085432,1.004326343536377,0.0005726814270019531,9,False
1784694011.4486442,control2,c49a2172f6,MOSEK,linear,True,42,146,1,10,-0.06328724481422755,164.85901087085432,1.004326343536377,0.0,3,False
1784694012.571986,control2,c49a2172f6,MOSEK,linear,True,42,147,0,20,-0.005915228440365788,164.5351776805765,1.1062500476837158,0.0,8,False
1784694012.581215,control2,c49a2172f6,MOSEK,linear,True,42,147,1,10,-0.08456767059989723,164.5351776805765,1.1062500476837158,0.0010883808135986328,4,False
1784694013.6662323,control2,c49a2172f6,MOSEK,linear,True,42,148,0,20,-0.00993578959172869,163.42885973688084,1.059631586074829,0.0010294914245605469,9,False
1784694013.675723,control2,c49a2172f6,MOSEK,linear,True,42,148,1,10,-0.21613209263987126,163.42885973688084,1.059631586074829,0.0009274482727050781,4,False
1784694014.656973,control2,c49a2172f6,MOSEK,linear,True,42,149,0,20,-0.006166234393704153,163.1336046373388,0.9616961479187012,0.0,8,False
1784694014.6655827,control2,c49a2172f6,MOSEK,linear,True,42,149,1,10,-0.1336381372243406,163.1336046373388,0.9616961479187012,0.0010097026824951172,5,False
1784694015.8831096,control2,c49a2172f6,MOSEK,linear,True,42,150,0,20,-0.004744272790957446,162.88159888759523,1.1922128200531006,0.0010187625885009766,8,False
1784694015.8919687,control2,c49a2172f6,MOSEK,linear,True,42,150,1,10,-0.10516490958016904,162.88159888759523,1.1922128200531006,0.0010020732879638672,4,False
1784694018.0095384,control2,c49a2172f6,MOSEK,linear,True,42,151,0,20,-0.004615163179195199,162.59775103315002,2.0956263542175293,0.0,8,False
1784694018.016401,control2,c49a2172f6,MOSEK,linear,True,42,151,1,10,-0.0759306421487045,162.59775103315002,2.0956263542175293,0.0002601146697998047,3,False
1784694019.1244903,control2,c49a2172f6,MOSEK,linear,True,42,152,0,20,-0.004369557413312527,161.90533119213654,1.0881893634796143,0.0006053447723388672,8,False
1784694019.1322358,control2,c49a2172f6,MOSEK,linear,True,42,152,1,10,-0.045824095788571384,161.90533119213654,1.0881893634796143,0.0005216598510742188,4,False
1784694020.346847,control2,c49a2172f6,MOSEK,linear,True,42,153,0,20,-0.003939406121398167,161.6427464099016,1.1908795833587646,0.0010137557983398438,7,False
1784694020.3558486,control2,c49a2172f6,MOSEK,linear,True,42,153,1,10,-0.06422440026839205,161.6427464099016,1.1908795833587646,0.0009105205535888672,4,False
1784694021.5643888,control2,c49a2172f6,MOSEK,linear,True,42,154,0,20,-0.003987201151095647,161.38293453857466,1.1894652843475342,0.0,8,False
1784694021.5726135,control2,c49a2172f6,MOSEK,linear,True,42,154,1,10,-0.052357076445947184,161.38293453857466,1.1894652843475342,0.0,4,False
1784694023.047321,control2,c49a2172f6,MOSEK,linear,True,42,155,0,20,-0.004694848398568059,161.0279348850082,1.4561371803283691,0.0,7,False
1784694023.0533524,control2,c49a2172f6,MOSEK,linear,True,42,155,1,10,-0.04058502222545707,161.0279348850082,1.4561371803283691,0.0,4,False
1784694024.8206744,control2,c49a2172f6,MOSEK,linear,True,42,156,0,20,-0.005137797380174748,160.75301097611478,1.7426519393920898,0.0,8,False
1784694024.8299012,control2,c49a2172f6,MOSEK,linear,True,42,156,1,10,-0.05835412020158988,160.75301097611478,1.7426519393920898,0.0,4,False
1784694026.5865743,control2,c49a2172f6,MOSEK,linear,True,42,157,0,20,-0.005641366481721129,160.49345911353151,1.7361485958099365,0.0005519390106201172,7,False
1784694026.5937438,control2,c49a2172f6,MOSEK,linear,True,42,157,1,10,-0.05924049551069063,160.49345911353151,1.7361485958099365,0.0,4,False
1784694028.258301,control2,c49a2172f6,MOSEK,linear,True,42,158,0,20,-0.004818797691946552,160.2682393029416,1.6409080028533936,0.0,8,False
1784694028.2665415,control2,c49a2172f6,MOSEK,linear,True,42,158,1,10,-0.11203705069431814,160.2682393029416,1.6409080028533936,0.0,4,False
1784694029.6143413,control2,c49a2172f6,MOSEK,linear,True,42,159,0,20,-0.0038889007606874326,160.13507822435423,1.3250198364257812,0.0,8,False
1784694029.6225686,control2,c49a2172f6,MOSEK,linear,True,42,159,1,10,-0.09641127708341977,160.13507822435423,1.3250198364257812,0.0,4,False
1784694031.2040403,control2,c49a2172f6,MOSEK,linear,True,42,160,0,20,-0.006942522863586398,159.87685636406735,1.5461924076080322,0.0,7,False
1784694031.2146914,control2,c49a2172f6,MOSEK,linear,True,42,160,1,10,-0.05482146316417755,159.87685636406735,1.5461924076080322,0.0010139942169189453,4,False
1784694033.3605196,control2,c49a2172f6,MOSEK,linear,True,42,161,0,20,-0.004702621845996229,159.70002695182757,2.116208791732788,0.0010161399841308594,8,False
1784694033.3696437,control2,c49a2172f6,MOSEK,linear,True,42,161,1,10,-0.0508064442492707,159.70002695182757,2.116208791732788,0.0,4,False
1784694034.763502,control2,c49a2172f6,MOSEK,linear,True,42,162,0,20,-0.005510900706104902,159.38471722536275,1.366157054901123,0.001001119613647461,8,False
1784694034.7721448,control2,c49a2172f6,MOSEK,linear,True,42,162,1,10,-0.06433429501914006,159.38471722536275,1.366157054901123,0.001196146011352539,4,False
1784694036.3486943,control2,c49a2172f6,MOSEK,linear,True,42,163,0,20,-0.0040016265689516665,159.10347929343482,1.5517730712890625,0.0010323524475097656,7,False
1784694036.3567073,control2,c49a2172f6,MOSEK,linear,True,42,163,1,10,-0.059104288326641476,159.10347929343482,1.5517730712890625,0.0,4,False
1784694037.8635616,control2,c49a2172f6,MOSEK,linear,True,42,164,0,20,-0.003995587746998138,158.88553068799695,1.4775724411010742,0.0,8,False
1784694037.870673,control2,c49a2172f6,MOSEK,linear,True,42,164,1,10,-0.03651827616073015,158.88553068799695,1.4775724411010742,0.0,4,False
1784694041.2792752,control2,c49a2172f6,MOSEK,linear,True,42,165,0,20,-0.003504035700019199,158.7189409245267,3.384753942489624,0.0011615753173828125,8,False
1784694041.287435,control2,c49a2172f6,MOSEK,linear,True,42,165,1,10,-0.019371185127664073,158.7189409245267,3.384753942489624,0.0008428096771240234,3,False
1784694043.022757,control2,c49a2172f6,MOSEK,linear,True,42,166,0,20,-0.00408394598674056,158.5821905975387,1.713341474533081,0.0010120868682861328,7,False
1784694043.0318248,control2,c49a2172f6,MOSEK,linear,True,42,166,1,10,-0.0479321078230046,158.5821905975387,1.713341474533081,0.0009984970092773438,3,False
1784694044.8672326,control2,c49a2172f6,MOSEK,linear,True,42,167,0,20,-0.004227988268569029,158.45896758161078,1.8056714534759521,0.000985860824584961,8,False
1784694044.8753493,control2,c49a2172f6,MOSEK,linear,True,42,167,1,10,-0.026410462847541515,158.45896758161078,1.8056714534759521,0.0,4,False
1784694046.214121,control2,c49a2172f6,MOSEK,linear,True,42,168,0,20,-0.005906327836331154,158.3718756269713,1.291182041168213,0.0005161762237548828,9,False
1784694046.2247806,control2,c49a2172f6,MOSEK,linear,True,42,168,1,10,-0.05314372268471292,158.3718756269713,1.291182041168213,0.0009646415710449219,4,False
1784694048.1710575,control2,c49a2172f6,MOSEK,linear,True,42,169,0,20,-0.006646429644118121,158.17420295094587,1.9263250827789307,0.0,8,False
1784694048.1820767,control2,c49a2172f6,MOSEK,linear,True,42,169,1,10,-0.05667354828242938,158.17420295094587,1.9263250827789307,0.0,3,False
1784694049.4151535,control2,c49a2172f6,MOSEK,linear,True,42,170,0,20,-0.005741388216262171,157.80216051536377,1.2104315757751465,0.0006136894226074219,8,False
1784694049.4232829,control2,c49a2172f6,MOSEK,linear,True,42,170,1,10,-0.09914114310822532,157.80216051536377,1.2104315757751465,0.0,3,False
1784694050.761635,control2,c49a2172f6,MOSEK,linear,True,42,171,0,20,-0.008418115482243829,157.50597243005484,1.3164598941802979,0.0,7,False
1784694050.7698333,control2,c49a2172f6,MOSEK,linear,True,42,171,1,10,-0.14380119377642142,157.50597243005484,1.3164598941802979,0.0006856918334960938,3,False
1784694052.0679085,control2,c49a2172f6,MOSEK,linear,True,42,172,0,20,-0.010305606213879444,157.21449041063255,1.2697343826293945,0.0,8,False
1784694052.077386,control2,c49a2172f6,MOSEK,linear,True,42,172,1,10,-0.12682816851430836,157.21449041063255,1.2697343826293945,0.0,3,False
1784694054.4414592,control2,c49a2172f6,MOSEK,linear,True,42,173,0,20,-0.009705549792568182,156.76325953657062,2.3262264728546143,0.0015735626220703125,8,False
1784694054.4504042,control2,c49a2172f6,MOSEK,linear,True,42,173,1,10,-0.059993061643121945,156.76325953657062,2.3262264728546143,0.0009999275207519531,3,False
1784694056.176157,control2,c49a2172f6,MOSEK,linear,True,42,174,0,20,-0.009185171724998808,156.28234862091665,1.6981828212738037,0.0,8,False
1784694056.1840286,control2,c49a2172f6,MOSEK,linear,True,42,174,1,10,-0.061708740416409794,156.28234862091665,1.6981828212738037,0.0009419918060302734,4,False
1784694057.9810798,control2,c49a2172f6,MOSEK,linear,True,42,175,0,20,-0.009979412990213028,156.09969063246322,1.772190809249878,0.0011641979217529297,8,False
1784694057.9886973,control2,c49a2172f6,MOSEK,linear,True,42,175,1,10,-0.04319781239730501,156.09969063246322,1.772190809249878,0.0009312629699707031,3,False
1784694059.3223915,control2,c49a2172f6,MOSEK,linear,True,42,176,0,20,-0.007148900894711,155.69918004385886,1.3112876415252686,0.0,8,False
1784694059.3306246,control2,c49a2172f6,MOSEK,linear,True,42,176,1,10,-0.043884959353243554,155.69918004385886,1.3112876415252686,0.0,3,False
1784694060.8795085,control2,c49a2172f6,MOSEK,linear,True,42,177,0,20,-0.004669803531341136,155.43044367539738,1.518028736114502,0.0,8,False
1784694060.8880448,control2,c49a2172f6,MOSEK,linear,True,42,177,1,10,-0.16323569802858245,155.43044367539738,1.518028736114502,0.0,3,False
1784694062.4821904,control2,c49a2172f6,MOSEK,linear,True,42,178,0,20,-0.006624955104639844,154.87810758628575,1.563744068145752,0.0,8,False
1784694062.4908526,control2,c49a2172f6,MOSEK,linear,True,42,178,1,10,-0.0702602012108126,154.87810758628575,1.563744068145752,0.0,3,False
1784694063.839779,control2,c49a2172f6,MOSEK,linear,True,42,179,0,20,-0.006702187207340074,154.58856027128576,1.320749282836914,0.0010132789611816406,7,False
1784694063.8482828,control2,c49a2172f6,MOSEK,linear,True,42,179,1,10,-0.03799679181622416,154.58856027128576,1.320749282836914,0.0012700557708740234,3,False
1784694065.3727598,control2,c49a2172f6,MOSEK,linear,True,42,180,0,20,-0.007772442346893171,154.30020192747642,1.499194622039795,0.0009737014770507812,7,False
1784694065.38546,control2,c49a2172f6,MOSEK,linear,True,42,180,1,10,-0.05055384219638578,154.30020192747642,1.499194622039795,0.0012221336364746094,3,False
1784694067.0489526,control2,c49a2172f6,MOSEK,linear,True,42,181,0,20,-0.006892546136758175,154.06570661105275,1.6405646800994873,0.0008981227874755859,8,False
1784694067.0568612,control2,c49a2172f6,MOSEK,linear,True,42,181,1,10,-0.08079468671133229,154.06570661105275,1.6405646800994873,0.001003265380859375,4,False
1784694068.54735,control2,c49a2172f6,MOSEK,linear,True,42,182,0,20,-0.006254995837998936,153.88764096858634,1.4623875617980957,0.0009341239929199219,8,False
1784694068.5543692,control2,c49a2172f6,MOSEK,linear,True,42,182,1,10,-0.0263337965163198,153.88764096858634,1.4623875617980957,0.0,4,False
1784694070.1726284,control2,c49a2172f6,MOSEK,linear,True,42,183,0,20,-0.004481276949913578,153.51953730298794,1.581709623336792,0.0010058879852294922,8,False
1784694070.1831121,control2,c49a2172f6,MOSEK,linear,True,42,183,1,10,-0.02324470973127229,153.51953730298794,1.581709623336792,0.0,3,False
1784694071.4196103,control2,c49a2172f6,MOSEK,linear,True,42,184,0,20,-0.004288270252087869,153.44580516399014,1.21278977394104,0.0,8,False
1784694071.4284883,control2,c49a2172f6,MOSEK,linear,True,42,184,1,10,-0.0174900390649638,153.44580516399014,1.21278977394104,0.0,3,False
1784694072.7630389,control2,c49a2172f6,MOSEK,linear,True,42,185,0,20,-0.00449677680610692,153.34599578306953,1.3126556873321533,0.0011031627655029297,7,False
1784694072.772964,control2,c49a2172f6,MOSEK,linear,True,42,185,1,10,-0.12154270359621251,153.34599578306953,1.3126556873321533,0.0,3,False
1784694074.1501846,control2,c49a2172f6,MOSEK,linear,True,42,186,0,20,-0.004020915487867501,153.17852854784556,1.350234031677246,0.0,8,False
1784694074.1587338,control2,c49a2172f6,MOSEK,linear,True,42,186,1,10,-0.019640916036103514,153.17852854784556,1.350234031677246,0.0009894371032714844,4,False
1784694076.0476937,control2,c49a2172f6,MOSEK,linear,True,42,187,0,20,-0.008079284838161319,152.83237238704862,1.8606972694396973,0.0,8,False
1784694076.055687,control2,c49a2172f6,MOSEK,linear,True,42,187,1,10,-0.0853753674756701,152.83237238704862,1.8606972694396973,0.0,4,False
1784694077.8956673,control2,c49a2172f6,MOSEK,linear,True,42,188,0,20,-0.004527207860322773,152.63454519876845,1.8131177425384521,0.0008544921875,8,False
1784694077.9056392,control2,c49a2172f6,MOSEK,linear,True,42,188,1,10,-0.1292837923692648,152.63454519876845,1.8131177425384521,0.0010111331939697266,5,False
1784694079.4144385,control2,c49a2172f6,MOSEK,linear,True,42,189,0,20,-0.004772877712068832,152.46669049305905,1.4805140495300293,0.0010247230529785156,9,False
1784694079.4213712,control2,c49a2172f6,MOSEK,linear,True,42,189,1,10,-0.067097313190028,152.46669049305905,1.4805140495300293,0.000621795654296875,4,False
1784694080.9230843,control2,c49a2172f6,MOSEK,linear,True,42,190,0,20,-0.005138985189062061,152.34105452480736,1.4756228923797607,5.53131103515625e-05,8,False
1784694080.9316597,control2,c49a2172f6,MOSEK,linear,True,42,190,1,10,-0.03855437118096886,152.34105452480736,1.4756228923797607,0.0006930828094482422,4,False
1784694082.5713246,control2,c49a2172f6,MOSEK,linear,True,42,191,0,20,-0.002977488771538321,152.23611578607046,1.6129143238067627,0.0009992122650146484,8,False
1784694082.580376,control2,c49a2172f6,MOSEK,linear,True,42,191,1,10,-0.02067364565697714,152.23611578607046,1.6129143238067627,0.0009534358978271484,3,False
1784694084.2974224,control2,c49a2172f6,MOSEK,linear,True,42,192,0,20,-0.008523602180484735,151.78781553768695,1.6828413009643555,0.0010159015655517578,9,False
1784694084.3060353,control2,c49a2172f6,MOSEK,linear,True,42,192,1,10,-0.08257846613310131,151.78781553768695,1.6828413009643555,0.0010075569152832031,4,False
1784694085.6738036,control2,c49a2172f6,MOSEK,linear,True,42,193,0,20,-0.005936549063394152,151.65696495828365,1.3433856964111328,0.0012543201446533203,7,False
1784694085.684251,control2,c49a2172f6,MOSEK,linear,True,42,193,1,10,-0.10886301880215457,151.65696495828365,1.3433856964111328,0.0,4,False
1784694087.018442,control2,c49a2172f6,MOSEK,linear,True,42,194,0,20,-0.003868469609755407,151.4463669740397,1.2935996055603027,0.0,7,False
1784694087.02813,control2,c49a2172f6,MOSEK,linear,True,42,194,1,10,-0.040075742293027336,151.4463669740397,1.2935996055603027,0.0009560585021972656,4,False
1784694088.8892837,control2,c49a2172f6,MOSEK,linear,True,42,195,0,20,-0.005291798876125252,151.2135079238681,1.8394052982330322,0.000986337661743164,7,False
1784694088.897078,control2,c49a2172f6,MOSEK,linear,True,42,195,1,10,-0.32670498949469085,151.2135079238681,1.8394052982330322,0.0,4,False
1784694090.3067238,control2,c49a2172f6,MOSEK,linear,True,42,196,0,20,-0.0037065247234284366,150.88389777819873,1.3779351711273193,0.0009989738464355469,7,False
1784694090.3151057,control2,c49a2172f6,MOSEK,linear,True,42,196,1,10,-0.14990508123319157,150.88389777819873,1.3779351711273193,0.0,4,False
1784694091.7822468,control2,c49a2172f6,MOSEK,linear,True,42,197,0,20,-0.004732863131983778,150.56405044031473,1.4429757595062256,0.0,8,False
1784694091.78932,control2,c49a2172f6,MOSEK,linear,True,42,197,1,10,-0.206647980604554,150.56405044031473,1.4429757595062256,0.0009560585021972656,3,False
1784694093.4547744,control2,c49a2172f6,MOSEK,linear,True,42,198,0,20,-0.005864170154891173,150.4463597299685,1.637406349182129,0.0,8,False
1784694093.463706,control2,c49a2172f6,MOSEK,linear,True,42,198,1,10,-0.06925871312977244,150.4463597299685,1.637406349182129,0.0010619163513183594,4,False
1784694096.101558,control2,c49a2172f6,MOSEK,linear,True,42,199,0,20,-0.0026928466643269286,150.24838242813343,2.6100800037384033,0.0,8,False
1784694096.1115925,control2,c49a2172f6,MOSEK,linear,True,42,199,1,10,-0.0969523060099983,150.24838242813343,2.6100800037384033,0.0,5,False
1784694098.0478735,control2,c49a2172f6,MOSEK,linear,True,42,200,0,20,-0.0032626546284287043,150.14671446860115,1.9086320400238037,0.0009281635284423828,6,False
1784694098.0654564,control2,c49a2172f6,MOSEK,linear,True,42,200,1,10,-0.06576769382127946,150.14671446860115,1.9086320400238037,0.0009434223175048828,4,False
1784694099.692267,control2,c49a2172f6,MOSEK,linear,True,42,201,0,20,-0.004120525736146943,149.5850931654996,1.600083351135254,0.0011477470397949219,8,False
1784694099.703339,control2,c49a2172f6,MOSEK,linear,True,42,201,1,10,-0.11277085682514754,149.5850931654996,1.600083351135254,0.0,4,False
1784694101.5109196,control2,c49a2172f6,MOSEK,linear,True,42,202,0,20,-0.005211019367146812,149.11153169442267,1.7777698040008545,0.0,8,False
1784694101.5183082,control2,c49a2172f6,MOSEK,linear,True,42,202,1,10,-0.06061948381745299,149.11153169442267,1.7777698040008545,0.0,3,False
1784694103.0269294,control2,c49a2172f6,MOSEK,linear,True,42,203,0,20,-0.007887493069021107,148.42055501218442,1.4809963703155518,0.0010900497436523438,8,False
1784694103.0359476,control2,c49a2172f6,MOSEK,linear,True,42,203,1,10,-0.3727441571960846,148.42055501218442,1.4809963703155518,0.0009474754333496094,4,False
1784694104.4567332,control2,c49a2172f6,MOSEK,linear,True,42,204,0,20,-0.006072992802668961,148.13269165329027,1.3891313076019287,0.0005512237548828125,8,False
1784694104.4634244,control2,c49a2172f6,MOSEK,linear,True,42,204,1,10,-0.1790218196099396,148.13269165329027,1.3891313076019287,0.0010786056518554688,5,False
1784694105.8699133,control2,c49a2172f6,MOSEK,linear,True,42,205,0,20,-0.003284009774689524,147.94832820378957,1.3812925815582275,0.0,9,False
1784694105.8782182,control2,c49a2172f6,MOSEK,linear,True,42,205,1,10,-0.06553513376207391,147.94832820378957,1.3812925815582275,0.0004105567932128906,4,False
1784694107.5895889,control2,c49a2172f6,MOSEK,linear,True,42,206,0,20,-0.003223501824258618,147.73843357501437,1.6846632957458496,0.0,8,False
1784694107.597295,control2,c49a2172f6,MOSEK,linear,True,42,206,1,10,-0.18259991881471233,147.73843357501437,1.6846632957458496,0.0011103153228759766,4,False
1784694109.0332568,control2,c49a2172f6,MOSEK,linear,True,42,207,0,20,-0.005502862715651975,147.25336938831612,1.4060087203979492,0.0016388893127441406,8,False
1784694109.041265,control2,c49a2172f6,MOSEK,linear,True,42,207,1,10,-0.10755605189449513,147.25336938831612,1.4060087203979492,0.0010039806365966797,3,False
1784694110.4235077,control2,c49a2172f6,MOSEK,linear,True,42,208,0,20,-0.004129897753591636,147.02831813442026,1.3521506786346436,0.0010631084442138672,7,False
1784694110.429909,control2,c49a2172f6,MOSEK,linear,True,42,208,1,10,-0.11173839517127931,147.02831813442026,1.3521506786346436,0.0,3,False
1784694111.9816413,control2,c49a2172f6,MOSEK,linear,True,42,209,0,20,-0.004660090793387516,146.74226874180795,1.5261635780334473,0.0,8,False
1784694111.9897857,control2,c49a2172f6,MOSEK,linear,True,42,209,1,10,-0.130190964303609,146.74226874180795,1.5261635780334473,0.0,4,False
1784694114.4086802,control2,c49a2172f6,MOSEK,linear,True,42,210,0,20,-0.0034271552655268053,146.54850176988532,2.387054443359375,0.0,7,False
1784694114.4151702,control2,c49a2172f6,MOSEK,linear,True,42,210,1,10,-0.0558067025863944,146.54850176988532,2.387054443359375,0.0,3,False
1784694116.3259797,control2,c49a2172f6,MOSEK,linear,True,42,211,0,20,-0.004489727084486056,146.3671400371581,1.879162311553955,0.0010328292846679688,7,False
1784694116.3381634,control2,c49a2172f6,MOSEK,linear,True,42,211,1,10,-0.05496602238264898,146.3671400371581,1.879162311553955,0.0010614395141601562,4,False
1784694118.4318538,control2,c49a2172f6,MOSEK,linear,True,42,212,0,20,-0.004510607332292137,146.05975899197554,2.0644681453704834,0.000990152359008789,8,False
1784694118.4405642,control2,c49a2172f6,MOSEK,linear,True,42,212,1,10,-0.07005381369063471,146.05975899197554,2.0644681453704834,0.0009963512420654297,4,False
1784694120.887841,control2,c49a2172f6,MOSEK,linear,True,42,213,0,20,-0.0042873049304490984,145.86274709590592,2.412698268890381,0.0,7,False
1784694120.898923,control2,c49a2172f6,MOSEK,linear,True,42,213,1,10,-0.07047452135170841,145.86274709590592,2.412698268890381,0.0,4,False
1784694122.8107114,control2,c49a2172f6,MOSEK,linear,True,42,214,0,20,-0.0033968594515239,145.65817123921528,1.8810296058654785,0.0005114078521728516,8,False
1784694122.8203316,control2,c49a2172f6,MOSEK,linear,True,42,214,1,10,-0.08713196192171906,145.65817123921528,1.8810296058654785,0.0005860328674316406,4,False
1784694125.4755082,control2,c49a2172f6,MOSEK,linear,True,42,215,0,20,-0.007806460748425338,145.38111927127645,2.6205058097839355,0.0010902881622314453,8,False
1784694125.4835787,control2,c49a2172f6,MOSEK,linear,True,42,215,1,10,-0.06575862010085456,145.38111927127645,2.6205058097839355,0.0,4,False
1784694127.58793,control2,c49a2172f6,MOSEK,linear,True,42,216,0,20,-0.008824597425775465,145.01556847180626,2.0729856491088867,0.0011532306671142578,8,False
1784694127.597036,control2,c49a2172f6,MOSEK,linear,True,42,216,1,10,-0.07968183152295957,145.01556847180626,2.0729856491088867,0.0009570121765136719,4,False
1784694129.4051573,control2,c49a2172f6,MOSEK,linear,True,42,217,0,20,-0.005414074526062928,144.78918534209353,1.7808408737182617,0.0011434555053710938,7,False
1784694129.4147472,control2,c49a2172f6,MOSEK,linear,True,42,217,1,10,-0.045643069571095964,144.78918534209353,1.7808408737182617,0.0009801387786865234,4,False
1784694131.1290135,control2,c49a2172f6,MOSEK,linear,True,42,218,0,20,-0.0053169445991171575,144.610084377831,1.690068244934082,0.0,8,False
1784694131.138011,control2,c49a2172f6,MOSEK,linear,True,42,218,1,10,-0.02260767789166136,144.610084377831,1.690068244934082,0.000965118408203125,4,False
1784694132.7035587,control2,c49a2172f6,MOSEK,linear,True,42,219,0,20,-0.007629895458085029,144.11730030270826,1.5346791744232178,0.0,8,False
1784694132.7117796,control2,c49a2172f6,MOSEK,linear,True,42,219,1,10,-0.02769892053039436,144.11730030270826,1.5346791744232178,0.0006413459777832031,4,False
1784694134.4983308,control2,c49a2172f6,MOSEK,linear,True,42,220,0,20,-0.004535946221086254,143.91050662045052,1.7631416320800781,0.0,7,False
1784694134.5074327,control2,c49a2172f6,MOSEK,linear,True,42,220,1,10,-0.09988392248917441,143.91050662045052,1.7631416320800781,0.0,3,False
1784694136.0441973,control2,c49a2172f6,MOSEK,linear,True,42,221,0,20,-0.0044503034880945935,143.69324725201983,1.5084130764007568,0.0,7,False
1784694136.0526254,control2,c49a2172f6,MOSEK,linear,True,42,221,1,10,-0.03594632099910876,143.69324725201983,1.5084130764007568,0.0,5,False
1784694138.7118702,control2,c49a2172f6,MOSEK,linear,True,42,222,0,20,-0.006956674994377484,143.49065447622272,2.6321098804473877,0.0,6,False
1784694138.7199264,control2,c49a2172f6,MOSEK,linear,True,42,222,1,10,-0.0191982356604815,143.49065447622272,2.6321098804473877,0.0,4,False
1784694140.5108073,control2,c49a2172f6,MOSEK,linear,True,42,223,0,20,-0.006146515012017188,143.30052053752286,1.7599513530731201,0.001012563705444336,8,False
1784694140.5181394,control2,c49a2172f6,MOSEK,linear,True,42,223,1,10,-0.042031429727482576,143.30052053752286,1.7599513530731201,9.012222290039062e-05,4,False
1784694142.2742598,control2,c49a2172f6,MOSEK,linear,True,42,224,0,20,-0.006005097752520242,142.68223366511774,1.7239761352539062,0.0009996891021728516,7,False
1784694142.2814994,control2,c49a2172f6,MOSEK,linear,True,42,224,1,10,-0.12584932138985386,142.68223366511774,1.7239761352539062,0.0,5,False
1784694144.427266,control2,c49a2172f6,MOSEK,linear,True,42,225,0,20,-0.005346275677144311,142.27170135223955,2.114542007446289,0.000995635986328125,7,False
1784694144.4358566,control2,c49a2172f6,MOSEK,linear,True,42,225,1,10,-0.048817600832510154,142.27170135223955,2.114542007446289,0.0009305477142333984,3,False
1784694146.0782263,control2,c49a2172f6,MOSEK,linear,True,42,226,0,20,-0.005083098989608969,142.17020985968097,1.6033120155334473,0.0005097389221191406,8,False
1784694146.0906951,control2,c49a2172f6,MOSEK,linear,True,42,226,1,10,-0.04668837893997505,142.17020985968097,1.6033120155334473,0.0005164146423339844,4,False
1784694148.3679454,control2,c49a2172f6,MOSEK,linear,True,42,227,0,20,-0.005548493660056168,141.9917749243827,2.242485523223877,0.0,8,False
1784694148.3760698,control2,c49a2172f6,MOSEK,linear,True,42,227,1,10,-0.03907949953928434,141.9917749243827,2.242485523223877,0.0009887218475341797,4,False
1784694149.9790637,control2,c49a2172f6,MOSEK,linear,True,42,228,0,20,-0.003747125873016125,141.8042652334805,1.5797340869903564,0.0,8,False
1784694149.989018,control2,c49a2172f6,MOSEK,linear,True,42,228,1,10,-0.05867809404076063,141.8042652334805,1.5797340869903564,0.0011436939239501953,3,False
1784694151.7650473,control2,c49a2172f6,MOSEK,linear,True,42,229,0,20,-0.0030531779491197323,141.68125234815574,1.7478442192077637,0.0,7,False
1784694151.7761092,control2,c49a2172f6,MOSEK,linear,True,42,229,1,10,-0.03487213071018889,141.68125234815574,1.7478442192077637,0.0010004043579101562,4,False
1784694153.9999397,control2,c49a2172f6,MOSEK,linear,True,42,230,0,20,-0.003214142475021929,141.4675197018646,2.190004348754883,0.0016846656799316406,7,False
1784694154.0059774,control2,c49a2172f6,MOSEK,linear,True,42,230,1,10,-0.05480150837832019,141.4675197018646,2.190004348754883,0.0,3,False
1784694156.254772,control2,c49a2172f6,MOSEK,linear,True,42,231,0,20,-0.004000285217734083,141.2864134037867,2.217815637588501,0.0004391670227050781,7,False
1784694156.2631853,control2,c49a2172f6,MOSEK,linear,True,42,231,1,10,-0.04676611321052542,141.2864134037867,2.217815637588501,0.00101470947265625,4,False
1784694158.3209047,control2,c49a2172f6,MOSEK,linear,True,42,232,0,20,-0.0028015922459902016,141.18039050924858,2.032586097717285,0.0,7,False
1784694158.3300223,control2,c49a2172f6,MOSEK,linear,True,42,232,1,10,-0.02182411410128247,141.18039050924858,2.032586097717285,0.0009646415710449219,4,False
1784694160.6981306,control2,c49a2172f6,MOSEK,linear,True,42,233,0,20,-0.011041809132464532,140.5804479415192,2.33811616897583,0.0,8,False
1784694160.7067204,control2,c49a2172f6,MOSEK,linear,True,42,233,1,10,-0.07717283703481162,140.5804479415192,2.33811616897583,0.0009553432464599609,4,False
1784694162.4449003,control2,c49a2172f6,MOSEK,linear,True,42,234,0,20,-0.007556753944931774,139.90873361353607,1.710139513015747,9.417533874511719e-05,8,False
1784694162.4530458,control2,c49a2172f6,MOSEK,linear,True,42,234,1,10,-0.08782686544944102,139.90873361353607,1.710139513015747,0.0,4,False
1784694164.0461185,control2,c49a2172f6,MOSEK,linear,True,42,235,0,20,-0.00545176697215459,139.6557470618851,1.5618884563446045,0.0,7,False
1784694164.0608344,control2,c49a2172f6,MOSEK,linear,True,42,235,1,10,-0.06610503508751658,139.6557470618851,1.5618884563446045,0.0,4,False
1784694166.5010643,control2,c49a2172f6,MOSEK,linear,True,42,236,0,20,-0.003474619392907563,139.34081220142153,2.4106605052948,0.0010063648223876953,6,False
1784694166.508068,control2,c49a2172f6,MOSEK,linear,True,42,236,1,10,-0.041094489148058015,139.34081220142153,2.4106605052948,0.0,4,False
1784694168.4150226,control2,c49a2172f6,MOSEK,linear,True,42,237,0,20,-0.005460700372695136,139.10023705332185,1.871772050857544,0.0009789466857910156,8,False
1784694168.4233363,control2,c49a2172f6,MOSEK,linear,True,42,237,1,10,-0.09240081411439784,139.10023705332185,1.871772050857544,0.0005879402160644531,5,False
1784694170.2883642,control2,c49a2172f6,MOSEK,linear,True,42,238,0,20,-0.0064059687120778174,138.848448413349,1.8266990184783936,0.00098419189453125,7,False
1784694170.297534,control2,c49a2172f6,MOSEK,linear,True,42,238,1,10,-0.054184420049487085,138.848448413349,1.8266990184783936,0.0,4,False
1784694172.6685681,control2,c49a2172f6,MOSEK,linear,True,42,239,0,20,-0.005924660235781317,138.53765287678968,2.335799217224121,0.001058816909790039,8,False
1784694172.6782603,control2,c49a2172f6,MOSEK,linear,True,42,239,1,10,-0.06224347104954375,138.53765287678968,2.335799217224121,0.0,4,False
1784694174.4616911,control2,c49a2172f6,MOSEK,linear,True,42,240,0,20,-0.006140611387883105,138.32127198410944,1.7439911365509033,0.0,8,False
1784694174.468699,control2,c49a2172f6,MOSEK,linear,True,42,240,1,10,-0.04978728753221293,138.32127198410944,1.7439911365509033,0.0,4,False
1784694176.2909389,control2,c49a2172f6,MOSEK,linear,True,42,241,0,20,-0.011710394535961385,137.5126435822941,1.7926702499389648,0.0,9,False
1784694176.297067,control2,c49a2172f6,MOSEK,linear,True,42,241,1,10,-0.19168237712130984,137.5126435822941,1.7926702499389648,0.0,4,False
1784694178.3873117,control2,c49a2172f6,MOSEK,linear,True,42,242,0,20,-0.004383017032160702,137.28374736132298,2.0581696033477783,0.0010290145874023438,8,False
1784694178.395363,control2,c49a2172f6,MOSEK,linear,True,42,242,1,10,-0.045454867120539325,137.28374736132298,2.0581696033477783,0.0008947849273681641,4,False
1784694180.0129793,control2,c49a2172f6,MOSEK,linear,True,42,243,0,20,-0.007181453012455373,137.08833208148405,1.5893313884735107,0.0,7,False
1784694180.0217388,control2,c49a2172f6,MOSEK,linear,True,42,243,1,10,-0.04503228136333402,137.08833208148405,1.5893313884735107,0.0009207725524902344,3,False
1784694181.878305,control2,c49a2172f6,MOSEK,linear,True,42,244,0,20,-0.004766350712801401,136.94392319692375,1.8030600547790527,0.0010325908660888672,7,False
1784694181.8893049,control2,c49a2172f6,MOSEK,linear,True,42,244,1,10,-0.11652441395603821,136.94392319692375,1.8030600547790527,0.000997781753540039,5,False
1784694184.056917,control2,c49a2172f6,MOSEK,linear,True,42,245,0,20,-0.007277305765071539,136.75911929525978,2.1274254322052,0.0010619163513183594,8,False
1784694184.0664816,control2,c49a2172f6,MOSEK,linear,True,42,245,1,10,-0.031404630973572184,136.75911929525978,2.1274254322052,0.0,4,False
1784694187.088694,control2,c49a2172f6,MOSEK,linear,True,42,246,0,20,-0.004651396678368901,136.6053892973521,2.9867730140686035,0.0005135536193847656,7,False
1784694187.0983467,control2,c49a2172f6,MOSEK,linear,True,42,246,1,10,-0.037636754201116215,136.6053892973521,2.9867730140686035,0.0,4,False
1784694189.2624717,control2,c49a2172f6,MOSEK,linear,True,42,247,0,20,-0.006997750627076411,136.17406936434745,2.131333827972412,0.0010821819305419922,8,False
1784694189.2695959,control2,c49a2172f6,MOSEK,linear,True,42,247,1,10,-0.07695940947825297,136.17406936434745,2.131333827972412,0.0,3,False
1784694191.498677,control2,c49a2172f6,MOSEK,linear,True,42,248,0,20,-0.004185047428958358,136.04760472729993,2.2000885009765625,0.0,7,False
1784694191.5072773,control2,c49a2172f6,MOSEK,linear,True,42,248,1,10,-0.05069896078343419,136.04760472729993,2.2000885009765625,0.0,3,False
1784694193.658548,control2,c49a2172f6,MOSEK,linear,True,42,249,0,20,-0.0036664396159922018,135.96873082149563,2.1221530437469482,0.0,7,False
1784694193.6686325,control2,c49a2172f6,MOSEK,linear,True,42,249,1,10,-0.050584944539168716,135.96873082149563,2.1221530437469482,0.0,4,False
1784694195.9161377,control2,c49a2172f6,MOSEK,linear,True,42,250,0,20,-0.010878682134573357,135.53065613272588,2.215252637863159,0.0,7,False
1784694195.9242513,control2,c49a2172f6,MOSEK,linear,True,42,250,1,10,-0.025655027573543866,135.53065613272588,2.215252637863159,0.0,5,False
1784694197.8154533,control2,c49a2172f6,MOSEK,linear,True,42,251,0,20,-0.015992698487052093,134.68789271717154,1.8610224723815918,0.0011265277862548828,8,False
1784694197.8254032,control2,c49a2172f6,MOSEK,linear,True,42,251,1,10,-0.0881414314143376,134.68789271717154,1.8610224723815918,0.0,5,False
1784694200.10349,control2,c49a2172f6,MOSEK,linear,True,42,252,0,20,-0.0074901591722106985,134.48551397388334,2.2495365142822266,0.001020669937133789,7,False
1784694200.1109514,control2,c49a2172f6,MOSEK,linear,True,42,252,1,10,-0.06008557576737158,134.48551397388334,2.2495365142822266,0.0,4,False
1784694202.521583,control2,c49a2172f6,MOSEK,linear,True,42,253,0,20,-0.005447541060892021,134.33905747723185,2.3745028972625732,0.0006091594696044922,7,False
1784694202.5295835,control2,c49a2172f6,MOSEK,linear,True,42,253,1,10,-0.04928859294821254,134.33905747723185,2.3745028972625732,0.0,4,False
1784694204.9500866,control2,c49a2172f6,MOSEK,linear,True,42,254,0,20,-0.008601367841936058,134.0988844865724,2.3860864639282227,0.0,7,False
1784694204.9564323,control2,c49a2172f6,MOSEK,linear,True,42,254,1,10,-0.03586407743132082,134.0988844865724,2.3860864639282227,0.0009627342224121094,5,False
1784694207.4470265,control2,c49a2172f6,MOSEK,linear,True,42,255,0,20,-0.01042924346400359,133.59625836219092,2.457357168197632,0.0,9,False
1784694207.4552932,control2,c49a2172f6,MOSEK,linear,True,42,255,1,10,-0.04186055463631237,133.59625836219092,2.457357168197632,0.0,4,False
1784694209.5622046,control2,c49a2172f6,MOSEK,linear,True,42,256,0,20,-0.006990479702411316,133.4171251708788,2.076381206512451,0.0,8,False
1784694209.5701041,control2,c49a2172f6,MOSEK,linear,True,42,256,1,10,-0.04258362702511902,133.4171251708788,2.076381206512451,0.0,4,False
1784694211.705792,control2,c49a2172f6,MOSEK,linear,True,42,257,0,20,-0.005969792296191521,133.24184593680167,2.100360155105591,0.0010094642639160156,7,False
1784694211.7144017,control2,c49a2172f6,MOSEK,linear,True,42,257,1,10,-0.035337963503656776,133.24184593680167,2.100360155105591,0.0010023117065429688,4,False
1784694214.4441173,control2,c49a2172f6,MOSEK,linear,True,42,258,0,20,-0.004383256718356632,133.03901042223788,2.6941120624542236,0.001033782958984375,7,False
1784694214.4537451,control2,c49a2172f6,MOSEK,linear,True,42,258,1,10,-0.02514865695084118,133.03901042223788,2.6941120624542236,0.0,5,False
1784694217.3265707,control2,c49a2172f6,MOSEK,linear,True,42,259,0,20,-0.005240016573999797,132.71176440026102,2.842578887939453,0.0,7,False
1784694217.3362937,control2,c49a2172f6,MOSEK,linear,True,42,259,1,10,-0.030730672743653185,132.71176440026102,2.842578887939453,0.0,4,False
1784694219.6685874,control2,c49a2172f6,MOSEK,linear,True,42,260,0,20,-0.005297806750452815,132.5632562306939,2.2956113815307617,0.0,7,False
1784694219.677902,control2,c49a2172f6,MOSEK,linear,True,42,260,1,10,-0.01548409283351537,132.5632562306939,2.2956113815307617,0.0,4,False
1784694221.8981392,control2,c49a2172f6,MOSEK,linear,True,42,261,0,20,-0.006360248764549538,132.29640165997608,2.1910197734832764,0.0,8,False
1784694221.905039,control2,c49a2172f6,MOSEK,linear,True,42,261,1,10,-0.01573200678783286,132.29640165997608,2.1910197734832764,0.0009367465972900391,4,False
1784694224.3629875,control2,c49a2172f6,MOSEK,linear,True,42,262,0,20,-0.004673952634965061,131.93516678471133,2.4321515560150146,0.0009856224060058594,8,False
1784694224.3727207,control2,c49a2172f6,MOSEK,linear,True,42,262,1,10,-0.012670642026266584,131.93516678471133,2.4321515560150146,0.0,4,False
1784694226.793425,control2,c49a2172f6,MOSEK,linear,True,42,263,0,20,-0.004238630948318645,131.7370672514586,2.3937132358551025,0.0,7,False
1784694226.8020663,control2,c49a2172f6,MOSEK,linear,True,42,263,1,10,-0.04457546941951733,131.7370672514586,2.3937132358551025,0.0009982585906982422,4,False
1784694228.9499602,control2,c49a2172f6,MOSEK,linear,True,42,264,0,20,-0.009405008506147654,131.3444858015764,2.117493152618408,0.0006225109100341797,7,False
1784694228.95872,control2,c49a2172f6,MOSEK,linear,True,42,264,1,10,-0.04540930849862752,131.3444858015764,2.117493152618408,0.0,4,False
1784694231.4589937,control2,c49a2172f6,MOSEK,linear,True,42,265,0,20,-0.004356162593291454,131.15168786219223,2.4659833908081055,0.0,7,False
1784694231.4655917,control2,c49a2172f6,MOSEK,linear,True,42,265,1,10,-0.05246318875310447,131.15168786219223,2.4659833908081055,0.0,4,False
1784694233.852652,control2,c49a2172f6,MOSEK,linear,True,42,266,0,20,-0.0043451166837342875,131.026266728468,2.356837272644043,0.0,8,False
1784694233.8610513,control2,c49a2172f6,MOSEK,linear,True,42,266,1,10,-0.03189743011468873,131.026266728468,2.356837272644043,0.0,4,False
1784694236.3898437,control2,c49a2172f6,MOSEK,linear,True,42,267,0,20,-0.003901656334035915,130.92696059369132,2.496168613433838,0.0,7,False
1784694236.3975687,control2,c49a2172f6,MOSEK,linear,True,42,267,1,10,-0.013839295328941362,130.92696059369132,2.496168613433838,0.0,3,False
1784694238.531385,control2,c49a2172f6,MOSEK,linear,True,42,268,0,20,-0.0028968833006375503,130.83960250571,2.1015048027038574,0.0,6,False
1784694238.538385,control2,c49a2172f6,MOSEK,linear,True,42,268,1,10,-0.010784415389530313,130.83960250571,2.1015048027038574,0.0,4,False
1784694240.999815,control2,c49a2172f6,MOSEK,linear,True,42,269,0,20,-0.006577236487710152,130.45957420422002,2.4214043617248535,0.0,7,False
1784694241.0110269,control2,c49a2172f6,MOSEK,linear,True,42,269,1,10,-0.013006552098454308,130.45957420422002,2.4214043617248535,0.0,4,False
1784694243.3219182,control2,c49a2172f6,MOSEK,linear,True,42,270,0,20,-0.003498496613187469,130.22206481933057,2.2697739601135254,0.0,7,False
1784694243.33097,control2,c49a2172f6,MOSEK,linear,True,42,270,1,10,-0.02525866101959296,130.22206481933057,2.2697739601135254,0.001001596450805664,4,False
1784694246.0535488,control2,c49a2172f6,MOSEK,linear,True,42,271,0,20,-0.0027885134247159975,130.0131027926529,2.683053493499756,0.0009946823120117188,7,False
1784694246.061763,control2,c49a2172f6,MOSEK,linear,True,42,271,1,10,-0.026170213276012353,130.0131027926529,2.683053493499756,0.0,4,False
1784694248.986806,control2,c49a2172f6,MOSEK,linear,True,42,272,0,20,-0.00658845180156449,129.90122172064278,2.885098457336426,0.0,7,False
1784694248.994004,control2,c49a2172f6,MOSEK,linear,True,42,272,1,10,-0.01218909200058157,129.90122172064278,2.885098457336426,0.0,3,False
1784694251.6908789,control2,c49a2172f6,MOSEK,linear,True,42,273,0,20,-0.015617886189464372,129.1854801766387,2.6647534370422363,0.0,8,False
1784694251.6998935,control2,c49a2172f6,MOSEK,linear,True,42,273,1,10,-0.04930911798989511,129.1854801766387,2.6647534370422363,0.0010221004486083984,3,False
1784694254.5918126,control2,c49a2172f6,MOSEK,linear,True,42,274,0,20,-0.007603987164894937,128.8069209574906,2.8567330837249756,0.0,7,False
1784694254.6011317,control2,c49a2172f6,MOSEK,linear,True,42,274,1,10,-0.02969039958023008,128.8069209574906,2.8567330837249756,0.0,4,False
1784694257.3545172,control2,c49a2172f6,MOSEK,linear,True,42,275,0,20,-0.005064167298898459,128.12896792426488,2.718271493911743,0.0,7,False
1784694257.362059,control2,c49a2172f6,MOSEK,linear,True,42,275,1,10,-0.011191552865349612,128.12896792426488,2.718271493911743,0.0,3,False
1784694259.8925343,control2,c49a2172f6,MOSEK,linear,True,42,276,0,20,-0.0037304437115403665,127.98135126769306,2.5004162788391113,0.0,7,False
1784694259.9002783,control2,c49a2172f6,MOSEK,linear,True,42,276,1,10,-0.06780913797854733,127.98135126769306,2.5004162788391113,0.0,4,False
1784694262.6361983,control2,c49a2172f6,MOSEK,linear,True,42,277,0,20,-0.00577324760995524,127.58804948676644,2.7010161876678467,0.0015811920166015625,8,False
1784694262.6462603,control2,c49a2172f6,MOSEK,linear,True,42,277,1,10,-0.29032228927093534,127.58804948676644,2.7010161876678467,0.0009198188781738281,4,False
1784694265.8637092,control2,c49a2172f6,MOSEK,linear,True,42,278,0,20,-0.00558741234718883,127.42555594077261,3.187375068664551,0.0,7,False
1784694265.8730502,control2,c49a2172f6,MOSEK,linear,True,42,278,1,10,-0.2081583858640569,127.42555594077261,3.187375068664551,0.00019598007202148438,4,False
1784694268.2877665,control2,c49a2172f6,MOSEK,linear,True,42,279,0,20,-0.008223849032411003,127.31149349102033,2.378979444503784,0.0010001659393310547,7,False
1784694268.2994087,control2,c49a2172f6,MOSEK,linear,True,42,279,1,10,-0.05473432555043462,127.31149349102033,2.378979444503784,0.0005154609680175781,4,False
1784694270.659787,control2,c49a2172f6,MOSEK,linear,True,42,280,0,20,-0.00679233021549565,127.12021846626529,2.322899341583252,0.001018524169921875,7,False
1784694270.6705866,control2,c49a2172f6,MOSEK,linear,True,42,280,1,10,-0.07737180553246613,127.12021846626529,2.322899341583252,0.0005102157592773438,4,False
1784694273.4825892,control2,c49a2172f6,MOSEK,linear,True,42,281,0,20,-0.006657947242858885,126.84781770691855,2.770988941192627,0.001003265380859375,7,False
1784694273.4928293,control2,c49a2172f6,MOSEK,linear,True,42,281,1,10,-0.0433911044141359,126.84781770691855,2.770988941192627,0.0,3,False
1784694276.805088,control2,c49a2172f6,MOSEK,linear,True,42,282,0,20,-0.006550582457101439,126.57697755801522,3.2813377380371094,0.0010008811950683594,7,False
1784694276.8123496,control2,c49a2172f6,MOSEK,linear,True,42,282,1,10,-0.02770924240603701,126.57697755801522,3.2813377380371094,0.0,4,False
1784694279.859267,control2,c49a2172f6,MOSEK,linear,True,42,283,0,20,-0.008059523990778862,126.3828306212963,3.009862184524536,0.0009961128234863281,8,False
1784694279.8651652,control2,c49a2172f6,MOSEK,linear,True,42,283,1,10,-0.05296259970877442,126.3828306212963,3.009862184524536,0.0,4,False
1784694283.0851727,control2,c49a2172f6,MOSEK,linear,True,42,284,0,20,-0.004472364065291446,126.32930689273637,3.1857199668884277,0.0,7,False
1784694283.093241,control2,c49a2172f6,MOSEK,linear,True,42,284,1,10,-0.03316596936384915,126.32930689273637,3.1857199668884277,0.0,4,False
1784694285.711613,control2,c49a2172f6,MOSEK,linear,True,42,285,0,20,-0.0065939363939710805,126.1536811953371,2.5825374126434326,0.0008940696716308594,7,False
1784694285.722673,control2,c49a2172f6,MOSEK,linear,True,42,285,1,10,-0.05635724463289114,126.1536811953371,2.5825374126434326,0.0,4,False
1784694288.9454353,control2,c49a2172f6,MOSEK,linear,True,42,286,0,20,-0.005915868708219229,125.95193453944654,3.171948194503784,0.0,7,False
1784694288.9511352,control2,c49a2172f6,MOSEK,linear,True,42,286,1,10,-0.07928853903329633,125.95193453944654,3.171948194503784,0.0,4,False
1784694292.0045366,control2,c49a2172f6,MOSEK,linear,True,42,287,0,20,-0.0035427257971414536,125.84941171792025,3.014418363571167,0.001013040542602539,7,False
1784694292.01446,control2,c49a2172f6,MOSEK,linear,True,42,287,1,10,-0.03605208734133448,125.84941171792025,3.014418363571167,0.0010204315185546875,4,False
1784694296.0065496,control2,c49a2172f6,MOSEK,linear,True,42,288,0,20,-0.005554448459654431,125.30611392505466,3.953718662261963,0.0,7,False
1784694296.0169241,control2,c49a2172f6,MOSEK,linear,True,42,288,1,10,-0.045488611954401625,125.30611392505466,3.953718662261963,0.0009491443634033203,4,False
1784694298.3403332,control2,c49a2172f6,MOSEK,linear,True,42,289,0,20,-0.008133402512698323,124.78035098063906,2.2731311321258545,0.0009980201721191406,8,False
1784694298.3496642,control2,c49a2172f6,MOSEK,linear,True,42,289,1,10,-0.19100238704335656,124.78035098063906,2.2731311321258545,0.0,5,False
1784694300.837408,control2,c49a2172f6,MOSEK,linear,True,42,290,0,20,-0.0034291595293305535,124.58077326349502,2.450470209121704,0.0,7,False
1784694300.8464212,control2,c49a2172f6,MOSEK,linear,True,42,290,1,10,-0.1444123436329182,124.58077326349502,2.450470209121704,0.0,4,False
1784694304.0465825,control2,c49a2172f6,MOSEK,linear,True,42,291,0,20,-0.005307797581904832,124.40206392495617,3.1500158309936523,0.001004934310913086,7,False
1784694304.056634,control2,c49a2172f6,MOSEK,linear,True,42,291,1,10,-0.12869129573589635,124.40206392495617,3.1500158309936523,0.0010418891906738281,4,False
1784694307.0952828,control2,c49a2172f6,MOSEK,linear,True,42,292,0,20,-0.004270367744683971,124.2300639057307,2.994171380996704,0.0,7,False
1784694307.1049654,control2,c49a2172f6,MOSEK,linear,True,42,292,1,10,-0.06570863588033726,124.2300639057307,2.994171380996704,0.0,4,False
1784694309.9905088,control2,c49a2172f6,MOSEK,linear,True,42,293,0,20,-0.004082134344980186,124.09403002643376,2.846648931503296,0.0,7,False
1784694309.9995232,control2,c49a2172f6,MOSEK,linear,True,42,293,1,10,-0.05557676138778707,124.09403002643376,2.846648931503296,0.0,4,False
1784694312.5681043,control2,c49a2172f6,MOSEK,linear,True,42,294,0,20,-0.0028537134799592576,123.8844916644147,2.5353963375091553,0.0,6,False
1784694312.577067,control2,c49a2172f6,MOSEK,linear,True,42,294,1,10,-0.037399459149438076,123.8844916644147,2.5353963375091553,0.0009500980377197266,3,False
1784694315.3025112,control2,c49a2172f6,MOSEK,linear,True,42,295,0,20,-0.0029761203975071635,123.72033763453472,2.6958274841308594,0.0010714530944824219,7,False
1784694315.31175,control2,c49a2172f6,MOSEK,linear,True,42,295,1,10,-0.013082634378440455,123.72033763453472,2.6958274841308594,0.001558065414428711,3,False
1784694318.0346107,control2,c49a2172f6,MOSEK,linear,True,42,296,0,20,-0.0037819136952767546,123.61498382653232,2.6867594718933105,0.0006115436553955078,7,False
1784694318.044791,control2,c49a2172f6,MOSEK,linear,True,42,296,1,10,-0.021050316843211722,123.61498382653232,2.6867594718933105,0.0011591911315917969,4,False
1784694321.0572557,control2,c49a2172f6,MOSEK,linear,True,42,297,0,20,-0.0025883997457382684,123.56697654268896,2.9800918102264404,0.0008563995361328125,7,False
1784694321.069173,control2,c49a2172f6,MOSEK,linear,True,42,297,1,10,-0.050650557958618676,123.56697654268896,2.9800918102264404,0.0,4,False
1784694323.8789077,control2,c49a2172f6,MOSEK,linear,True,42,298,0,20,-0.002925094866719876,123.49051715563954,2.7755191326141357,0.0009946823120117188,5,False
1784694323.8891945,control2,c49a2172f6,MOSEK,linear,True,42,298,1,10,-0.018698755557171667,123.49051715563954,2.7755191326141357,0.0,4,False
1784694326.7970576,control2,c49a2172f6,MOSEK,linear,True,42,299,0,20,-0.008059237500336535,123.29212029254694,2.864269495010376,0.0018966197967529297,7,False
1784694326.809723,control2,c49a2172f6,MOSEK,linear,True,42,299,1,10,-0.06447866070790222,123.29212029254694,2.864269495010376,0.0,4,False
1784694330.7282116,control2,c49a2172f6,MOSEK,linear,True,42,300,0,20,-0.0038665675032938367,123.0265566270811,3.870729684829712,0.0,8,False
1784694330.7408473,control2,c49a2172f6,MOSEK,linear,True,42,300,1,10,-0.015017727616684204,123.0265566270811,3.870729684829712,0.0,4,False
1784694333.9769692,control2,c49a2172f6,MOSEK,linear,True,42,301,0,20,-0.005469833386124007,122.86267403736272,3.1717467308044434,0.0010013580322265625,8,False
1784694333.9853451,control2,c49a2172f6,MOSEK,linear,True,42,301,1,10,-0.0078014543776662405,122.86267403736272,3.1717467308044434,0.0011224746704101562,4,False
1784694337.0299037,control2,c49a2172f6,MOSEK,linear,True,42,302,0,20,-0.009433290260578965,122.35135290557993,3.004845142364502,0.0010590553283691406,8,False
1784694337.037402,control2,c49a2172f6,MOSEK,linear,True,42,302,1,10,-0.01298029633860725,122.35135290557993,3.004845142364502,0.0,4,False
1784694340.0755985,control2,c49a2172f6,MOSEK,linear,True,42,303,0,20,-0.003723930402793891,122.264316118072,3.0006144046783447,0.0,7,False
1784694340.083288,control2,c49a2172f6,MOSEK,linear,True,42,303,1,10,-0.01434680328629395,122.264316118072,3.0006144046783447,0.0,4,False
1784694343.3304303,control2,c49a2172f6,MOSEK,linear,True,42,304,0,20,-0.003925188344995652,121.99678612533488,3.1985998153686523,0.0005595684051513672,8,False
1784694343.3430474,control2,c49a2172f6,MOSEK,linear,True,42,304,1,10,-0.01175258514613071,121.99678612533488,3.1985998153686523,0.0010001659393310547,3,False
1784694346.7017825,control2,c49a2172f6,MOSEK,linear,True,42,305,0,20,-0.010127512633845178,121.59709155486144,3.3200747966766357,0.001065969467163086,8,False
1784694346.711791,control2,c49a2172f6,MOSEK,linear,True,42,305,1,10,-0.0346428388153193,121.59709155486144,3.3200747966766357,0.0009341239929199219,4,False
1784694350.3100216,control2,c49a2172f6,MOSEK,linear,True,42,306,0,20,-0.004718225621732285,121.20265421763312,3.553560972213745,0.0,8,False
1784694350.3244562,control2,c49a2172f6,MOSEK,linear,True,42,306,1,10,-0.03745076009836953,121.20265421763312,3.553560972213745,0.0,4,False
1784694353.0619018,control2,c49a2172f6,MOSEK,linear,True,42,307,0,20,-0.0037438383623870147,121.00791692134254,2.699946880340576,0.0010559558868408203,7,False
1784694353.0734875,control2,c49a2172f6,MOSEK,linear,True,42,307,1,10,-0.018026961503540467,121.00791692134254,2.699946880340576,0.0,4,False
1784694356.215836,control2,c49a2172f6,MOSEK,linear,True,42,308,0,20,-0.003090568302877297,120.76474732533944,3.095923900604248,0.0,7,False
1784694356.2255118,control2,c49a2172f6,MOSEK,linear,True,42,308,1,10,-0.008981746423044943,120.76474732533944,3.095923900604248,0.0,5,False
1784694359.3431437,control2,c49a2172f6,MOSEK,linear,True,42,309,0,20,-0.0059375343921345015,120.16653079685906,3.0784149169921875,0.0010046958923339844,8,False
1784694359.3553147,control2,c49a2172f6,MOSEK,linear,True,42,309,1,10,-0.021325774749089574,120.16653079685906,3.0784149169921875,0.0,4,False
1784694362.9800096,control2,c49a2172f6,MOSEK,linear,True,42,310,0,20,-0.007459650412582696,119.69765424719299,3.5807337760925293,0.0,7,False
1784694362.9911788,control2,c49a2172f6,MOSEK,linear,True,42,310,1,10,-0.025195014889451684,119.69765424719299,3.5807337760925293,0.0009715557098388672,4,False
1784694366.1828866,control2,c49a2172f6,MOSEK,linear,True,42,311,0,20,-0.004999032612698375,119.53177995497192,3.1514198780059814,0.0010039806365966797,8,False
1784694366.1956847,control2,c49a2172f6,MOSEK,linear,True,42,311,1,10,-0.02965252517804612,119.53177995497192,3.1514198780059814,0.001039266586303711,3,False
1784694369.2803218,control2,c49a2172f6,MOSEK,linear,True,42,312,0,20,-0.00418385966985066,119.3821887523354,3.039264440536499,0.0,7,False
1784694369.2902431,control2,c49a2172f6,MOSEK,linear,True,42,312,1,10,-0.10233337751367998,119.3821887523354,3.039264440536499,0.0,4,False
1784694372.2484038,control2,c49a2172f6,MOSEK,linear,True,42,313,0,20,-0.006687689144399677,118.9133614977645,2.9231362342834473,0.0009856224060058594,7,False
1784694372.2585502,control2,c49a2172f6,MOSEK,linear,True,42,313,1,10,-0.024417410905133857,118.9133614977645,2.9231362342834473,0.0010235309600830078,4,False
1784694375.6186776,control2,c49a2172f6,MOSEK,linear,True,42,314,0,20,-0.0048902202048382425,118.61792867912808,3.311872959136963,0.0,9,False
1784694375.6293523,control2,c49a2172f6,MOSEK,linear,True,42,314,1,10,-0.04416863309166697,118.61792867912808,3.311872959136963,0.0009357929229736328,4,False
1784694378.519317,control2,c49a2172f6,MOSEK,linear,True,42,315,0,20,-0.004672227917935193,118.50528693811629,2.843045473098755,0.0009696483612060547,7,False
1784694378.528284,control2,c49a2172f6,MOSEK,linear,True,42,315,1,10,-0.037911181605693504,118.50528693811629,2.843045473098755,0.0,3,False
1784694381.1373463,control2,c49a2172f6,MOSEK,linear,True,42,316,0,20,-0.004043319945005969,118.24695580573203,2.5702784061431885,0.0,7,False
1784694381.147357,control2,c49a2172f6,MOSEK,linear,True,42,316,1,10,-0.10994457666124098,118.24695580573203,2.5702784061431885,0.0,4,False
1784694384.3404267,control2,c49a2172f6,MOSEK,linear,True,42,317,0,20,-0.004855983535222514,118.07791010997789,3.158937454223633,0.0,6,False
1784694384.3486016,control2,c49a2172f6,MOSEK,linear,True,42,317,1,10,-0.03214336080172173,118.07791010997789,3.158937454223633,0.0010762214660644531,3,False
1784694387.4976113,control2,c49a2172f6,MOSEK,linear,True,42,318,0,20,-0.003425893703624287,117.76783899467092,3.1093926429748535,0.0,7,False
1784694387.5046742,control2,c49a2172f6,MOSEK,linear,True,42,318,1,10,-0.030493121656265314,117.76783899467092,3.1093926429748535,0.0,3,False
1784694390.1317537,control2,c49a2172f6,MOSEK,linear,True,42,319,0,20,-0.0062179812646768595,117.23562330672313,2.5908708572387695,0.0009992122650146484,7,False
1784694390.141867,control2,c49a2172f6,MOSEK,linear,True,42,319,1,10,-0.05230606713969715,117.23562330672313,2.5908708572387695,0.0009672641754150391,4,False
1784694394.5584643,control2,c49a2172f6,MOSEK,linear,True,42,320,0,20,-0.007237765209659902,117.02799352736838,4.373879909515381,0.0,7,False
1784694394.566623,control2,c49a2172f6,MOSEK,linear,True,42,320,1,10,-0.023255919632328644,117.02799352736838,4.373879909515381,0.0005102157592773438,5,False
1784694397.7816792,control2,c49a2172f6,MOSEK,linear,True,42,321,0,20,-0.004407042895925271,116.83447695250244,3.167235851287842,0.0009856224060058594,8,False
1784694397.7891505,control2,c49a2172f6,MOSEK,linear,True,42,321,1,10,-0.023612435098126903,116.83447695250244,3.167235851287842,0.001577615737915039,4,False
1784694401.9680612,control2,c49a2172f6,MOSEK,linear,True,42,322,0,20,-0.004850853085913193,116.61189490828505,4.132467985153198,0.0010046958923339844,8,False
1784694401.978671,control2,c49a2172f6,MOSEK,linear,True,42,322,1,10,-0.014641180835223404,116.61189490828505,4.132467985153198,0.0010035037994384766,4,False
1784694405.2014627,control2,c49a2172f6,MOSEK,linear,True,42,323,0,20,-0.002629686274309266,116.52137853573828,3.1697614192962646,0.0009734630584716797,7,False
1784694405.2102153,control2,c49a2172f6,MOSEK,linear,True,42,323,1,10,-0.012317080509825808,116.52137853573828,3.1697614192962646,0.0010619163513183594,3,False
1784694408.2802885,control2,c49a2172f6,MOSEK,linear,True,42,324,0,20,-0.002562043799889276,116.36745378787855,3.034386157989502,0.0,6,False
1784694408.2872713,control2,c49a2172f6,MOSEK,linear,True,42,324,1,10,-0.059806801367635165,116.36745378787855,3.034386157989502,0.0009584426879882812,4,False
1784694411.6027172,control2,c49a2172f6,MOSEK,linear,True,42,325,0,20,-0.004426912109191859,115.92493320069256,3.277259111404419,0.0,7,False
1784694411.6108763,control2,c49a2172f6,MOSEK,linear,True,42,325,1,10,-0.05367665896373551,115.92493320069256,3.277259111404419,0.0005283355712890625,3,False
1784694414.2773674,control2,c49a2172f6,MOSEK,linear,True,42,326,0,20,-0.002408727948069681,115.5333954649073,2.622227430343628,0.0009932518005371094,7,False
1784694414.284636,control2,c49a2172f6,MOSEK,linear,True,42,326,1,10,-0.05555078647574867,115.5333954649073,2.622227430343628,0.001004934310913086,4,False
1784694418.0451345,control2,c49a2172f6,MOSEK,linear,True,42,327,0,20,-0.003795769542682432,115.25401140545117,3.7128477096557617,0.0009906291961669922,7,False
1784694418.053915,control2,c49a2172f6,MOSEK,linear,True,42,327,1,10,-0.05437256926246159,115.25401140545117,3.7128477096557617,0.0,4,False
1784694420.6778245,control2,c49a2172f6,MOSEK,linear,True,42,328,0,20,-0.0025772988111625564,115.18400015292228,2.5791120529174805,0.001001596450805664,7,False
1784694420.7470887,control2,c49a2172f6,MOSEK,linear,True,42,328,1,10,-0.02257253897386713,115.18400015292228,2.5791120529174805,0.0010476112365722656,4,False
1784694424.6637275,control2,c49a2172f6,MOSEK,linear,True,42,329,0,20,-0.0025008064745777265,115.11713398639604,3.8684890270233154,0.0,7,False
1784694424.6718733,control2,c49a2172f6,MOSEK,linear,True,42,329,1,10,-0.015670966603234082,115.11713398639604,3.8684890270233154,0.0,3,False
1784694427.8048632,control2,c49a2172f6,MOSEK,linear,True,42,330,0,20,-0.004874890281295779,114.69275151973878,3.086668014526367,0.0,7,False
1784694427.8125596,control2,c49a2172f6,MOSEK,linear,True,42,330,1,10,-0.042699670275793175,114.69275151973878,3.086668014526367,0.0005800724029541016,3,False
1784694430.7951355,control2,c49a2172f6,MOSEK,linear,True,42,331,0,20,-0.005548174460897702,114.56256979535596,2.9389915466308594,0.0009853839874267578,7,False
1784694430.805181,control2,c49a2172f6,MOSEK,linear,True,42,331,1,10,-0.019129118741182786,114.56256979535596,2.9389915466308594,0.0,4,False
1784694433.615999,control2,c49a2172f6,MOSEK,linear,True,42,332,0,20,-0.004185393131806776,114.25613061601271,2.77240252494812,0.0011115074157714844,7,False
1784694433.6246834,control2,c49a2172f6,MOSEK,linear,True,42,332,1,10,-0.036691818357029754,114.25613061601271,2.77240252494812,0.0,5,False
1784694436.3039434,control2,c49a2172f6,MOSEK,linear,True,42,333,0,20,-0.0038144554063284024,114.18746232730794,2.645232677459717,0.0,7,False
1784694436.311627,control2,c49a2172f6,MOSEK,linear,True,42,333,1,10,-0.01580662298463003,114.18746232730794,2.645232677459717,0.0015485286712646484,4,False
1784694439.424544,control2,c49a2172f6,MOSEK,linear,True,42,334,0,20,-0.0023628422972838143,114.02877909296424,3.064547300338745,0.0,7,False
1784694439.4442198,control2,c49a2172f6,MOSEK,linear,True,42,334,1,10,-0.02661538294814983,114.02877909296424,3.064547300338745,0.0,4,False
1784694442.7425652,control2,c49a2172f6,MOSEK,linear,True,42,335,0,20,-0.009974709979941317,113.83279115591077,3.2483646869659424,0.0008206367492675781,7,False
1784694442.7497213,control2,c49a2172f6,MOSEK,linear,True,42,335,1,10,-0.011247863340025735,113.83279115591077,3.2483646869659424,0.0005433559417724609,4,False
1784694445.9942448,control2,c49a2172f6,MOSEK,linear,True,42,336,0,20,-0.002714738992145857,113.62937709241376,3.202281951904297,0.0,7,False
1784694446.0020902,control2,c49a2172f6,MOSEK,linear,True,42,336,1,10,-0.015675410116703106,113.62937709241376,3.202281951904297,0.0,5,False
1784694449.8950887,control2,c49a2172f6,MOSEK,linear,True,42,337,0,20,-0.006736224502198264,113.47500689731334,3.8414320945739746,0.0010344982147216797,8,False
1784694449.90313,control2,c49a2172f6,MOSEK,linear,True,42,337,1,10,-0.013070236784002778,113.47500689731334,3.8414320945739746,0.0,5,False
1784694452.9284496,control2,c49a2172f6,MOSEK,linear,True,42,338,0,20,-0.002991820519615064,113.2131137327367,2.956709861755371,0.0,7,False
1784694452.9378972,control2,c49a2172f6,MOSEK,linear,True,42,338,1,10,-0.04324071648841457,113.2131137327367,2.956709861755371,0.0,3,False
1784694455.8847241,control2,c49a2172f6,MOSEK,linear,True,42,339,0,20,-0.003134135618353343,112.95450332449352,2.9043564796447754,0.0007188320159912109,8,False
1784694455.8917136,control2,c49a2172f6,MOSEK,linear,True,42,339,1,10,-0.032709288184907426,112.95450332449352,2.9043564796447754,0.0009298324584960938,4,False
1784694459.1866431,control2,c49a2172f6,MOSEK,linear,True,42,340,0,20,-0.006800633970996489,112.87493488171776,3.2541275024414062,0.0,7,False
1784694459.1956918,control2,c49a2172f6,MOSEK,linear,True,42,340,1,10,-0.02145235433512268,112.87493488171776,3.2541275024414062,0.0,3,False
1784694462.4543836,control2,c49a2172f6,MOSEK,linear,True,42,341,0,20,-0.0033079785189832683,112.68649724778408,3.214611530303955,0.0010018348693847656,7,False
1784694462.4642804,control2,c49a2172f6,MOSEK,linear,True,42,341,1,10,-0.0249957104038025,112.68649724778408,3.214611530303955,0.0,4,False
1784694465.6989412,control2,c49a2172f6,MOSEK,linear,True,42,342,0,20,-0.002551983124162307,112.6260266961377,3.1957244873046875,0.0010046958923339844,7,False
1784694465.70944,control2,c49a2172f6,MOSEK,linear,True,42,342,1,10,-0.019606028268042044,112.6260266961377,3.1957244873046875,0.0009183883666992188,4,False
1784694469.1840281,control2,c49a2172f6,MOSEK,linear,True,42,343,0,20,-0.004416629040628302,112.54769953065409,3.4292545318603516,0.0,6,False
1784694469.1920278,control2,c49a2172f6,MOSEK,linear,True,42,343,1,10,-0.015044547560366814,112.54769953065409,3.4292545318603516,0.0,4,False
1784694472.1779726,control2,c49a2172f6,MOSEK,linear,True,42,344,0,20,-0.006139884706080943,111.88789977197679,2.9479005336761475,0.0,8,False
1784694472.1848764,control2,c49a2172f6,MOSEK,linear,True,42,344,1,10,-0.04266437263821791,111.88789977197679,2.9479005336761475,0.0,4,False
1784694475.4960158,control2,c49a2172f6,MOSEK,linear,True,42,345,0,20,-0.003967591162316444,111.68147633076555,3.2688381671905518,0.0,7,False
1784694475.5082994,control2,c49a2172f6,MOSEK,linear,True,42,345,1,10,-0.03432086761932355,111.68147633076555,3.2688381671905518,0.001527547836303711,4,False
1784694478.6719983,control2,c49a2172f6,MOSEK,linear,True,42,346,0,20,-0.0035826455497772417,111.52371741117408,3.11521315574646,0.0,6,False
1784694478.6806571,control2,c49a2172f6,MOSEK,linear,True,42,346,1,10,-0.030790328499562036,111.52371741117408,3.11521315574646,0.0,4,False
1784694482.008381,control2,c49a2172f6,MOSEK,linear,True,42,347,0,20,-0.004102830673566312,111.2196842330363,3.2707302570343018,0.00031495094299316406,7,False
1784694482.0218678,control2,c49a2172f6,MOSEK,linear,True,42,347,1,10,-0.047490395599391895,111.2196842330363,3.2707302570343018,0.0,4,False
1784694485.5783877,control2,c49a2172f6,MOSEK,linear,True,42,348,0,20,-0.004904034667947304,111.02238829773216,3.5116963386535645,0.0,7,False
1784694485.5872896,control2,c49a2172f6,MOSEK,linear,True,42,348,1,10,-0.01809622671009773,111.02238829773216,3.5116963386535645,0.0009546279907226562,4,False
1784694489.1615267,control2,c49a2172f6,MOSEK,linear,True,42,349,0,20,-0.006588858796777662,110.79908728494698,3.5255253314971924,0.0,8,False
1784694489.1723804,control2,c49a2172f6,MOSEK,linear,True,42,349,1,10,-0.0318133347436346,110.79908728494698,3.5255253314971924,0.001027822494506836,4,False
1784694492.7975047,control2,c49a2172f6,MOSEK,linear,True,42,350,0,20,-0.004082295913398387,110.56548458490681,3.581327438354492,0.0,8,False
1784694492.8071673,control2,c49a2172f6,MOSEK,linear,True,42,350,1,10,-0.0312787376003443,110.56548458490681,3.581327438354492,0.0,4,False
1784694496.3664234,control2,c49a2172f6,MOSEK,linear,True,42,351,0,20,-0.006661750920719071,110.4107386527478,3.519509792327881,0.0,8,False
1784694496.3730319,control2,c49a2172f6,MOSEK,linear,True,42,351,1,10,-0.04422927186248568,110.4107386527478,3.519509792327881,0.0,4,False
1784694499.3051581,control2,c49a2172f6,MOSEK,linear,True,42,352,0,20,-0.004892871950158887,110.31728388154937,2.8873703479766846,0.0009641647338867188,6,False
1784694499.314452,control2,c49a2172f6,MOSEK,linear,True,42,352,1,10,-0.03435843010057689,110.31728388154937,2.8873703479766846,0.0,3,False
1784694502.3254554,control2,c49a2172f6,MOSEK,linear,True,42,353,0,20,-0.0037255835157597324,110.17389392243139,2.9724788665771484,6.270408630371094e-05,7,False
1784694502.335286,control2,c49a2172f6,MOSEK,linear,True,42,353,1,10,-0.030975658734226044,110.17389392243139,2.9724788665771484,0.0010781288146972656,4,False
1784694506.1253235,control2,c49a2172f6,MOSEK,linear,True,42,354,0,20,-0.003456443817028766,109.9685686542027,3.7364580631256104,0.0,7,False
1784694506.1334622,control2,c49a2172f6,MOSEK,linear,True,42,354,1,10,-0.05838184426987918,109.9685686542027,3.7364580631256104,0.0,4,False
1784694509.676693,control2,c49a2172f6,MOSEK,linear,True,42,355,0,20,-0.007373850181722247,109.74272260707352,3.502293109893799,0.0,8,False
1784694509.6854587,control2,c49a2172f6,MOSEK,linear,True,42,355,1,10,-0.03579576159609347,109.74272260707352,3.502293109893799,0.0015995502471923828,4,False
1784694513.3913925,control2,c49a2172f6,MOSEK,linear,True,42,356,0,20,-0.0024409641452678736,109.6276734918655,3.6626698970794678,0.0010063648223876953,7,False
1784694513.400973,control2,c49a2172f6,MOSEK,linear,True,42,356,1,10,-0.02030725437314182,109.6276734918655,3.6626698970794678,0.0,4,False
1784694517.1604133,control2,c49a2172f6,MOSEK,linear,True,42,357,0,20,-0.008508724645058014,109.20314493740261,3.7124927043914795,0.0006701946258544922,8,False
1784694517.16932,control2,c49a2172f6,MOSEK,linear,True,42,357,1,10,-0.04586200472567618,109.20314493740261,3.7124927043914795,0.0,4,False
1784694520.7000208,control2,c49a2172f6,MOSEK,linear,True,42,358,0,20,-0.00521619471447662,108.96531007874074,3.4791088104248047,0.0,7,False
1784694520.706067,control2,c49a2172f6,MOSEK,linear,True,42,358,1,10,-0.03299003697197662,108.96531007874074,3.4791088104248047,0.0,3,False
1784694524.1875477,control2,c49a2172f6,MOSEK,linear,True,42,359,0,20,-0.0041335215864560385,108.79069241365929,3.4370694160461426,0.001596689224243164,7,False
1784694524.196724,control2,c49a2172f6,MOSEK,linear,True,42,359,1,10,-0.03467284311365058,108.79069241365929,3.4370694160461426,0.0010151863098144531,3,False
1784694529.164977,control2,c49a2172f6,MOSEK,linear,True,42,360,0,20,-0.003308271609727794,108.657725429286,4.925854206085205,0.0,7,False
1784694529.173017,control2,c49a2172f6,MOSEK,linear,True,42,360,1,10,-0.016402900141288375,108.657725429286,4.925854206085205,0.0008573532104492188,3,False
1784694532.9863706,control2,c49a2172f6,MOSEK,linear,True,42,361,0,20,-0.0026071305482010805,108.58679157468552,3.7625069618225098,0.0,7,False
1784694532.9977956,control2,c49a2172f6,MOSEK,linear,True,42,361,1,10,-0.019258599612745793,108.58679157468552,3.7625069618225098,0.0005443096160888672,4,False
1784694536.0474472,control2,c49a2172f6,MOSEK,linear,True,42,362,0,20,-0.015268165238648854,107.78683902188475,3.0097568035125732,0.0006909370422363281,7,False
1784694536.05636,control2,c49a2172f6,MOSEK,linear,True,42,362,1,10,-0.027446290576634037,107.78683902188475,3.0097568035125732,0.0,4,False
1784694540.110641,control2,c49a2172f6,MOSEK,linear,True,42,363,0,20,-0.009576483119132555,107.38915403234873,4.003713130950928,0.0,8,False
1784694540.123434,control2,c49a2172f6,MOSEK,linear,True,42,363,1,10,-0.057795031229572476,107.38915403234873,4.003713130950928,0.0010068416595458984,4,False
1784694543.865118,control2,c49a2172f6,MOSEK,linear,True,42,364,0,20,-0.005326810737819736,107.24181283359164,3.6854681968688965,0.0,7,False
1784694543.8708634,control2,c49a2172f6,MOSEK,linear,True,42,364,1,10,-0.024553109436784633,107.24181283359164,3.6854681968688965,0.0,5,False
1784694547.2671387,control2,c49a2172f6,MOSEK,linear,True,42,365,0,20,-0.003237878989467559,107.1389699791035,3.354238986968994,0.0,6,False
1784694547.280728,control2,c49a2172f6,MOSEK,linear,True,42,365,1,10,-0.029033748078813003,107.1389699791035,3.354238986968994,0.001068115234375,4,False
1784694550.9995036,control2,c49a2172f6,MOSEK,linear,True,42,366,0,20,-0.006142612002037615,106.81558776574104,3.6673803329467773,0.0,7,False
1784694551.0090396,control2,c49a2172f6,MOSEK,linear,True,42,366,1,10,-0.024160705975492837,106.81558776574104,3.6673803329467773,0.001031637191772461,4,False
1784694554.5528626,control2,c49a2172f6,MOSEK,linear,True,42,367,0,20,-0.007964638766353444,105.85857548357986,3.502709150314331,0.0009796619415283203,7,False
1784694554.5620654,control2,c49a2172f6,MOSEK,linear,True,42,367,1,10,-0.029497984561666232,105.85857548357986,3.502709150314331,0.0015499591827392578,4,False
1784694557.9432085,control2,c49a2172f6,MOSEK,linear,True,42,368,0,20,-0.002876450007140003,105.67361272683095,3.3330068588256836,0.0,8,False
1784694557.9512541,control2,c49a2172f6,MOSEK,linear,True,42,368,1,10,-0.01977349411701005,105.67361272683095,3.3330068588256836,0.0,4,False
1784694561.3010678,control2,c49a2172f6,MOSEK,linear,True,42,369,0,20,-0.0026128147891001548,105.39314232077132,3.3068466186523438,0.0010695457458496094,7,False
1784694561.3098247,control2,c49a2172f6,MOSEK,linear,True,42,369,1,10,-0.024552166160543787,105.39314232077132,3.3068466186523438,0.0,4,False
1784694564.3449607,control2,c49a2172f6,MOSEK,linear,True,42,370,0,20,-0.004419297946365006,105.12238210473376,2.988532781600952,0.0010046958923339844,7,False
1784694564.3528512,control2,c49a2172f6,MOSEK,linear,True,42,370,1,10,-0.04898597531706651,105.12238210473376,2.988532781600952,0.0005865097045898438,5,False
1784694569.1744049,control2,c49a2172f6,MOSEK,linear,True,42,371,0,20,-0.0024371902393511783,104.86641643268395,4.775879621505737,0.0010001659393310547,6,False
1784694569.1834176,control2,c49a2172f6,MOSEK,linear,True,42,371,1,10,-0.03003912562267208,104.86641643268395,4.775879621505737,0.0009636878967285156,4,False
1784694573.6551187,control2,c49a2172f6,MOSEK,linear,True,42,372,0,20,-0.0019313366286089757,104.73641048186542,4.427699565887451,0.0,5,False
1784694573.6660378,control2,c49a2172f6,MOSEK,linear,True,42,372,1,10,-0.01816397026717734,104.73641048186542,4.427699565887451,0.0010669231414794922,5,False
1784694577.555585,control2,c49a2172f6,MOSEK,linear,True,42,373,0,20,-0.0019997340814352535,104.43592726104325,3.8413777351379395,0.0010459423065185547,6,False
1784694577.5639129,control2,c49a2172f6,MOSEK,linear,True,42,373,1,10,-0.03044434680719855,104.43592726104325,3.8413777351379395,0.0,4,False
1784694581.1852386,control2,c49a2172f6,MOSEK,linear,True,42,374,0,20,-0.004709298155389018,104.22668571438545,3.578634738922119,0.0009927749633789062,7,False
1784694581.1932285,control2,c49a2172f6,MOSEK,linear,True,42,374,1,10,-0.017898637572429345,104.22668571438545,3.578634738922119,0.00098419189453125,4,False
1784694584.3676279,control2,c49a2172f6,MOSEK,linear,True,42,375,0,20,-0.0026463655275921886,103.81509834945274,3.120569944381714,0.0009882450103759766,8,False
1784694584.3755977,control2,c49a2172f6,MOSEK,linear,True,42,375,1,10,-0.049205003458212826,103.81509834945274,3.120569944381714,0.0,4,False
1784694587.929375,control2,c49a2172f6,MOSEK,linear,True,42,376,0,20,-0.002856872172180147,103.50416170476286,3.507129430770874,0.0,7,False
1784694587.9404035,control2,c49a2172f6,MOSEK,linear,True,42,376,1,10,-0.013943252319512442,103.50416170476286,3.507129430770874,0.0,4,False
1784694591.4828832,control2,c49a2172f6,MOSEK,linear,True,42,377,0,20,-0.005268210089520634,102.85281122747833,3.4929451942443848,0.0,7,False
1784694591.494889,control2,c49a2172f6,MOSEK,linear,True,42,377,1,10,-0.053675816431454505,102.85281122747833,3.4929451942443848,0.0,4,False
1784694594.7169964,control2,c49a2172f6,MOSEK,linear,True,42,378,0,20,-0.004911358635185756,102.73724666046822,3.178394317626953,0.0,7,False
1784694594.726123,control2,c49a2172f6,MOSEK,linear,True,42,378,1,10,-0.030885664058716296,102.73724666046822,3.178394317626953,0.0009567737579345703,4,False
1784694598.125775,control2,c49a2172f6,MOSEK,linear,True,42,379,0,20,-0.005909165199613901,102.2484490169758,3.358668565750122,0.0009484291076660156,8,False
1784694598.1344028,control2,c49a2172f6,MOSEK,linear,True,42,379,1,10,-0.031293186834800896,102.2484490169758,3.358668565750122,0.0009641647338867188,3,False
1784694601.7168536,control2,c49a2172f6,MOSEK,linear,True,42,380,0,20,-0.0033246630561129748,101.94538595934698,3.5349225997924805,0.0005521774291992188,7,False
1784694601.7301292,control2,c49a2172f6,MOSEK,linear,True,42,380,1,10,-0.031887424599548325,101.94538595934698,3.5349225997924805,0.0009961128234863281,4,False
1784694605.7729003,control2,c49a2172f6,MOSEK,linear,True,42,381,0,20,-0.002902934290577343,101.78859281608257,3.9873101711273193,0.0009915828704833984,6,False
1784694605.781905,control2,c49a2172f6,MOSEK,linear,True,42,381,1,10,-0.028583015299862798,101.78859281608257,3.9873101711273193,0.0,4,False
1784694609.866549,control2,c49a2172f6,MOSEK,linear,True,42,382,0,20,-0.002375531425586525,101.41636562465102,4.039632797241211,0.0010488033294677734,7,False
1784694609.8728077,control2,c49a2172f6,MOSEK,linear,True,42,382,1,10,-0.04426093305207297,101.41636562465102,4.039632797241211,0.0,3,False
1784694613.9043274,control2,c49a2172f6,MOSEK,linear,True,42,383,0,20,-0.002116381874058449,101.27180871546676,3.993025064468384,0.0009427070617675781,7,False
1784694613.9130118,control2,c49a2172f6,MOSEK,linear,True,42,383,1,10,-0.0237194877282409,101.27180871546676,3.993025064468384,0.001058816909790039,5,False
1784694617.3109207,control2,c49a2172f6,MOSEK,linear,True,42,384,0,20,-0.002844108094424002,101.12454439642828,3.3549211025238037,0.0009951591491699219,7,False
1784694617.318655,control2,c49a2172f6,MOSEK,linear,True,42,384,1,10,-0.022296178203724107,101.12454439642828,3.3549211025238037,0.0,4,False
1784694621.135965,control2,c49a2172f6,MOSEK,linear,True,42,385,0,20,-0.002527206758840557,100.94463387937019,3.7690036296844482,0.0011594295501708984,7,False
1784694621.1432846,control2,c49a2172f6,MOSEK,linear,True,42,385,1,10,-0.049493975481890454,100.94463387937019,3.7690036296844482,0.0009584426879882812,4,False
1784694626.467951,control2,c49a2172f6,MOSEK,linear,True,42,386,0,20,-0.0017669056504825524,100.82858594807989,5.277881383895874,0.0,6,False
1784694626.4795418,control2,c49a2172f6,MOSEK,linear,True,42,386,1,10,-0.019929346426773856,100.82858594807989,5.277881383895874,0.0,3,False
1784694630.7563932,control2,c49a2172f6,MOSEK,linear,True,42,387,0,20,-0.0035290418955065215,100.70026876621583,4.234039068222046,0.0,7,False
1784694630.7632425,control2,c49a2172f6,MOSEK,linear,True,42,387,1,10,-0.013837914025569322,100.70026876621583,4.234039068222046,0.0,4,False
1784694634.5943308,control2,c49a2172f6,MOSEK,linear,True,42,388,0,20,-0.005297290679620473,100.30282301455476,3.783872604370117,0.0,7,False
1784694634.6025157,control2,c49a2172f6,MOSEK,linear,True,42,388,1,10,-0.04603219318512676,100.30282301455476,3.783872604370117,0.0,4,False
1784694638.2187896,control2,c49a2172f6,MOSEK,linear,True,42,389,0,20,-0.005607318678559475,100.07967989112768,3.576608419418335,0.0009849071502685547,7,False
1784694638.2267594,control2,c49a2172f6,MOSEK,linear,True,42,389,1,10,-0.03566681857116452,100.07967989112768,3.576608419418335,0.0009164810180664062,4,False
1784694641.8844628,control2,c49a2172f6,MOSEK,linear,True,42,390,0,20,-0.002506868321865368,99.94583107521234,3.6145479679107666,0.0009944438934326172,7,False
1784694641.895435,control2,c49a2172f6,MOSEK,linear,True,42,390,1,10,-0.024534909421060597,99.94583107521234,3.6145479679107666,0.0005507469177246094,4,False
1784694645.8192766,control2,c49a2172f6,MOSEK,linear,True,42,391,0,20,-0.0029974895492241613,99.74766977506107,3.871534585952759,0.0,7,False
1784694645.8291812,control2,c49a2172f6,MOSEK,linear,True,42,391,1,10,-0.025928809363947113,99.74766977506107,3.871534585952759,0.0,5,False
1784694649.8289657,control2,c49a2172f6,MOSEK,linear,True,42,392,0,20,-0.002355513595296021,99.66139372454802,3.9513473510742188,0.0,7,False
1784694649.8349729,control2,c49a2172f6,MOSEK,linear,True,42,392,1,10,-0.017286035287399536,99.66139372454802,3.9513473510742188,0.0010001659393310547,4,False
1784694653.8522706,control2,c49a2172f6,MOSEK,linear,True,42,393,0,20,-0.002501972766113134,99.56873551976946,3.9751548767089844,0.0,7,False
1784694653.8582146,control2,c49a2172f6,MOSEK,linear,True,42,393,1,10,-0.01856379356244948,99.56873551976946,3.9751548767089844,0.0009179115295410156,3,False
1784694657.0664847,control2,c49a2172f6,MOSEK,linear,True,42,394,0,20,-0.001366380442313592,99.46265733583272,3.1661548614501953,0.0,6,False
1784694657.0705853,control2,c49a2172f6,MOSEK,linear,True,42,394,1,10,-0.02143974664864158,99.46265733583272,3.1661548614501953,0.0,4,False
1784694660.6820147,control2,c49a2172f6,MOSEK,linear,True,42,395,0,20,-0.0016846717541178678,99.25696230541112,3.546880006790161,0.0009963512420654297,7,False
1784694660.6895306,control2,c49a2172f6,MOSEK,linear,True,42,395,1,10,-0.027490920215728226,99.25696230541112,3.546880006790161,0.0010020732879638672,3,False
1784694664.4162147,control2,c49a2172f6,MOSEK,linear,True,42,396,0,20,-0.005459505400267699,98.33696375731691,3.6773457527160645,0.0,7,False
1784694664.4238176,control2,c49a2172f6,MOSEK,linear,True,42,396,1,10,-0.4675574283416321,98.33696375731691,3.6773457527160645,0.0010743141174316406,4,False
1784694668.5403728,control2,c49a2172f6,MOSEK,linear,True,42,397,0,20,-0.0074812431872899815,98.03537142419113,4.064155340194702,0.0009725093841552734,7,False
1784694668.5503573,control2,c49a2172f6,MOSEK,linear,True,42,397,1,10,-0.15216617325385934,98.03537142419113,4.064155340194702,0.000545501708984375,5,False
1784694672.2522304,control2,c49a2172f6,MOSEK,linear,True,42,398,0,20,-0.004135862296332242,97.88222235738424,3.6603193283081055,0.00102996826171875,7,False
1784694672.2598474,control2,c49a2172f6,MOSEK,linear,True,42,398,1,10,-0.11091841415701839,97.88222235738424,3.6603193283081055,0.0,4,False
1784694675.853776,control2,c49a2172f6,MOSEK,linear,True,42,399,0,20,-0.0031038969565968925,97.68791988831099,3.5490734577178955,0.0010540485382080078,7,False
1784694675.8619912,control2,c49a2172f6,MOSEK,linear,True,42,399,1,10,-0.03811080596895276,97.68791988831099,3.5490734577178955,0.0,4,False
1784694678.9287484,control2,c49a2172f6,MOSEK,linear,True,42,400,0,20,-0.002758414441986642,97.36581772687259,3.0445611476898193,0.0,7,False
1784694678.9337497,control2,c49a2172f6,MOSEK,linear,True,42,400,1,10,-0.04428550125446107,97.36581772687259,3.0445611476898193,0.0008993148803710938,4,False
1784694680.7611492,control2,c49a2172f6,MOSEK,linear,True,42,401,0,20,-0.0038831780440807947,97.24146589190812,1.7986652851104736,0.0,7,False
1784694680.7685072,control2,c49a2172f6,MOSEK,linear,True,42,401,1,10,-0.03127654218719962,97.24146589190812,1.7986652851104736,0.0,3,False
1784694682.9237916,control2,c49a2172f6,MOSEK,linear,True,42,402,0,20,-0.003906717738469375,97.06527651395805,2.1269848346710205,0.0010218620300292969,6,False
1784694682.9295228,control2,c49a2172f6,MOSEK,linear,True,42,402,1,10,-0.02353265524197381,97.06527651395805,2.1269848346710205,0.0010151863098144531,3,False
1784694684.8687563,control2,c49a2172f6,MOSEK,linear,True,42,403,0,20,-0.0037416225657263386,96.58435220593469,1.909247875213623,0.0,6,False
1784694684.8748553,control2,c49a2172f6,MOSEK,linear,True,42,403,1,10,-0.020848733714256416,96.58435220593469,1.909247875213623,0.0,3,False
1784694686.7688925,control2,c49a2172f6,MOSEK,linear,True,42,404,0,20,-0.0024062596810053116,96.37407688340258,1.8613998889923096,0.0,7,False
1784694686.7748942,control2,c49a2172f6,MOSEK,linear,True,42,404,1,10,-0.01976044210893728,96.37407688340258,1.8613998889923096,0.0,5,False
1784694689.075065,control2,c49a2172f6,MOSEK,linear,True,42,405,0,20,-0.0063144540357282595,96.23348763337432,2.270580291748047,0.0,7,False
1784694689.0826373,control2,c49a2172f6,MOSEK,linear,True,42,405,1,10,-0.016256617947232252,96.23348763337432,2.270580291748047,0.0,4,False
1784694691.1120384,control2,c49a2172f6,MOSEK,linear,True,42,406,0,20,-0.007016424292684809,96.00037625287368,2.0001680850982666,0.0,7,False
1784694691.1167514,control2,c49a2172f6,MOSEK,linear,True,42,406,1,10,-0.035928794614707604,96.00037625287368,2.0001680850982666,0.0,3,False
1784694693.227303,control2,c49a2172f6,MOSEK,linear,True,42,407,0,20,-0.006704313358633177,95.80050822037418,2.0865092277526855,0.0,7,False
1784694693.2333405,control2,c49a2172f6,MOSEK,linear,True,42,407,1,10,-0.04057657541348379,95.80050822037418,2.0865092277526855,0.0,4,False
1784694695.1791697,control2,c49a2172f6,MOSEK,linear,True,42,408,0,20,-0.0025364087254457295,95.69476481619549,1.912304401397705,0.0009968280792236328,7,False
1784694695.1843066,control2,c49a2172f6,MOSEK,linear,True,42,408,1,10,-0.016023387492752644,95.69476481619549,1.912304401397705,0.0,4,False
1784694697.2182174,control2,c49a2172f6,MOSEK,linear,True,42,409,0,20,-0.00317717353287093,95.55466781523975,2.0080602169036865,0.0,7,False
1784694697.2217932,control2,c49a2172f6,MOSEK,linear,True,42,409,1,10,-0.016514368743228022,95.55466781523975,2.0080602169036865,0.0,3,False
1784694699.174006,control2,c49a2172f6,MOSEK,linear,True,42,410,0,20,-0.00205677628634909,95.32142352060328,1.921865463256836,0.0010006427764892578,8,False
1784694699.1810548,control2,c49a2172f6,MOSEK,linear,True,42,410,1,10,-0.025174105421651254,95.32142352060328,1.921865463256836,0.0009107589721679688,3,False
1784694701.7222807,control2,c49a2172f6,MOSEK,linear,True,42,411,0,20,-0.0017491501897434348,95.25004229498651,2.516075611114502,0.0,6,False
1784694701.7282774,control2,c49a2172f6,MOSEK,linear,True,42,411,1,10,-0.014869813543713445,95.25004229498651,2.516075611114502,0.0,3,False
1784694703.9276922,control2,c49a2172f6,MOSEK,linear,True,42,412,0,20,-0.006685546393968704,94.89986074956713,2.172611713409424,0.0,7,False
1784694703.9332893,control2,c49a2172f6,MOSEK,linear,True,42,412,1,10,-0.02046875831527786,94.89986074956713,2.172611713409424,0.0,3,False
1784694706.6876009,control2,c49a2172f6,MOSEK,linear,True,42,413,0,20,-0.005490784000302403,94.70899390245975,2.7306082248687744,0.0009992122650146484,7,False
1784694706.692722,control2,c49a2172f6,MOSEK,linear,True,42,413,1,10,-0.01605579429118109,94.70899390245975,2.7306082248687744,0.0,3,False
1784694708.6677916,control2,c49a2172f6,MOSEK,linear,True,42,414,0,20,-0.00312678035404781,94.51965758139428,1.9515352249145508,0.0009882450103759766,6,False
1784694708.673604,control2,c49a2172f6,MOSEK,linear,True,42,414,1,10,-0.014384124719033092,94.51965758139428,1.9515352249145508,0.001005411148071289,3,False
1784694710.5749629,control2,c49a2172f6,MOSEK,linear,True,42,415,0,20,-0.00991307783142484,93.50059317448981,1.8754868507385254,0.0,8,False
1784694710.5820205,control2,c49a2172f6,MOSEK,linear,True,42,415,1,10,-0.06261480086013758,93.50059317448981,1.8754868507385254,0.0,4,False
1784694712.5405953,control2,c49a2172f6,MOSEK,linear,True,42,416,0,20,-0.00747384300777563,92.81875755930845,1.9289157390594482,0.0,8,False
1784694712.545596,control2,c49a2172f6,MOSEK,linear,True,42,416,1,10,-0.02290214819245628,92.81875755930845,1.9289157390594482,0.0,4,False
1784694714.3556602,control2,c49a2172f6,MOSEK,linear,True,42,417,0,20,-0.0038951808285586525,92.47284204136153,1.7805285453796387,0.0011572837829589844,7,False
1784694714.361581,control2,c49a2172f6,MOSEK,linear,True,42,417,1,10,-0.03671087105228056,92.47284204136153,1.7805285453796387,0.001062154769897461,3,False
1784694716.3278959,control2,c49a2172f6,MOSEK,linear,True,42,418,0,20,-0.0028212447612737924,92.3861981870474,1.9356000423431396,0.0,7,False
1784694716.3328905,control2,c49a2172f6,MOSEK,linear,True,42,418,1,10,-0.017549539184299537,92.3861981870474,1.9356000423431396,0.0,4,False
1784694718.5119088,control2,c49a2172f6,MOSEK,linear,True,42,419,0,20,-0.0052152169603918,92.09797680819202,2.1554648876190186,0.0,7,False
1784694718.516895,control2,c49a2172f6,MOSEK,linear,True,42,419,1,10,-0.011583113960716207,92.09797680819202,2.1554648876190186,0.0009686946868896484,3,False
1784694721.0066714,control2,c49a2172f6,MOSEK,linear,True,42,420,0,20,-0.005219323694826797,91.90659996489381,2.466240406036377,0.0,6,False
1784694721.0140667,control2,c49a2172f6,MOSEK,linear,True,42,420,1,10,-0.010123571340230947,91.90659996489381,2.466240406036377,0.0,4,False
1784694722.8974016,control2,c49a2172f6,MOSEK,linear,True,42,421,0,20,-0.002653727493969698,91.8509673582615,1.8547019958496094,0.0,6,False
1784694722.9040465,control2,c49a2172f6,MOSEK,linear,True,42,421,1,10,-0.008488019202072199,91.8509673582615,1.8547019958496094,0.0,3,False
1784694725.349666,control2,c49a2172f6,MOSEK,linear,True,42,422,0,20,-0.009704232692541464,91.59191936697297,2.4169013500213623,0.0,8,False
1784694725.3536599,control2,c49a2172f6,MOSEK,linear,True,42,422,1,10,-0.039319770675314905,91.59191936697297,2.4169013500213623,0.0,4,False
1784694727.3870823,control2,c49a2172f6,MOSEK,linear,True,42,423,0,20,-0.009881930354043108,91.32025272136107,2.0041229724884033,0.0,7,False
1784694727.3932574,control2,c49a2172f6,MOSEK,linear,True,42,423,1,10,-0.04064008269377709,91.32025272136107,2.0041229724884033,0.0,4,False
1784694729.4067018,control2,c49a2172f6,MOSEK,linear,True,42,424,0,20,-0.011083574278198614,91.00295446077384,1.9838178157806396,0.0,8,False
1784694729.4126842,control2,c49a2172f6,MOSEK,linear,True,42,424,1,10,-0.019958538556129845,91.00295446077384,1.9838178157806396,0.0,4,False
1784694731.3676236,control2,c49a2172f6,MOSEK,linear,True,42,425,0,20,-0.005836575898436682,90.80322734787319,1.9241952896118164,0.0,7,False
1784694731.3733616,control2,c49a2172f6,MOSEK,linear,True,42,425,1,10,-0.01977438526751212,90.80322734787319,1.9241952896118164,0.0,3,False
1784694733.254413,control2,c49a2172f6,MOSEK,linear,True,42,426,0,20,-0.009543838644539077,90.62227780634018,1.8510103225708008,0.0,7,False
1784694733.2587173,control2,c49a2172f6,MOSEK,linear,True,42,426,1,10,-0.018878808955924524,90.62227780634018,1.8510103225708008,0.0,3,False
1784694735.3308718,control2,c49a2172f6,MOSEK,linear,True,42,427,0,20,-0.004437023321391884,90.52932985179645,2.0503177642822266,0.0010051727294921875,7,False
1784694735.3348823,control2,c49a2172f6,MOSEK,linear,True,42,427,1,10,-0.01777623118779281,90.52932985179645,2.0503177642822266,0.0009176731109619141,4,False
1784694737.0672424,control2,c49a2172f6,MOSEK,linear,True,42,428,0,20,-0.003208433341251749,90.35143238133838,1.7044224739074707,0.0,7,False
1784694737.0743275,control2,c49a2172f6,MOSEK,linear,True,42,428,1,10,-0.02704830995583171,90.35143238133838,1.7044224739074707,0.0,4,False
1784694739.165152,control2,c49a2172f6,MOSEK,linear,True,42,429,0,20,-0.006538523836131707,90.18858500888447,2.065337657928467,0.0,7,False
1784694739.1719317,control2,c49a2172f6,MOSEK,linear,True,42,429,1,10,-0.017148451507376584,90.18858500888447,2.065337657928467,0.0,4,False
1784694741.1914003,control2,c49a2172f6,MOSEK,linear,True,42,430,0,20,-0.007321210755582492,90.0427699192765,1.9842019081115723,0.0,7,False
1784694741.1966424,control2,c49a2172f6,MOSEK,linear,True,42,430,1,10,-0.03950085900600951,90.0427699192765,1.9842019081115723,0.0,4,False
1784694743.3325906,control2,c49a2172f6,MOSEK,linear,True,42,431,0,20,-0.0033046350793826686,89.89660813372419,2.099337100982666,0.0010156631469726562,7,False
1784694743.3425612,control2,c49a2172f6,MOSEK,linear,True,42,431,1,10,-0.03536807222418677,89.89660813372419,2.099337100982666,0.0010573863983154297,3,False
1784694745.6624126,control2,c49a2172f6,MOSEK,linear,True,42,432,0,20,-0.0015417783262262608,89.7692925803789,2.275604724884033,0.0,6,False
1784694745.6696525,control2,c49a2172f6,MOSEK,linear,True,42,432,1,10,-0.015240642595769889,89.7692925803789,2.275604724884033,0.0,5,False
1784694748.2808747,control2,c49a2172f6,MOSEK,linear,True,42,433,0,20,-0.009063607735892092,89.67279737354733,2.5832746028900146,0.0,7,False
1784694748.2865117,control2,c49a2172f6,MOSEK,linear,True,42,433,1,10,-0.032757711821439585,89.67279737354733,2.5832746028900146,0.0,4,False
1784694750.194535,control2,c49a2172f6,MOSEK,linear,True,42,434,0,20,-0.0037677999046896093,89.30795003545342,1.8788764476776123,0.0,7,False
1784694750.2002249,control2,c49a2172f6,MOSEK,linear,True,42,434,1,10,-0.018036673479635203,89.30795003545342,1.8788764476776123,0.0005624294281005859,4,False
1784694752.1983378,control2,c49a2172f6,MOSEK,linear,True,42,435,0,20,-0.005007855584077376,88.90846796522288,1.9665753841400146,0.0,8,False
1784694752.2055054,control2,c49a2172f6,MOSEK,linear,True,42,435,1,10,-0.008835452809030649,88.90846796522288,1.9665753841400146,0.0009202957153320312,4,False
1784694754.1956196,control2,c49a2172f6,MOSEK,linear,True,42,436,0,20,-0.0026879384396868706,88.85912691708941,1.9670186042785645,0.0,6,False
1784694754.2018301,control2,c49a2172f6,MOSEK,linear,True,42,436,1,10,-0.009146377338342204,88.85912691708941,1.9670186042785645,0.0,4,False
1784694756.5091088,control2,c49a2172f6,MOSEK,linear,True,42,437,0,20,-0.003405225876635627,88.25978907027225,2.2766730785369873,0.0,8,False
1784694756.513245,control2,c49a2172f6,MOSEK,linear,True,42,437,1,10,-0.10485673166405385,88.25978907027225,2.2766730785369873,0.0010402202606201172,4,False
1784694758.6346407,control2,c49a2172f6,MOSEK,linear,True,42,438,0,20,-0.001749955801086183,87.98288709055717,2.0758442878723145,0.0006337165832519531,8,False
1784694758.640953,control2,c49a2172f6,MOSEK,linear,True,42,438,1,10,-0.012401317535787859,87.98288709055717,2.0758442878723145,0.0,4,False
1784694760.7776575,control2,c49a2172f6,MOSEK,linear,True,42,439,0,20,-0.0021767577482468964,87.87098523369849,2.1053287982940674,0.0,8,False
1784694760.783647,control2,c49a2172f6,MOSEK,linear,True,42,439,1,10,-0.01603204934545843,87.87098523369849,2.1053287982940674,0.0,4,False
1784694762.853721,control2,c49a2172f6,MOSEK,linear,True,42,440,0,20,-0.002510086763490227,87.75780801495185,2.0439536571502686,0.0,7,False
1784694762.8589063,control2,c49a2172f6,MOSEK,linear,True,42,440,1,10,-0.01014582125126718,87.75780801495185,2.0439536571502686,0.0005145072937011719,3,False
1784694764.936526,control2,c49a2172f6,MOSEK,linear,True,42,441,0,20,-0.001990355356193267,87.67216891233285,2.046013355255127,0.0,6,False
1784694764.9415033,control2,c49a2172f6,MOSEK,linear,True,42,441,1,10,-0.016721377151552214,87.67216891233285,2.046013355255127,0.0,3,False
1784694767.2724044,control2,c49a2172f6,MOSEK,linear,True,42,442,0,20,-0.007894294678684008,87.13221936666105,2.3071370124816895,0.0,8,False
1784694767.2774057,control2,c49a2172f6,MOSEK,linear,True,42,442,1,10,-0.01993714915069883,87.13221936666105,2.3071370124816895,0.0010461807250976562,3,False
1784694769.2173197,control2,c49a2172f6,MOSEK,linear,True,42,443,0,20,-0.008142606077011812,86.82215259179131,1.90897536277771,0.0,7,False
1784694769.2230334,control2,c49a2172f6,MOSEK,linear,True,42,443,1,10,-0.06341235430663257,86.82215259179131,1.90897536277771,0.0,4,False
1784694771.407256,control2,c49a2172f6,MOSEK,linear,True,42,444,0,20,-0.008094179087869633,86.66331860846896,2.1589784622192383,0.0,7,False
1784694771.4130166,control2,c49a2172f6,MOSEK,linear,True,42,444,1,10,-0.05134822193668868,86.66331860846896,2.1589784622192383,0.0009565353393554688,4,False
1784694773.6084418,control2,c49a2172f6,MOSEK,linear,True,42,445,0,20,-0.009709765164141428,86.40369758116728,2.1717004776000977,0.0,7,False
1784694773.613155,control2,c49a2172f6,MOSEK,linear,True,42,445,1,10,-0.0179832352113637,86.40369758116728,2.1717004776000977,0.0,3,False
1784694776.1662133,control2,c49a2172f6,MOSEK,linear,True,42,446,0,20,-0.004437591536420438,86.25839923512892,2.5187604427337646,0.0,7,False
1784694776.1712136,control2,c49a2172f6,MOSEK,linear,True,42,446,1,10,-0.012298577162998078,86.25839923512892,2.5187604427337646,0.0009539127349853516,4,False
1784694778.4412875,control2,c49a2172f6,MOSEK,linear,True,42,447,0,20,-0.004080904219901982,86.12072439703782,2.2381107807159424,0.0,7,False
1784694778.4470766,control2,c49a2172f6,MOSEK,linear,True,42,447,1,10,-0.014235920742871713,86.12072439703782,2.2381107807159424,0.0,4,False
1784694781.0260785,control2,c49a2172f6,MOSEK,linear,True,42,448,0,20,-0.005766784686732068,85.96946202128086,2.5546655654907227,0.0,7,False
1784694781.0310664,control2,c49a2172f6,MOSEK,linear,True,42,448,1,10,-0.007235746506598054,85.96946202128086,2.5546655654907227,0.0,3,False
1784694783.5963793,control2,c49a2172f6,MOSEK,linear,True,42,449,0,20,-0.006289525878067486,85.88228460229925,2.5358293056488037,0.0009996891021728516,7,False
1784694783.6013863,control2,c49a2172f6,MOSEK,linear,True,42,449,1,10,-0.01965778609848797,85.88228460229925,2.5358293056488037,0.0,5,False
1784694785.9049582,control2,c49a2172f6,MOSEK,linear,True,42,450,0,20,-0.011564445349083734,85.5441738162915,2.2737388610839844,0.0010013580322265625,8,False
1784694785.9113698,control2,c49a2172f6,MOSEK,linear,True,42,450,1,10,-0.019426086132170065,85.5441738162915,2.2737388610839844,0.0,4,False
1784694788.0660393,control2,c49a2172f6,MOSEK,linear,True,42,451,0,20,-0.007132740332705816,85.36678191696781,2.1259498596191406,0.0,8,False
1784694788.0719786,control2,c49a2172f6,MOSEK,linear,True,42,451,1,10,-0.03580355988382062,85.36678191696781,2.1259498596191406,0.0,4,False
1784694790.1333625,control2,c49a2172f6,MOSEK,linear,True,42,452,0,20,-0.00396563020394299,85.22720163451149,2.019090414047241,0.0009951591491699219,7,False
1784694790.1388955,control2,c49a2172f6,MOSEK,linear,True,42,452,1,10,-0.07865463785254367,85.22720163451149,2.019090414047241,0.0009760856628417969,4,False
1784694792.3269837,control2,c49a2172f6,MOSEK,linear,True,42,453,0,20,-0.005932015004220378,85.07570591273685,2.1652169227600098,0.0009975433349609375,8,False
1784694792.3339894,control2,c49a2172f6,MOSEK,linear,True,42,453,1,10,-0.06252725274181663,85.07570591273685,2.1652169227600098,0.0,4,False
1784694794.3950846,control2,c49a2172f6,MOSEK,linear,True,42,454,0,20,-0.0040769456923448735,84.95360210189479,2.031809091567993,0.0,7,False
1784694794.4010868,control2,c49a2172f6,MOSEK,linear,True,42,454,1,10,-0.04474290653459947,84.95360210189479,2.031809091567993,0.0009768009185791016,5,False
1784694797.2463331,control2,c49a2172f6,MOSEK,linear,True,42,455,0,20,-0.0027805032681937785,84.87193331612384,2.815696954727173,0.0,7,False
1784694797.2528448,control2,c49a2172f6,MOSEK,linear,True,42,455,1,10,-0.031447013073480794,84.87193331612384,2.815696954727173,0.0,5,False
1784694799.584665,control2,c49a2172f6,MOSEK,linear,True,42,456,0,20,-0.004416820555601623,84.36975560503043,2.30256724357605,0.0,8,False
1784694799.58967,control2,c49a2172f6,MOSEK,linear,True,42,456,1,10,-0.10413940750735899,84.36975560503043,2.30256724357605,0.0,4,False
1784694801.8607554,control2,c49a2172f6,MOSEK,linear,True,42,457,0,20,-0.0032674720131061073,84.06581880847956,2.241790533065796,0.0,7,False
1784694801.8664973,control2,c49a2172f6,MOSEK,linear,True,42,457,1,10,-0.037874778240591746,84.06581880847956,2.241790533065796,0.0009558200836181641,4,False
1784694803.6033251,control2,c49a2172f6,MOSEK,linear,True,42,458,0,20,-0.0030044612099138297,83.98223346588561,1.706214427947998,0.0,7,False
1784694803.6092987,control2,c49a2172f6,MOSEK,linear,True,42,458,1,10,-0.01713871007171152,83.98223346588561,1.706214427947998,0.0,3,False
1784694806.0972586,control2,c49a2172f6,MOSEK,linear,True,42,459,0,20,-0.0033367656180387315,83.81392625299537,2.4597795009613037,0.0,7,False
1784694806.1030474,control2,c49a2172f6,MOSEK,linear,True,42,459,1,10,-0.022935513114185492,83.81392625299537,2.4597795009613037,0.00035119056701660156,4,False
1784694808.4657404,control2,c49a2172f6,MOSEK,linear,True,42,460,0,20,-0.0075220462551015095,83.48984222383267,2.3322696685791016,0.0009953975677490234,8,False
1784694808.4715085,control2,c49a2172f6,MOSEK,linear,True,42,460,1,10,-0.02606256637690087,83.48984222383267,2.3322696685791016,0.0,4,False
1784694810.736449,control2,c49a2172f6,MOSEK,linear,True,42,461,0,20,-0.0043473645573213725,82.94722390816719,2.237579345703125,0.0,8,False
1784694810.7414896,control2,c49a2172f6,MOSEK,linear,True,42,461,1,10,-0.018365909376012176,82.94722390816719,2.237579345703125,0.0010547637939453125,4,False
1784694812.9950635,control2,c49a2172f6,MOSEK,linear,True,42,462,0,20,-0.0046448932407191,82.57652408227466,2.2270452976226807,0.001001596450805664,8,False
1784694813.0003135,control2,c49a2172f6,MOSEK,linear,True,42,462,1,10,-0.05632551266395716,82.57652408227466,2.2270452976226807,0.0,4,False
1784694815.1827872,control2,c49a2172f6,MOSEK,linear,True,42,463,0,20,-0.002795169062868616,82.3745757044218,2.1500906944274902,0.0,7,False
1784694815.185779,control2,c49a2172f6,MOSEK,linear,True,42,463,1,10,-0.029577307024171988,82.3745757044218,2.1500906944274902,0.0,4,False
1784694817.3869,control2,c49a2172f6,MOSEK,linear,True,42,464,0,20,-0.002525574080530825,82.28401615006871,2.171886920928955,0.0,7,False
1784694817.3948784,control2,c49a2172f6,MOSEK,linear,True,42,464,1,10,-0.011697735153469703,82.28401615006871,2.171886920928955,0.0009970664978027344,4,False
1784694819.7912734,control2,c49a2172f6,MOSEK,linear,True,42,465,0,20,-0.0024703294254120756,82.06747592899896,2.3674490451812744,0.0010013580322265625,8,False
1784694819.798266,control2,c49a2172f6,MOSEK,linear,True,42,465,1,10,-0.01884085043067063,82.06747592899896,2.3674490451812744,0.0,4,False
1784694821.962742,control2,c49a2172f6,MOSEK,linear,True,42,466,0,20,-0.002413257134800164,81.99479831912052,2.126708745956421,0.0011096000671386719,7,False
1784694821.9687443,control2,c49a2172f6,MOSEK,linear,True,42,466,1,10,-0.01644395290685528,81.99479831912052,2.126708745956421,0.0,4,False
1784694824.2047524,control2,c49a2172f6,MOSEK,linear,True,42,467,0,20,-0.003183403876913769,81.86021059355815,2.203221321105957,0.0,7,False
1784694824.209271,control2,c49a2172f6,MOSEK,linear,True,42,467,1,10,-0.024446012157513415,81.86021059355815,2.203221321105957,0.0,3,False
1784694826.387249,control2,c49a2172f6,MOSEK,linear,True,42,468,0,20,-0.003382806985578466,81.73076615021441,2.152470827102661,0.0,8,False
1784694826.3945682,control2,c49a2172f6,MOSEK,linear,True,42,468,1,10,-0.014403272708006508,81.73076615021441,2.152470827102661,0.0010268688201904297,4,False
1784694828.6167989,control2,c49a2172f6,MOSEK,linear,True,42,469,0,20,-0.0024228496706986628,81.67730082352585,2.1904866695404053,0.0009207725524902344,7,False
1784694828.6226707,control2,c49a2172f6,MOSEK,linear,True,42,469,1,10,-0.017814076508471027,81.67730082352585,2.1904866695404053,0.0,4,False
1784694830.6430748,control2,c49a2172f6,MOSEK,linear,True,42,470,0,20,-0.0018315895575673046,81.6281930265005,1.996518850326538,0.0,6,False
1784694830.6479733,control2,c49a2172f6,MOSEK,linear,True,42,470,1,10,-0.026957028373189466,81.6281930265005,1.996518850326538,0.0,5,False
1784694832.9743283,control2,c49a2172f6,MOSEK,linear,True,42,471,0,20,-0.0017722620001597105,81.57094681693974,2.2957935333251953,0.0,6,False
1784694832.9804635,control2,c49a2172f6,MOSEK,linear,True,42,471,1,10,-0.01597126313683316,81.57094681693974,2.2957935333251953,0.0,5,False
1784694834.888016,control2,c49a2172f6,MOSEK,linear,True,42,472,0,20,-0.0011423512518550735,81.45861113522255,1.878544569015503,0.0,6,False
1784694834.8936925,control2,c49a2172f6,MOSEK,linear,True,42,472,1,10,-0.024038828941422136,81.45861113522255,1.878544569015503,0.0,4,False
1784694837.3460813,control2,c49a2172f6,MOSEK,linear,True,42,473,0,20,-0.0042901638130884885,81.30893563902256,2.421574831008911,0.0011289119720458984,7,False
1784694837.3520496,control2,c49a2172f6,MOSEK,linear,True,42,473,1,10,-0.013197691374712358,81.30893563902256,2.421574831008911,0.0009255409240722656,4,False
1784694839.471808,control2,c49a2172f6,MOSEK,linear,True,42,474,0,20,-0.002117517501399484,81.23906272621042,2.093149185180664,0.0,6,False
1784694839.4768138,control2,c49a2172f6,MOSEK,linear,True,42,474,1,10,-0.00949173000883956,81.23906272621042,2.093149185180664,0.0010266304016113281,4,False
1784694841.9516528,control2,c49a2172f6,MOSEK,linear,True,42,475,0,20,-0.004570716739559927,80.55078025519506,2.4399607181549072,0.0,7,False
1784694841.95922,control2,c49a2172f6,MOSEK,linear,True,42,475,1,10,-0.05478661054647567,80.55078025519506,2.4399607181549072,0.0,4,False
1784694844.7521913,control2,c49a2172f6,MOSEK,linear,True,42,476,0,20,-0.008647588354335668,80.32730137351632,2.7599947452545166,0.0,8,False
1784694844.7571273,control2,c49a2172f6,MOSEK,linear,True,42,476,1,10,-0.044935102906410035,80.32730137351632,2.7599947452545166,0.0,4,False
1784694846.9558938,control2,c49a2172f6,MOSEK,linear,True,42,477,0,20,-0.007707688976482218,79.882929271428,2.170337438583374,0.0,8,False
1784694846.9603345,control2,c49a2172f6,MOSEK,linear,True,42,477,1,10,-0.056811967973232104,79.882929271428,2.170337438583374,0.0,4,False
1784694849.4505866,control2,c49a2172f6,MOSEK,linear,True,42,478,0,20,-0.007086547455762136,79.70193217791609,2.4587087631225586,0.0010082721710205078,8,False
1784694849.456136,control2,c49a2172f6,MOSEK,linear,True,42,478,1,10,-0.03539744461394252,79.70193217791609,2.4587087631225586,0.0,4,False
1784694851.6023211,control2,c49a2172f6,MOSEK,linear,True,42,479,0,20,-0.003776202663358448,79.54681588734499,2.1096205711364746,0.0009963512420654297,7,False
1784694851.6072516,control2,c49a2172f6,MOSEK,linear,True,42,479,1,10,-0.018279744492012473,79.54681588734499,2.1096205711364746,0.0009577274322509766,3,False
1784694853.9814978,control2,c49a2172f6,MOSEK,linear,True,42,480,0,20,-0.004270150190489022,79.00443606168525,2.3430581092834473,0.0,7,False
1784694853.9875011,control2,c49a2172f6,MOSEK,linear,True,42,480,1,10,-0.06462762743279478,79.00443606168525,2.3430581092834473,0.0,3,False
1784694856.5473742,control2,c49a2172f6,MOSEK,linear,True,42,481,0,20,-0.007507877199768123,78.75182813496376,2.523669481277466,0.0010123252868652344,7,False
1784694856.5523803,control2,c49a2172f6,MOSEK,linear,True,42,481,1,10,-0.035184767079023585,78.75182813496376,2.523669481277466,0.0009868144989013672,4,False
1784694859.1185405,control2,c49a2172f6,MOSEK,linear,True,42,482,0,20,-0.004467843372625548,78.26397825368606,2.540029525756836,0.0,7,False
1784694859.1254952,control2,c49a2172f6,MOSEK,linear,True,42,482,1,10,-0.036831431670774156,78.26397825368606,2.540029525756836,0.0001289844512939453,4,False
1784694861.3268392,control2,c49a2172f6,MOSEK,linear,True,42,483,0,20,-0.007509204727215716,78.10207361657999,2.171107530593872,0.0,8,False
1784694861.3326137,control2,c49a2172f6,MOSEK,linear,True,42,483,1,10,-0.02134989804410337,78.10207361657999,2.171107530593872,0.0,4,False
1784694863.3363943,control2,c49a2172f6,MOSEK,linear,True,42,484,0,20,-0.010675678817149136,77.92738332600933,1.9658937454223633,0.0,8,False
1784694863.3429663,control2,c49a2172f6,MOSEK,linear,True,42,484,1,10,-0.015965189925172738,77.92738332600933,1.9658937454223633,0.0009601116180419922,4,False
1784694865.9777637,control2,c49a2172f6,MOSEK,linear,True,42,485,0,20,-0.0060270287957161104,77.771705105077,2.601879119873047,0.0,6,False
1784694865.9832,control2,c49a2172f6,MOSEK,linear,True,42,485,1,10,-0.011003744541121118,77.771705105077,2.601879119873047,0.0,4,False
1784694868.6552181,control2,c49a2172f6,MOSEK,linear,True,42,486,0,20,-0.007526426385415379,77.73016265788152,2.6460297107696533,0.0,6,False
1784694868.6604831,control2,c49a2172f6,MOSEK,linear,True,42,486,1,10,-0.008210638364798963,77.73016265788152,2.6460297107696533,0.0,3,False
1784694871.035354,control2,c49a2172f6,MOSEK,linear,True,42,487,0,20,-0.010187812992638429,77.57948719008512,2.3490917682647705,0.0,7,False
1784694871.0394635,control2,c49a2172f6,MOSEK,linear,True,42,487,1,10,-0.009744275074425936,77.57948719008512,2.3490917682647705,0.0009109973907470703,4,False
1784694873.9943595,control2,c49a2172f6,MOSEK,linear,True,42,488,0,20,-0.002589276792818693,77.46240428936888,2.9222676753997803,0.0,8,False
1784694873.9987457,control2,c49a2172f6,MOSEK,linear,True,42,488,1,10,-0.014654032194037535,77.46240428936888,2.9222676753997803,0.0,4,False
1784694876.76504,control2,c49a2172f6,MOSEK,linear,True,42,489,0,20,-0.0031333763650823665,77.35985349884862,2.7316882610321045,0.0,7,False
1784694876.7710435,control2,c49a2172f6,MOSEK,linear,True,42,489,1,10,-0.017917258174646702,77.35985349884862,2.7316882610321045,0.0,3,False
1784694879.2621794,control2,c49a2172f6,MOSEK,linear,True,42,490,0,20,-0.0017920989602467673,77.25799295094102,2.457890748977661,0.0,6,False
1784694879.2682908,control2,c49a2172f6,MOSEK,linear,True,42,490,1,10,-0.021560846930130512,77.25799295094102,2.457890748977661,0.0,4,False
1784694881.6724021,control2,c49a2172f6,MOSEK,linear,True,42,491,0,20,-0.0028061495053382035,77.16334445161978,2.375483989715576,0.0009670257568359375,7,False
1784694881.6788425,control2,c49a2172f6,MOSEK,linear,True,42,491,1,10,-0.008375299955850042,77.16334445161978,2.375483989715576,0.0,4,False
1784694884.131968,control2,c49a2172f6,MOSEK,linear,True,42,492,0,20,-0.002648113583956119,76.9039901094203,2.422441005706787,0.000985860824584961,7,False
1784694884.1387446,control2,c49a2172f6,MOSEK,linear,True,42,492,1,10,-0.01575697193491527,76.9039901094203,2.422441005706787,0.0,4,False
1784694887.2422283,control2,c49a2172f6,MOSEK,linear,True,42,493,0,20,-0.012608096513473045,76.6008071767549,3.066283941268921,0.0009899139404296875,8,False
1784694887.2473176,control2,c49a2172f6,MOSEK,linear,True,42,493,1,10,-0.020790425104120255,76.6008071767549,3.066283941268921,0.0,3,False
1784694889.7320821,control2,c49a2172f6,MOSEK,linear,True,42,494,0,20,-0.007905807406277967,76.42506871223658,2.4514670372009277,0.0,7,False
1784694889.7380362,control2,c49a2172f6,MOSEK,linear,True,42,494,1,10,-0.034676702619518225,76.42506871223658,2.4514670372009277,0.0,4,False
1784694892.7445602,control2,c49a2172f6,MOSEK,linear,True,42,495,0,20,-0.006334430523569669,76.24304027775291,2.969228982925415,0.0,6,False
1784694892.753521,control2,c49a2172f6,MOSEK,linear,True,42,495,1,10,-0.016591132863156773,76.24304027775291,2.969228982925415,0.0,4,False
1784694895.7697072,control2,c49a2172f6,MOSEK,linear,True,42,496,0,20,-0.00438884353403417,75.50745241064065,2.9799509048461914,0.0,6,False
1784694895.775706,control2,c49a2172f6,MOSEK,linear,True,42,496,1,10,-0.010117281460418596,75.50745241064065,2.9799509048461914,0.0,3,False
1784694898.7371314,control2,c49a2172f6,MOSEK,linear,True,42,497,0,20,-0.01314286516838006,74.79429499402443,2.9222421646118164,0.0009882450103759766,8,False
1784694898.7421632,control2,c49a2172f6,MOSEK,linear,True,42,497,1,10,-0.014216444438433975,74.79429499402443,2.9222421646118164,0.0009975433349609375,3,False
1784694900.9135714,control2,c49a2172f6,MOSEK,linear,True,42,498,0,20,-0.013643140361336039,74.5931149358756,2.1356563568115234,0.0009930133819580078,7,False
1784694900.9195786,control2,c49a2172f6,MOSEK,linear,True,42,498,1,10,-0.016761816787343203,74.5931149358756,2.1356563568115234,0.0,3,False
1784694903.4590213,control2,c49a2172f6,MOSEK,linear,True,42,499,0,20,-0.0052419138639366175,74.44321970867205,2.5076417922973633,0.0,7,False
1784694903.4649327,control2,c49a2172f6,MOSEK,linear,True,42,499,1,10,-0.011298169652286149,74.44321970867205,2.5076417922973633,0.0,3,False
1784694906.1112964,control2,c49a2172f6,MOSEK,linear,True,42,500,0,20,-0.00892935880473854,73.98599610510757,2.615633726119995,0.0,7,False
1784694906.1152992,control2,c49a2172f6,MOSEK,linear,True,42,500,1,10,-0.022647735595727553,73.98599610510757,2.615633726119995,0.0009429454803466797,4,False
1784694906.2891917,control2,77f3845005,MOSEK,soc,False,42,1,0,20,-0.2685702044679294,722.6607702554556,0.011007547378540039,0.0,7,False
1784694906.2941952,control2,77f3845005,MOSEK,soc,False,42,1,1,10,-20.1744183744667,722.6607702554556,0.011007547378540039,0.0,2,False
1784694906.319718,control2,77f3845005,MOSEK,soc,False,42,2,0,20,-0.2392784319232869,565.2630338789252,0.02150583267211914,0.0,10,False
1784694906.321715,control2,77f3845005,MOSEK,soc,False,42,2,1,10,-38.38403086914685,565.2630338789252,0.02150583267211914,0.0,3,False
1784694906.3489556,control2,77f3845005,MOSEK,soc,False,42,3,0,20,-0.27018937391414666,482.13992325543893,0.023214101791381836,0.0,9,False
1784694906.3519866,control2,77f3845005,MOSEK,soc,False,42,3,1,10,-27.075232262866116,482.13992325543893,0.023214101791381836,0.0,3,False
1784694906.3837028,control2,77f3845005,MOSEK,soc,False,42,4,0,20,-0.2157899676103777,434.3596581910829,0.027715682983398438,0.0,10,False
1784694906.386715,control2,77f3845005,MOSEK,soc,False,42,4,1,10,-20.89925867932308,434.3596581910829,0.027715682983398438,0.0,4,False
1784694906.4379892,control2,77f3845005,MOSEK,soc,False,42,5,0,20,-0.21575728326266352,411.3359994555618,0.04722118377685547,0.0010175704956054688,10,False
1784694906.4399884,control2,77f3845005,MOSEK,soc,False,42,5,1,10,-14.053717176032098,411.3359994555618,0.04722118377685547,0.0,3,False
1784694906.480526,control2,77f3845005,MOSEK,soc,False,42,6,0,20,-0.1759705343554795,395.43812384096833,0.03556060791015625,0.0,9,False
1784694906.4838357,control2,77f3845005,MOSEK,soc,False,42,6,1,10,-16.412169002815066,395.43812384096833,0.03556060791015625,0.0005414485931396484,3,False
1784694906.514225,control2,77f3845005,MOSEK,soc,False,42,7,0,20,-0.1815692429601623,379.6116906631594,0.026102066040039062,0.0,9,False
1784694906.51633,control2,77f3845005,MOSEK,soc,False,42,7,1,10,-19.647076473174472,379.6116906631594,0.026102066040039062,0.0,3,False
1784694906.5580757,control2,77f3845005,MOSEK,soc,False,42,8,0,20,-0.17529294669822404,367.88837980216096,0.036773681640625,0.0,10,False
1784694906.5609317,control2,77f3845005,MOSEK,soc,False,42,8,1,10,-11.969934844462589,367.88837980216096,0.036773681640625,0.0,3,False
1784694906.5998375,control2,77f3845005,MOSEK,soc,False,42,9,0,20,-0.13704848400429914,360.9695747409317,0.034952640533447266,0.0,9,False
1784694906.6028361,control2,77f3845005,MOSEK,soc,False,42,9,1,10,-17.862137528125196,360.9695747409317,0.034952640533447266,0.0,4,False
1784694906.6555815,control2,77f3845005,MOSEK,soc,False,42,10,0,20,-0.13719765407879486,355.5786491802016,0.04824399948120117,0.0,9,False
1784694906.6580975,control2,77f3845005,MOSEK,soc,False,42,10,1,10,-11.749032551070725,355.5786491802016,0.04824399948120117,0.0,3,False
1784694906.6957347,control2,77f3845005,MOSEK,soc,False,42,11,0,20,-0.14630893974264542,349.1286386589735,0.03363299369812012,0.0,9,False
1784694906.6992543,control2,77f3845005,MOSEK,soc,False,42,11,1,10,-12.681304544760275,349.1286386589735,0.03363299369812012,0.0010051727294921875,3,False
1784694906.7510567,control2,77f3845005,MOSEK,soc,False,42,12,0,20,-0.13307682352478328,344.15038956421904,0.047742366790771484,0.0,10,False
1784694906.75406,control2,77f3845005,MOSEK,soc,False,42,12,1,10,-11.98657125242002,344.15038956421904,0.047742366790771484,0.0,3,False
1784694906.793866,control2,77f3845005,MOSEK,soc,False,42,13,0,20,-0.10687950394359967,337.8954199750152,0.03578615188598633,0.0,10,False
1784694906.7968514,control2,77f3845005,MOSEK,soc,False,42,13,1,10,-7.849102338405696,337.8954199750152,0.03578615188598633,0.0,3,False
1784694906.856924,control2,77f3845005,MOSEK,soc,False,42,14,0,20,-0.11383467642985318,333.71367560899637,0.0560460090637207,0.0,9,False
1784694906.8604467,control2,77f3845005,MOSEK,soc,False,42,14,1,10,-6.7254906771471425,333.71367560899637,0.0560460090637207,0.0,4,False
1784694906.897734,control2,77f3845005,MOSEK,soc,False,42,15,0,20,-0.08894848338900471,328.6012170405981,0.03328871726989746,0.0010001659393310547,9,False
1784694906.900738,control2,77f3845005,MOSEK,soc,False,42,15,1,10,-5.1628741274515555,328.6012170405981,0.03328871726989746,0.0,3,False
1784694906.9485815,control2,77f3845005,MOSEK,soc,False,42,16,0,20,-0.0966523386553782,322.4006357683181,0.04368925094604492,0.0,9,False
1784694906.9522276,control2,77f3845005,MOSEK,soc,False,42,16,1,10,-6.764743362093575,322.4006357683181,0.04368925094604492,0.0,3,False
1784694907.0023057,control2,77f3845005,MOSEK,soc,False,42,17,0,20,-0.08676764250798602,316.7860011049545,0.04556393623352051,0.001007080078125,10,False
1784694907.0063303,control2,77f3845005,MOSEK,soc,False,42,17,1,10,-6.604762172292696,316.7860011049545,0.04556393623352051,0.0,4,False
1784694907.0534332,control2,77f3845005,MOSEK,soc,False,42,18,0,20,-0.09504731355126048,314.093859399369,0.04314136505126953,0.0009999275207519531,10,False
1784694907.0564342,control2,77f3845005,MOSEK,soc,False,42,18,1,10,-6.307713208845325,314.093859399369,0.04314136505126953,0.0,3,False
1784694907.1032124,control2,77f3845005,MOSEK,soc,False,42,19,0,20,-0.09352439128179271,310.0646551610829,0.042217254638671875,0.0,9,False
1784694907.106169,control2,77f3845005,MOSEK,soc,False,42,19,1,10,-9.001876537685972,310.0646551610829,0.042217254638671875,0.0,4,False
1784694907.1561096,control2,77f3845005,MOSEK,soc,False,42,20,0,20,-0.07416171103825876,306.741096805553,0.044966936111450195,0.0,10,False
1784694907.1586232,control2,77f3845005,MOSEK,soc,False,42,20,1,10,-5.081054701500434,306.741096805553,0.044966936111450195,0.0,4,False
1784694907.2308233,control2,77f3845005,MOSEK,soc,False,42,21,0,20,-0.08635269315866662,301.6045418816942,0.06667590141296387,0.0,9,False
1784694907.2348213,control2,77f3845005,MOSEK,soc,False,42,21,1,10,-5.476356158045539,301.6045418816942,0.06667590141296387,0.0,3,False
1784694907.281506,control2,77f3845005,MOSEK,soc,False,42,22,0,20,-0.07874686310431382,298.8409889491561,0.041141510009765625,0.0009963512420654297,9,False
1784694907.2845783,control2,77f3845005,MOSEK,soc,False,42,22,1,10,-4.222993501368027,298.8409889491561,0.041141510009765625,0.0,3,False
1784694907.3442059,control2,77f3845005,MOSEK,soc,False,42,23,0,20,-0.09995983621607166,293.67781147574897,0.055042266845703125,0.0009996891021728516,9,False
1784694907.3461893,control2,77f3845005,MOSEK,soc,False,42,23,1,10,-6.544900238853831,293.67781147574897,0.055042266845703125,0.0009853839874267578,3,False
1784694907.4400554,control2,77f3845005,MOSEK,soc,False,42,24,0,20,-0.0688811801612924,290.3143276456457,0.08984756469726562,0.0010013580322265625,9,False
1784694907.4445958,control2,77f3845005,MOSEK,soc,False,42,24,1,10,-4.1271612113978104,290.3143276456457,0.08984756469726562,0.0,3,False
1784694907.5055373,control2,77f3845005,MOSEK,soc,False,42,25,0,20,-0.08476738188858453,286.0906429411798,0.0563814640045166,0.0005390644073486328,9,False
1784694907.5085852,control2,77f3845005,MOSEK,soc,False,42,25,1,10,-6.496401481223763,286.0906429411798,0.0563814640045166,0.0,4,False
1784694907.5955355,control2,77f3845005,MOSEK,soc,False,42,26,0,20,-0.0913781644964384,282.09295997503295,0.08126330375671387,0.0,9,False
1784694907.5985098,control2,77f3845005,MOSEK,soc,False,42,26,1,10,-2.5587830834677363,282.09295997503295,0.08126330375671387,0.0,3,False
1784694907.669796,control2,77f3845005,MOSEK,soc,False,42,27,0,20,-0.057969759364383325,277.29413176767343,0.0672760009765625,0.0,10,False
1784694907.6738033,control2,77f3845005,MOSEK,soc,False,42,27,1,10,-3.514707589240227,277.29413176767343,0.0672760009765625,0.0,3,False
1784694907.745033,control2,77f3845005,MOSEK,soc,False,42,28,0,20,-0.05878688853046352,273.72248883456723,0.06618881225585938,0.0,9,False
1784694907.7490318,control2,77f3845005,MOSEK,soc,False,42,28,1,10,-2.6245329051048323,273.72248883456723,0.06618881225585938,0.0,3,False
1784694907.828245,control2,77f3845005,MOSEK,soc,False,42,29,0,20,-0.04811848705573455,271.45116062560857,0.07321333885192871,0.0009996891021728516,9,False
1784694907.8319323,control2,77f3845005,MOSEK,soc,False,42,29,1,10,-3.7904976887990243,271.45116062560857,0.07321333885192871,0.0005354881286621094,3,False
1784694907.9025438,control2,77f3845005,MOSEK,soc,False,42,30,0,20,-0.04983024207524295,268.40973182390695,0.06563758850097656,0.0009791851043701172,9,False
1784694907.9055436,control2,77f3845005,MOSEK,soc,False,42,30,1,10,-3.1906467653358748,268.40973182390695,0.06563758850097656,0.0010004043579101562,3,False
1784694907.9916036,control2,77f3845005,MOSEK,soc,False,42,31,0,20,-0.051526947838199645,264.76621066235157,0.08103203773498535,0.0,9,False
1784694907.9955978,control2,77f3845005,MOSEK,soc,False,42,31,1,10,-4.281387151526624,264.76621066235157,0.08103203773498535,0.0,4,False
1784694908.068311,control2,77f3845005,MOSEK,soc,False,42,32,0,20,-0.03774344281130647,263.61376233587623,0.0686943531036377,0.0,9,False
1784694908.0714443,control2,77f3845005,MOSEK,soc,False,42,32,1,10,-2.3522263069921294,263.61376233587623,0.0686943531036377,0.0,4,False
1784694908.1366813,control2,77f3845005,MOSEK,soc,False,42,33,0,20,-0.04738224353570175,261.30310270611557,0.06119489669799805,0.0010023117065429688,9,False
1784694908.1406846,control2,77f3845005,MOSEK,soc,False,42,33,1,10,-2.667400475593028,261.30310270611557,0.06119489669799805,0.0,3,False
1784694908.2162294,control2,77f3845005,MOSEK,soc,False,42,34,0,20,-0.044952302360070695,257.89862692767343,0.07003617286682129,0.0,10,False
1784694908.2202413,control2,77f3845005,MOSEK,soc,False,42,34,1,10,-2.837733032662304,257.89862692767343,0.07003617286682129,0.0,3,False
1784694908.3007083,control2,77f3845005,MOSEK,soc,False,42,35,0,20,-0.04358471198804219,256.3233510921575,0.07547140121459961,0.0,9,False
1784694908.3047152,control2,77f3845005,MOSEK,soc,False,42,35,1,10,-1.5088561160341845,256.3233510921575,0.07547140121459961,0.0,3,False
1784694908.3735197,control2,77f3845005,MOSEK,soc,False,42,36,0,20,-0.041577253186256866,254.49301257877164,0.06414365768432617,0.0,9,False
1784694908.378228,control2,77f3845005,MOSEK,soc,False,42,36,1,10,-2.569470864573187,254.49301257877164,0.06414365768432617,0.0,3,False
1784694908.455791,control2,77f3845005,MOSEK,soc,False,42,37,0,20,-0.04178663519405656,252.79253355861076,0.07210755348205566,0.0,8,False
1784694908.4593194,control2,77f3845005,MOSEK,soc,False,42,37,1,10,-1.520234572589174,252.79253355861076,0.07210755348205566,0.0,3,False
1784694908.5473542,control2,77f3845005,MOSEK,soc,False,42,38,0,20,-0.039222064706257005,250.86523761620685,0.08152604103088379,0.0,9,False
1784694908.551357,control2,77f3845005,MOSEK,soc,False,42,38,1,10,-3.5969784464884738,250.86523761620685,0.08152604103088379,0.001004934310913086,4,False
1784694908.6341963,control2,77f3845005,MOSEK,soc,False,42,39,0,20,-0.04973075830614926,248.58547650405205,0.0777895450592041,0.0,8,False
1784694908.6386642,control2,77f3845005,MOSEK,soc,False,42,39,1,10,-2.441139857810297,248.58547650405205,0.0777895450592041,0.0,4,False
1784694908.713599,control2,77f3845005,MOSEK,soc,False,42,40,0,20,-0.030296193551993346,246.65220141035576,0.06892108917236328,0.0,10,False
1784694908.717323,control2,77f3845005,MOSEK,soc,False,42,40,1,10,-1.5686958639999895,246.65220141035576,0.06892108917236328,0.0,3,False
1784694908.8046699,control2,77f3845005,MOSEK,soc,False,42,41,0,20,-0.0322647290779176,244.61631954997182,0.08031725883483887,0.0,8,False
1784694908.8081713,control2,77f3845005,MOSEK,soc,False,42,41,1,10,-2.6638146254599233,244.61631954997182,0.08031725883483887,0.0,4,False
1784694908.937514,control2,77f3845005,MOSEK,soc,False,42,42,0,20,-0.03034881784665512,243.0453318779983,0.12333559989929199,0.0,9,False
1784694908.9415188,control2,77f3845005,MOSEK,soc,False,42,42,1,10,-1.6865153285172259,243.0453318779983,0.12333559989929199,0.0010013580322265625,4,False
1784694909.035558,control2,77f3845005,MOSEK,soc,False,42,43,0,20,-0.03420844423687179,240.86665473592524,0.0885002613067627,0.0,9,False
1784694909.0395594,control2,77f3845005,MOSEK,soc,False,42,43,1,10,-1.0041589414695244,240.86665473592524,0.0885002613067627,0.0,4,False
1784694909.1356843,control2,77f3845005,MOSEK,soc,False,42,44,0,20,-0.029792889412065374,239.38110553385283,0.09012913703918457,0.0,9,False
1784694909.1398017,control2,77f3845005,MOSEK,soc,False,42,44,1,10,-1.7734773424261623,239.38110553385283,0.09012913703918457,0.0,4,False
1784694909.225739,control2,77f3845005,MOSEK,soc,False,42,45,0,20,-0.022070373922963054,237.97919871177703,0.07791471481323242,0.0,8,False
1784694909.2292533,control2,77f3845005,MOSEK,soc,False,42,45,1,10,-1.0524425505611024,237.97919871177703,0.07791471481323242,0.0,4,False
1784694909.3251936,control2,77f3845005,MOSEK,soc,False,42,46,0,20,-0.022140713551096033,236.8582744292276,0.09042644500732422,0.0,9,False
1784694909.3282754,control2,77f3845005,MOSEK,soc,False,42,46,1,10,-2.385397414807736,236.8582744292276,0.09042644500732422,0.0015106201171875,3,False
1784694909.4258835,control2,77f3845005,MOSEK,soc,False,42,47,0,20,-0.030393904591843192,233.89281752405208,0.0915992259979248,0.0,9,False
1784694909.4298835,control2,77f3845005,MOSEK,soc,False,42,47,1,10,-3.393859462582136,233.89281752405208,0.0915992259979248,0.0010001659393310547,4,False
1784694909.5265028,control2,77f3845005,MOSEK,soc,False,42,48,0,20,-0.02209581759907843,232.76130479491337,0.09109020233154297,0.0,9,False
1784694909.5311995,control2,77f3845005,MOSEK,soc,False,42,48,1,10,-2.4709142235177426,232.76130479491337,0.09109020233154297,0.0,4,False
1784694909.6306605,control2,77f3845005,MOSEK,soc,False,42,49,0,20,-0.031754936325327984,231.52932429246178,0.09394574165344238,0.0010008811950683594,10,False
1784694909.6336946,control2,77f3845005,MOSEK,soc,False,42,49,1,10,-1.612584514908131,231.52932429246178,0.09394574165344238,0.0,4,False
1784694909.7658565,control2,77f3845005,MOSEK,soc,False,42,50,0,20,-0.032472858360308714,230.01801928420605,0.12719297409057617,0.0,8,False
1784694909.7697453,control2,77f3845005,MOSEK,soc,False,42,50,1,10,-1.4834408785019606,230.01801928420605,0.12719297409057617,0.0010056495666503906,4,False
1784694909.87745,control2,77f3845005,MOSEK,soc,False,42,51,0,20,-0.024734011616370614,228.73609968127602,0.10170364379882812,0.0,9,False
1784694909.8814278,control2,77f3845005,MOSEK,soc,False,42,51,1,10,-1.219803325189448,228.73609968127602,0.10170364379882812,0.0,4,False
1784694910.022255,control2,77f3845005,MOSEK,soc,False,42,52,0,20,-0.02667173690680104,228.11770707231852,0.12805652618408203,0.0009992122650146484,9,False
1784694910.027254,control2,77f3845005,MOSEK,soc,False,42,52,1,10,-1.2311784225057256,228.11770707231852,0.12805652618408203,0.0,3,False
1784694910.151881,control2,77f3845005,MOSEK,soc,False,42,53,0,20,-0.021021930550160738,227.3218437377042,0.11862826347351074,0.0009982585906982422,9,False
1784694910.155882,control2,77f3845005,MOSEK,soc,False,42,53,1,10,-0.7217039989486111,227.3218437377042,0.11862826347351074,0.0,4,False
1784694910.2705142,control2,77f3845005,MOSEK,soc,False,42,54,0,20,-0.02218808731326581,226.48516796594328,0.10762834548950195,0.0,9,False
1784694910.274513,control2,77f3845005,MOSEK,soc,False,42,54,1,10,-2.0770254201740985,226.48516796594328,0.10762834548950195,0.0,4,False
1784694910.4150994,control2,77f3845005,MOSEK,soc,False,42,55,0,20,-0.025924489985425563,225.1095935363036,0.13414978981018066,0.0,8,False
1784694910.4201052,control2,77f3845005,MOSEK,soc,False,42,55,1,10,-0.9785409739976613,225.1095935363036,0.13414978981018066,0.0009675025939941406,4,False
1784694910.525401,control2,77f3845005,MOSEK,soc,False,42,56,0,20,-0.020969584489776743,223.9567678793708,0.09929227828979492,0.0,9,False
1784694910.5274057,control2,77f3845005,MOSEK,soc,False,42,56,1,10,-1.2170560291760473,223.9567678793708,0.09929227828979492,0.0,4,False
1784694910.6294305,control2,77f3845005,MOSEK,soc,False,42,57,0,20,-0.025090816476588736,222.64023094593344,0.0970306396484375,0.0009763240814208984,9,False
1784694910.6334496,control2,77f3845005,MOSEK,soc,False,42,57,1,10,-1.1128709770727265,222.64023094593344,0.0970306396484375,0.0009834766387939453,4,False
1784694910.7529418,control2,77f3845005,MOSEK,soc,False,42,58,0,20,-0.022129617833583633,221.31456027453413,0.11449408531188965,0.0010001659393310547,9,False
1784694910.7600677,control2,77f3845005,MOSEK,soc,False,42,58,1,10,-1.2784001246347347,221.31456027453413,0.11449408531188965,0.0009996891021728516,4,False
1784694910.870731,control2,77f3845005,MOSEK,soc,False,42,59,0,20,-0.024778917207638595,220.0375877596394,0.10440254211425781,0.0,9,False
1784694910.874741,control2,77f3845005,MOSEK,soc,False,42,59,1,10,-1.483154428133101,220.0375877596394,0.10440254211425781,0.0,3,False
1784694911.0005798,control2,77f3845005,MOSEK,soc,False,42,60,0,20,-0.022852478224820134,219.11420418183764,0.11840224266052246,0.0,9,False
1784694911.0050995,control2,77f3845005,MOSEK,soc,False,42,60,1,10,-0.9976555771773379,219.11420418183764,0.11840224266052246,0.0,4,False
1784694911.1164777,control2,77f3845005,MOSEK,soc,False,42,61,0,20,-0.01848529642114766,218.5150127061901,0.10534858703613281,0.0,9,False
1784694911.1184459,control2,77f3845005,MOSEK,soc,False,42,61,1,10,-0.8039189380058072,218.5150127061901,0.10534858703613281,0.0,3,False
1784694911.252929,control2,77f3845005,MOSEK,soc,False,42,62,0,20,-0.019480008301317027,217.80550927909562,0.12829995155334473,0.0005207061767578125,9,False
1784694911.2588189,control2,77f3845005,MOSEK,soc,False,42,62,1,10,-0.5932607657284038,217.80550927909562,0.12829995155334473,0.0,3,False
1784694911.388139,control2,77f3845005,MOSEK,soc,False,42,63,0,20,-0.015166175628697104,217.1992784771652,0.12345576286315918,0.0,8,False
1784694911.3921628,control2,77f3845005,MOSEK,soc,False,42,63,1,10,-0.6361941401602709,217.1992784771652,0.12345576286315918,0.0,4,False
1784694911.5053651,control2,77f3845005,MOSEK,soc,False,42,64,0,20,-0.01678084035238773,216.53369207418743,0.10822772979736328,0.0,8,False
1784694911.5088768,control2,77f3845005,MOSEK,soc,False,42,64,1,10,-0.8775861596255218,216.53369207418743,0.10822772979736328,0.001004934310913086,2,False
1784694911.6233895,control2,77f3845005,MOSEK,soc,False,42,65,0,20,-0.020884751325949635,216.03950937049586,0.10998821258544922,0.0,8,False
1784694911.627374,control2,77f3845005,MOSEK,soc,False,42,65,1,10,-0.8489485467178011,216.03950937049586,0.10998821258544922,0.0,4,False
1784694911.769934,control2,77f3845005,MOSEK,soc,False,42,66,0,20,-0.028441187704743364,214.72282696737375,0.13704752922058105,0.0,8,False
1784694911.7740374,control2,77f3845005,MOSEK,soc,False,42,66,1,10,-0.5625381005095675,214.72282696737375,0.13704752922058105,0.0,4,False
1784694911.9105093,control2,77f3845005,MOSEK,soc,False,42,67,0,20,-0.02167461721002424,213.98688621405262,0.13109302520751953,0.0,8,False
1784694911.9146857,control2,77f3845005,MOSEK,soc,False,42,67,1,10,-0.7466048953051561,213.98688621405262,0.13109302520751953,0.00051116943359375,4,False
1784694912.0485103,control2,77f3845005,MOSEK,soc,False,42,68,0,20,-0.017877637793104497,213.08546885830765,0.12823843955993652,0.0,8,False
1784694912.0524945,control2,77f3845005,MOSEK,soc,False,42,68,1,10,-0.574483680768411,213.08546885830765,0.12823843955993652,0.0,4,False
1784694912.2086105,control2,77f3845005,MOSEK,soc,False,42,69,0,20,-0.020368376476005007,212.58014703773773,0.14606237411499023,0.0,8,False
1784694912.2138503,control2,77f3845005,MOSEK,soc,False,42,69,1,10,-0.6642516848691036,212.58014703773773,0.14606237411499023,0.0,4,False
1784694912.3689654,control2,77f3845005,MOSEK,soc,False,42,70,0,20,-0.02039800851559572,211.6335247158693,0.14850902557373047,0.0,8,False
1784694912.3735013,control2,77f3845005,MOSEK,soc,False,42,70,1,10,-0.4180246486032259,211.6335247158693,0.14850902557373047,0.0,3,False
1784694912.5090497,control2,77f3845005,MOSEK,soc,False,42,71,0,20,-0.017672416550232186,210.63158173471635,0.12806224822998047,0.0,9,False
1784694912.514047,control2,77f3845005,MOSEK,soc,False,42,71,1,10,-1.1148524275250506,210.63158173471635,0.12806224822998047,0.0009963512420654297,4,False
1784694912.656947,control2,77f3845005,MOSEK,soc,False,42,72,0,20,-0.024905513066344687,209.80360154127516,0.13689756393432617,0.001016855239868164,9,False
1784694912.661181,control2,77f3845005,MOSEK,soc,False,42,72,1,10,-0.614754719989407,209.80360154127516,0.13689756393432617,0.0,3,False
1784694912.7983558,control2,77f3845005,MOSEK,soc,False,42,73,0,20,-0.02215217784574885,209.18433657999253,0.1311655044555664,0.0,8,False
1784694912.8028665,control2,77f3845005,MOSEK,soc,False,42,73,1,10,-0.8299871669451666,209.18433657999253,0.1311655044555664,0.0,4,False
1784694912.9560502,control2,77f3845005,MOSEK,soc,False,42,74,0,20,-0.019536898803563078,208.7382585523238,0.14668750762939453,0.0009980201721191406,8,False
1784694912.9595602,control2,77f3845005,MOSEK,soc,False,42,74,1,10,-0.6758198619860734,208.7382585523238,0.14668750762939453,0.0,3,False
1784694913.1064663,control2,77f3845005,MOSEK,soc,False,42,75,0,20,-0.016643628144494698,207.67883190948533,0.14089250564575195,0.0,8,False
1784694913.1095898,control2,77f3845005,MOSEK,soc,False,42,75,1,10,-0.8562010257970961,207.67883190948533,0.14089250564575195,0.0,3,False
1784694913.2517116,control2,77f3845005,MOSEK,soc,False,42,76,0,20,-0.01580117700057142,207.16870115250515,0.13602304458618164,0.0,8,False
1784694913.254719,control2,77f3845005,MOSEK,soc,False,42,76,1,10,-0.5722771856200239,207.16870115250515,0.13602304458618164,0.0,4,False
1784694913.403628,control2,77f3845005,MOSEK,soc,False,42,77,0,20,-0.015537699646482052,206.6184259897001,0.1433863639831543,0.0,8,False
1784694913.4082303,control2,77f3845005,MOSEK,soc,False,42,77,1,10,-0.584771890856955,206.6184259897001,0.1433863639831543,0.0,4,False
1784694913.5857985,control2,77f3845005,MOSEK,soc,False,42,78,0,20,-0.013197865222188727,205.96397255672792,0.16904973983764648,0.0,9,False
1784694913.5903454,control2,77f3845005,MOSEK,soc,False,42,78,1,10,-0.7195616261404374,205.96397255672792,0.16904973983764648,0.0,4,False
1784694913.761556,control2,77f3845005,MOSEK,soc,False,42,79,0,20,-0.018081178543544834,205.24604084715924,0.16420555114746094,0.0,8,False
1784694913.7660158,control2,77f3845005,MOSEK,soc,False,42,79,1,10,-0.9584309856034628,205.24604084715924,0.16420555114746094,0.0,4,False
1784694913.9172113,control2,77f3845005,MOSEK,soc,False,42,80,0,20,-0.015316734010713508,204.89915764793312,0.14409136772155762,0.0,8,False
1784694913.9201121,control2,77f3845005,MOSEK,soc,False,42,80,1,10,-0.490035774969917,204.89915764793312,0.14409136772155762,0.0009019374847412109,3,False
1784694914.0622647,control2,77f3845005,MOSEK,soc,False,42,81,0,20,-0.016678677547142976,204.06680746966452,0.13504719734191895,0.0,9,False
1784694914.0648599,control2,77f3845005,MOSEK,soc,False,42,81,1,10,-0.2886864417355825,204.06680746966452,0.13504719734191895,0.0,4,False
1784694914.2394495,control2,77f3845005,MOSEK,soc,False,42,82,0,20,-0.020004384855429085,203.66635641706011,0.16855931282043457,0.0010318756103515625,9,False
1784694914.2444394,control2,77f3845005,MOSEK,soc,False,42,82,1,10,-0.3208609220221419,203.66635641706011,0.16855931282043457,0.0,4,False
1784694914.4137118,control2,77f3845005,MOSEK,soc,False,42,83,0,20,-0.01215528093981206,203.20778797636893,0.1631605625152588,0.0010242462158203125,8,False
1784694914.418725,control2,77f3845005,MOSEK,soc,False,42,83,1,10,-0.525937181058079,203.20778797636893,0.1631605625152588,0.0008792877197265625,4,False
1784694914.5877292,control2,77f3845005,MOSEK,soc,False,42,84,0,20,-0.015123884759637218,202.6614661275329,0.1627953052520752,0.0,9,False
1784694914.5917618,control2,77f3845005,MOSEK,soc,False,42,84,1,10,-0.4100017007274564,202.6614661275329,0.1627953052520752,0.0,4,False
1784694914.7669525,control2,77f3845005,MOSEK,soc,False,42,85,0,20,-0.014411996592825833,202.35705357807856,0.16761279106140137,0.0,9,False
1784694914.7705047,control2,77f3845005,MOSEK,soc,False,42,85,1,10,-0.5020406212027044,202.35705357807856,0.16761279106140137,0.0,4,False
1784694914.9249928,control2,77f3845005,MOSEK,soc,False,42,86,0,20,-0.013728332571771272,201.94127417674002,0.1474757194519043,0.0,8,False
1784694914.9299572,control2,77f3845005,MOSEK,soc,False,42,86,1,10,-0.6103849063234309,201.94127417674002,0.1474757194519043,0.0005071163177490234,3,False
1784694915.0932915,control2,77f3845005,MOSEK,soc,False,42,87,0,20,-0.018599358885475495,201.55720702166153,0.15832853317260742,0.0,8,False
1784694915.0982065,control2,77f3845005,MOSEK,soc,False,42,87,1,10,-0.359380172285022,201.55720702166153,0.15832853317260742,0.0,4,False
1784694915.2729335,control2,77f3845005,MOSEK,soc,False,42,88,0,20,-0.014062449081007001,201.12059685724347,0.1671755313873291,0.0,9,False
1784694915.2766762,control2,77f3845005,MOSEK,soc,False,42,88,1,10,-0.8169892458361103,201.12059685724347,0.1671755313873291,0.0,4,False
1784694915.4455945,control2,77f3845005,MOSEK,soc,False,42,89,0,20,-0.014427013389711798,200.33397869789104,0.16148614883422852,0.0005180835723876953,8,False
1784694915.4510984,control2,77f3845005,MOSEK,soc,False,42,89,1,10,-0.5822677212794358,200.33397869789104,0.16148614883422852,0.0,4,False
1784694915.6138444,control2,77f3845005,MOSEK,soc,False,42,90,0,20,-0.013312434514392062,199.95635352991272,0.15467572212219238,0.0,8,False
1784694915.6178446,control2,77f3845005,MOSEK,soc,False,42,90,1,10,-0.8978275398597853,199.95635352991272,0.15467572212219238,0.0,3,False
1784694915.7952564,control2,77f3845005,MOSEK,soc,False,42,91,0,20,-0.014351784657011734,199.63162000831187,0.17017626762390137,0.0,9,False
1784694915.7992897,control2,77f3845005,MOSEK,soc,False,42,91,1,10,-0.5635491045587111,199.63162000831187,0.17017626762390137,0.0,4,False
1784694915.971831,control2,77f3845005,MOSEK,soc,False,42,92,0,20,-0.011007664993011177,199.0560053153016,0.16756749153137207,0.0,8,False
1784694915.9748144,control2,77f3845005,MOSEK,soc,False,42,92,1,10,-0.24394601304420094,199.0560053153016,0.16756749153137207,0.0,4,False
1784694916.1396255,control2,77f3845005,MOSEK,soc,False,42,93,0,20,-0.01185415494253536,198.80824711488535,0.15879130363464355,0.0,9,False
1784694916.1424131,control2,77f3845005,MOSEK,soc,False,42,93,1,10,-0.3605408652920212,198.80824711488535,0.15879130363464355,0.0005052089691162109,4,False
1784694916.317837,control2,77f3845005,MOSEK,soc,False,42,94,0,20,-0.01620335241465604,198.45253150448588,0.16942381858825684,0.0,8,False
1784694916.321838,control2,77f3845005,MOSEK,soc,False,42,94,1,10,-0.3956776830798078,198.45253150448588,0.16942381858825684,0.0010018348693847656,4,False
1784694916.4937198,control2,77f3845005,MOSEK,soc,False,42,95,0,20,-0.012199136418024708,197.9077597425801,0.16587138175964355,0.0,8,False
1784694916.4977207,control2,77f3845005,MOSEK,soc,False,42,95,1,10,-0.6959591764609546,197.9077597425801,0.16587138175964355,0.0,4,False
1784694916.693542,control2,77f3845005,MOSEK,soc,False,42,96,0,20,-0.010831412990548094,197.69173527376887,0.18930411338806152,0.0,7,False
1784694916.6985426,control2,77f3845005,MOSEK,soc,False,42,96,1,10,-0.6005426132267291,197.69173527376887,0.18930411338806152,0.0,4,False
1784694916.9109652,control2,77f3845005,MOSEK,soc,False,42,97,0,20,-0.009795766884148344,197.44663361243835,0.20592808723449707,0.0,8,False
1784694916.9159646,control2,77f3845005,MOSEK,soc,False,42,97,1,10,-0.6140401587080517,197.44663361243835,0.20592808723449707,0.0,4,False
1784694917.13911,control2,77f3845005,MOSEK,soc,False,42,98,0,20,-0.017104750544833215,196.96890184227647,0.21313905715942383,0.0,8,False
1784694917.1432824,control2,77f3845005,MOSEK,soc,False,42,98,1,10,-0.328644649076048,196.96890184227647,0.21313905715942383,0.0,4,False
1784694917.3326175,control2,77f3845005,MOSEK,soc,False,42,99,0,20,-0.012155740370476602,196.32310654817218,0.18377971649169922,0.0,8,False
1784694917.3366184,control2,77f3845005,MOSEK,soc,False,42,99,1,10,-0.7752410764262618,196.32310654817218,0.18377971649169922,0.0,4,False
1784694917.5159178,control2,77f3845005,MOSEK,soc,False,42,100,0,20,-0.013519691621821131,195.93760817474666,0.17280220985412598,0.0,9,False
1784694917.5209188,control2,77f3845005,MOSEK,soc,False,42,100,1,10,-0.5627046922651221,195.93760817474666,0.17280220985412598,0.0,4,False
1784694917.7146544,control2,77f3845005,MOSEK,soc,False,42,101,0,20,-0.012986054108401993,195.45435994260964,0.18899822235107422,0.0,8,False
1784694917.7176685,control2,77f3845005,MOSEK,soc,False,42,101,1,10,-0.203014134045456,195.45435994260964,0.18899822235107422,0.0009829998016357422,4,False
1784694917.8808124,control2,77f3845005,MOSEK,soc,False,42,102,0,20,-0.013129818343152697,194.79940502746624,0.15660452842712402,0.0,9,False
1784694917.884811,control2,77f3845005,MOSEK,soc,False,42,102,1,10,-0.6521545480109583,194.79940502746624,0.15660452842712402,0.0,4,False
1784694918.0887625,control2,77f3845005,MOSEK,soc,False,42,103,0,20,-0.016586229369473713,193.7503532935757,0.19687390327453613,0.0,8,False
1784694918.0927625,control2,77f3845005,MOSEK,soc,False,42,103,1,10,-0.6594817037550488,193.7503532935757,0.19687390327453613,0.0,4,False
1784694918.2781372,control2,77f3845005,MOSEK,soc,False,42,104,0,20,-0.012262720299351345,193.04008088212933,0.17886996269226074,0.0,8,False
1784694918.2829053,control2,77f3845005,MOSEK,soc,False,42,104,1,10,-0.4821194122130951,193.04008088212933,0.17886996269226074,0.0,4,False
1784694918.475439,control2,77f3845005,MOSEK,soc,False,42,105,0,20,-0.01060770458353649,192.76408149297777,0.18548893928527832,0.0,8,False
1784694918.479425,control2,77f3845005,MOSEK,soc,False,42,105,1,10,-0.8298632213769855,192.76408149297777,0.18548893928527832,0.0,3,False
1784694918.6645489,control2,77f3845005,MOSEK,soc,False,42,106,0,20,-0.00796219468701128,192.26974435330513,0.1791214942932129,0.0,8,False
1784694918.6694028,control2,77f3845005,MOSEK,soc,False,42,106,1,10,-0.2584895499037271,192.26974435330513,0.1791214942932129,0.0010056495666503906,4,False
1784694918.887706,control2,77f3845005,MOSEK,soc,False,42,107,0,20,-0.010171256742315164,191.83059266393926,0.21127939224243164,0.0,9,False
1784694918.8916895,control2,77f3845005,MOSEK,soc,False,42,107,1,10,-0.19656951788730956,191.83059266393926,0.21127939224243164,0.0,4,False
1784694919.127965,control2,77f3845005,MOSEK,soc,False,42,108,0,20,-0.009679382287692445,191.63878457245272,0.22927570343017578,0.0,8,False
1784694919.131965,control2,77f3845005,MOSEK,soc,False,42,108,1,10,-0.18560306048825714,191.63878457245272,0.22927570343017578,0.0,4,False
1784694919.3202982,control2,77f3845005,MOSEK,soc,False,42,109,0,20,-0.008717213311755274,191.5128764851009,0.18033742904663086,0.0,8,False
1784694919.323808,control2,77f3845005,MOSEK,soc,False,42,109,1,10,-0.26634682174088853,191.5128764851009,0.18033742904663086,0.0,4,False
1784694919.5421872,control2,77f3845005,MOSEK,soc,False,42,110,0,20,-0.009001483202080994,191.23470909539182,0.21086668968200684,0.0,8,False
1784694919.5451882,control2,77f3845005,MOSEK,soc,False,42,110,1,10,-0.2738597671371448,191.23470909539182,0.21086668968200684,0.0,4,False
1784694919.7569158,control2,77f3845005,MOSEK,soc,False,42,111,0,20,-0.008115348523616254,190.96577581738075,0.20420551300048828,0.001001596450805664,8,False
1784694919.7614298,control2,77f3845005,MOSEK,soc,False,42,111,1,10,-0.3068624416724251,190.96577581738075,0.20420551300048828,0.0,4,False
1784694919.973264,control2,77f3845005,MOSEK,soc,False,42,112,0,20,-0.00976777213898085,190.5197181876252,0.20383143424987793,0.0010006427764892578,8,False
1784694919.9772658,control2,77f3845005,MOSEK,soc,False,42,112,1,10,-0.20516159454517519,190.5197181876252,0.20383143424987793,0.0010030269622802734,4,False
1784694920.2065072,control2,77f3845005,MOSEK,soc,False,42,113,0,20,-0.010561820208922865,190.3721752414794,0.2221205234527588,0.0010175704956054688,8,False
1784694920.211221,control2,77f3845005,MOSEK,soc,False,42,113,1,10,-0.20464579953228004,190.3721752414794,0.2221205234527588,0.0,4,False
1784694920.419891,control2,77f3845005,MOSEK,soc,False,42,114,0,20,-0.007584377383785449,189.6889677832811,0.20203733444213867,0.0,8,False
1784694920.4248924,control2,77f3845005,MOSEK,soc,False,42,114,1,10,-0.19687489834768543,189.6889677832811,0.20203733444213867,0.0,4,False
1784694920.6442497,control2,77f3845005,MOSEK,soc,False,42,115,0,20,-0.010763529687986552,189.3109139988111,0.21234965324401855,0.0010025501251220703,8,False
1784694920.6482487,control2,77f3845005,MOSEK,soc,False,42,115,1,10,-0.26799009575643934,189.3109139988111,0.21234965324401855,0.0010004043579101562,4,False
1784694920.904477,control2,77f3845005,MOSEK,soc,False,42,116,0,20,-0.010370454611443938,188.86001148306872,0.24868249893188477,0.0,8,False
1784694920.9084759,control2,77f3845005,MOSEK,soc,False,42,116,1,10,-0.19906479401606136,188.86001148306872,0.24868249893188477,0.0,3,False
1784694921.1530142,control2,77f3845005,MOSEK,soc,False,42,117,0,20,-0.012146127775690145,188.63878580588784,0.2325305938720703,0.001001596450805664,8,False
1784694921.1565363,control2,77f3845005,MOSEK,soc,False,42,117,1,10,-0.2649788890547835,188.63878580588784,0.2325305938720703,0.0,4,False
1784694921.3961928,control2,77f3845005,MOSEK,soc,False,42,118,0,20,-0.008375305908694255,188.42232967664557,0.23250675201416016,0.0010030269622802734,7,False
1784694921.4010837,control2,77f3845005,MOSEK,soc,False,42,118,1,10,-0.19045795935766352,188.42232967664557,0.23250675201416016,0.0010018348693847656,4,False
1784694921.5905757,control2,77f3845005,MOSEK,soc,False,42,119,0,20,-0.007852417485465595,188.21897549980665,0.18196916580200195,0.0,8,False
1784694921.59458,control2,77f3845005,MOSEK,soc,False,42,119,1,10,-0.16105076660996903,188.21897549980665,0.18196916580200195,0.0,4,False
1784694921.812906,control2,77f3845005,MOSEK,soc,False,42,120,0,20,-0.00841593967094404,187.51618157256019,0.21017837524414062,0.0,9,False
1784694921.81691,control2,77f3845005,MOSEK,soc,False,42,120,1,10,-0.44139348426316977,187.51618157256019,0.21017837524414062,0.0,4,False
1784694922.0567546,control2,77f3845005,MOSEK,soc,False,42,121,0,20,-0.013278549151493787,185.7859929020703,0.23284649848937988,0.001001119613647461,8,False
1784694922.0602877,control2,77f3845005,MOSEK,soc,False,42,121,1,10,-0.3763007106427181,185.7859929020703,0.23284649848937988,0.0,4,False
1784694922.2891603,control2,77f3845005,MOSEK,soc,False,42,122,0,20,-0.010819527330099112,185.23610516171556,0.22287249565124512,0.0,8,False
1784694922.2935326,control2,77f3845005,MOSEK,soc,False,42,122,1,10,-0.3046268892582631,185.23610516171556,0.22287249565124512,0.0,4,False
1784694922.520667,control2,77f3845005,MOSEK,soc,False,42,123,0,20,-0.011047202694998958,184.65375861026843,0.22014737129211426,0.0,8,False
1784694922.5256677,control2,77f3845005,MOSEK,soc,False,42,123,1,10,-0.3051281807648573,184.65375861026843,0.22014737129211426,0.0,5,False
1784694922.7741506,control2,77f3845005,MOSEK,soc,False,42,124,0,20,-0.007756562431067097,183.91223101813546,0.24222779273986816,0.0,8,False
1784694922.7781577,control2,77f3845005,MOSEK,soc,False,42,124,1,10,-0.1313348950779276,183.91223101813546,0.24222779273986816,0.0,3,False
1784694923.0848594,control2,77f3845005,MOSEK,soc,False,42,125,0,20,-0.009641978665497358,183.53916803601572,0.29969310760498047,0.0010113716125488281,8,False
1784694923.089859,control2,77f3845005,MOSEK,soc,False,42,125,1,10,-0.4760253303192346,183.53916803601572,0.29969310760498047,0.0010001659393310547,4,False
1784694923.3739815,control2,77f3845005,MOSEK,soc,False,42,126,0,20,-0.007552633217711703,183.33372996509127,0.2761259078979492,0.0,8,False
1784694923.3784983,control2,77f3845005,MOSEK,soc,False,42,126,1,10,-0.2322483565988625,183.33372996509127,0.2761259078979492,0.0,4,False
1784694923.6705735,control2,77f3845005,MOSEK,soc,False,42,127,0,20,-0.008399072932230455,183.1238550693217,0.28305578231811523,0.0,8,False
1784694923.674584,control2,77f3845005,MOSEK,soc,False,42,127,1,10,-0.13278589852143977,183.1238550693217,0.28305578231811523,0.0,3,False
1784694923.9200497,control2,77f3845005,MOSEK,soc,False,42,128,0,20,-0.012407929977509028,182.55023835382357,0.23798036575317383,0.0009832382202148438,8,False
1784694923.9242365,control2,77f3845005,MOSEK,soc,False,42,128,1,10,-0.17048404867648898,182.55023835382357,0.23798036575317383,0.0010249614715576172,4,False
1784694924.1968813,control2,77f3845005,MOSEK,soc,False,42,129,0,20,-0.008832733664263449,182.05324678159,0.26513075828552246,0.0,8,False
1784694924.1998832,control2,77f3845005,MOSEK,soc,False,42,129,1,10,-0.13462495437255417,182.05324678159,0.26513075828552246,0.0,3,False
1784694924.4670396,control2,77f3845005,MOSEK,soc,False,42,130,0,20,-0.010148584329256076,181.64906445930143,0.2581498622894287,0.0,9,False
1784694924.4705844,control2,77f3845005,MOSEK,soc,False,42,130,1,10,-0.13772212829830158,181.64906445930143,0.2581498622894287,0.0,3,False
1784694924.7193198,control2,77f3845005,MOSEK,soc,False,42,131,0,20,-0.011990626009959333,181.10767661671215,0.2427361011505127,0.0010006427764892578,8,False
1784694924.7233512,control2,77f3845005,MOSEK,soc,False,42,131,1,10,-0.4117221196545088,181.10767661671215,0.2427361011505127,0.0,4,False
1784694924.9630995,control2,77f3845005,MOSEK,soc,False,42,132,0,20,-0.010822864400754282,180.75236415473358,0.23473191261291504,0.0,8,False
1784694924.9671009,control2,77f3845005,MOSEK,soc,False,42,132,1,10,-0.2652789357601878,180.75236415473358,0.23473191261291504,0.0,4,False
1784694925.2764733,control2,77f3845005,MOSEK,soc,False,42,133,0,20,-0.009774479127547255,180.5032824182256,0.3007621765136719,0.0005552768707275391,8,False
1784694925.280464,control2,77f3845005,MOSEK,soc,False,42,133,1,10,-0.14118050813445177,180.5032824182256,0.3007621765136719,0.0,4,False
1784694925.644955,control2,77f3845005,MOSEK,soc,False,42,134,0,20,-0.007175103273466337,180.13652142239653,0.34630513191223145,0.0006401538848876953,8,False
1784694925.65027,control2,77f3845005,MOSEK,soc,False,42,134,1,10,-0.3230383952841331,180.13652142239653,0.34630513191223145,0.0,4,False
1784694925.9354997,control2,77f3845005,MOSEK,soc,False,42,135,0,20,-0.010801072698246064,179.68722421418363,0.27694177627563477,0.0,8,False
1784694925.9406176,control2,77f3845005,MOSEK,soc,False,42,135,1,10,-0.22476318882446814,179.68722421418363,0.27694177627563477,0.0,4,False
1784694926.2094824,control2,77f3845005,MOSEK,soc,False,42,136,0,20,-0.008016520952495432,179.3578917432583,0.2582242488861084,0.0,9,False
1784694926.2140343,control2,77f3845005,MOSEK,soc,False,42,136,1,10,-0.1345495919554688,179.3578917432583,0.2582242488861084,0.0010080337524414062,3,False
1784694926.4690409,control2,77f3845005,MOSEK,soc,False,42,137,0,20,-0.006842303744237621,179.1358362248929,0.24642658233642578,0.0,8,False
1784694926.4723954,control2,77f3845005,MOSEK,soc,False,42,137,1,10,-0.15041520796559837,179.1358362248929,0.24642658233642578,0.0005135536193847656,4,False
1784694926.7479072,control2,77f3845005,MOSEK,soc,False,42,138,0,20,-0.008284621322218784,178.63141293516696,0.2669188976287842,0.0010149478912353516,8,False
1784694926.7525892,control2,77f3845005,MOSEK,soc,False,42,138,1,10,-0.16491641147085548,178.63141293516696,0.2669188976287842,0.0010111331939697266,3,False
1784694927.0543938,control2,77f3845005,MOSEK,soc,False,42,139,0,20,-0.01317126757876116,178.33046123468927,0.29228854179382324,0.0,8,False
1784694927.0563927,control2,77f3845005,MOSEK,soc,False,42,139,1,10,-0.10062549291139954,178.33046123468927,0.29228854179382324,0.0,3,False
1784694927.3408077,control2,77f3845005,MOSEK,soc,False,42,140,0,20,-0.007481583612311586,178.1059198613516,0.2761685848236084,0.0,8,False
1784694927.3450708,control2,77f3845005,MOSEK,soc,False,42,140,1,10,-0.10392399058068659,178.1059198613516,0.2761685848236084,0.0,4,False
1784694927.606201,control2,77f3845005,MOSEK,soc,False,42,141,0,20,-0.007294559426482228,177.90579925481856,0.25460362434387207,0.0,8,False
1784694927.6107025,control2,77f3845005,MOSEK,soc,False,42,141,1,10,-0.10072267472986483,177.90579925481856,0.25460362434387207,0.0,3,False
1784694927.9173293,control2,77f3845005,MOSEK,soc,False,42,142,0,20,-0.007282753724635613,177.67797799365286,0.29853153228759766,0.0009987354278564453,8,False
1784694927.9213266,control2,77f3845005,MOSEK,soc,False,42,142,1,10,-0.20048967347260374,177.67797799365286,0.29853153228759766,0.0,4,False
1784694928.2013912,control2,77f3845005,MOSEK,soc,False,42,143,0,20,-0.008417812826103549,177.3671837231597,0.2715933322906494,0.0005090236663818359,8,False
1784694928.205392,control2,77f3845005,MOSEK,soc,False,42,143,1,10,-0.16970095272261942,177.3671837231597,0.2715933322906494,0.0010004043579101562,3,False
1784694928.4989157,control2,77f3845005,MOSEK,soc,False,42,144,0,20,-0.007006936959895011,177.24525534981353,0.2775864601135254,0.0,8,False
1784694928.5028768,control2,77f3845005,MOSEK,soc,False,42,144,1,10,-0.14656220076933502,177.24525534981353,0.2775864601135254,0.0009999275207519531,3,False
1784694928.7770283,control2,77f3845005,MOSEK,soc,False,42,145,0,20,-0.007953990693896892,176.77409501670985,0.26813435554504395,0.0,8,False
1784694928.7810128,control2,77f3845005,MOSEK,soc,False,42,145,1,10,-0.22717951542650422,176.77409501670985,0.26813435554504395,0.0,3,False
1784694929.0411625,control2,77f3845005,MOSEK,soc,False,42,146,0,20,-0.0071073892657542775,176.53855624683774,0.25208139419555664,0.0,8,False
1784694929.0453053,control2,77f3845005,MOSEK,soc,False,42,146,1,10,-0.325024538297081,176.53855624683774,0.25208139419555664,0.0,4,False
1784694929.3205485,control2,77f3845005,MOSEK,soc,False,42,147,0,20,-0.010634105696162372,176.25778535035062,0.2652277946472168,0.0010151863098144531,8,False
1784694929.3243415,control2,77f3845005,MOSEK,soc,False,42,147,1,10,-0.2763623602254035,176.25778535035062,0.2652277946472168,0.0,3,False
1784694929.6770198,control2,77f3845005,MOSEK,soc,False,42,148,0,20,-0.006816939352003007,176.05731215767787,0.3446815013885498,0.0,7,False
1784694929.6821258,control2,77f3845005,MOSEK,soc,False,42,148,1,10,-0.2103639472544174,176.05731215767787,0.3446815013885498,0.0,4,False
1784694929.9742885,control2,77f3845005,MOSEK,soc,False,42,149,0,20,-0.0053348946591486495,175.8106782918835,0.28013134002685547,0.0,7,False
1784694929.9780812,control2,77f3845005,MOSEK,soc,False,42,149,1,10,-0.1182981968190288,175.8106782918835,0.28013134002685547,0.0,3,False
1784694930.2826567,control2,77f3845005,MOSEK,soc,False,42,150,0,20,-0.007323832169463306,175.4001405782169,0.2975766658782959,0.0,8,False
1784694930.2866545,control2,77f3845005,MOSEK,soc,False,42,150,1,10,-0.45511461839661516,175.4001405782169,0.2975766658782959,0.0,4,False
1784694930.6018987,control2,77f3845005,MOSEK,soc,False,42,151,0,20,-0.008678282245253483,175.16983972959918,0.3082249164581299,0.0010156631469726562,9,False
1784694930.6059027,control2,77f3845005,MOSEK,soc,False,42,151,1,10,-0.17886585996120677,175.16983972959918,0.3082249164581299,0.0,4,False
1784694930.8832138,control2,77f3845005,MOSEK,soc,False,42,152,0,20,-0.008748168080085938,175.00432219269862,0.2673177719116211,0.0,8,False
1784694930.888263,control2,77f3845005,MOSEK,soc,False,42,152,1,10,-0.09429101540293774,175.00432219269862,0.2673177719116211,0.0,4,False
1784694931.1767094,control2,77f3845005,MOSEK,soc,False,42,153,0,20,-0.007873174429037061,174.7355851008876,0.2817111015319824,0.0,9,False
1784694931.180715,control2,77f3845005,MOSEK,soc,False,42,153,1,10,-0.3820650535567535,174.7355851008876,0.2817111015319824,0.0,3,False
1784694931.4688995,control2,77f3845005,MOSEK,soc,False,42,154,0,20,-0.006796004111628725,174.3775212663263,0.2801220417022705,0.0,9,False
1784694931.4729042,control2,77f3845005,MOSEK,soc,False,42,154,1,10,-0.21166997205006222,174.3775212663263,0.2801220417022705,0.0009834766387939453,4,False
1784694931.7849023,control2,77f3845005,MOSEK,soc,False,42,155,0,20,-0.00835669669172659,174.14515053024968,0.3039679527282715,0.0,8,False
1784694931.7899048,control2,77f3845005,MOSEK,soc,False,42,155,1,10,-0.13479154505172583,174.14515053024968,0.3039679527282715,0.0,4,False
1784694932.1211488,control2,77f3845005,MOSEK,soc,False,42,156,0,20,-0.010102728257586863,173.83671079180374,0.3225283622741699,0.0009987354278564453,8,False
1784694932.1251504,control2,77f3845005,MOSEK,soc,False,42,156,1,10,-0.1255314246219763,173.83671079180374,0.3225283622741699,0.0,4,False
1784694932.4599,control2,77f3845005,MOSEK,soc,False,42,157,0,20,-0.01017659612920293,173.59153043021942,0.3246920108795166,0.0009889602661132812,9,False
1784694932.4644156,control2,77f3845005,MOSEK,soc,False,42,157,1,10,-0.23414176147323087,173.59153043021942,0.3246920108795166,0.0,4,False
1784694932.7720716,control2,77f3845005,MOSEK,soc,False,42,158,0,20,-0.008262061326879552,173.26075526204772,0.2981281280517578,0.0,9,False
1784694932.7755742,control2,77f3845005,MOSEK,soc,False,42,158,1,10,-0.3513611643605658,173.26075526204772,0.2981281280517578,0.0,4,False
1784694933.0913126,control2,77f3845005,MOSEK,soc,False,42,159,0,20,-0.0062778398631192405,172.8878587680411,0.30770373344421387,0.001008749008178711,8,False
1784694933.0958319,control2,77f3845005,MOSEK,soc,False,42,159,1,10,-0.22301707706039708,172.8878587680411,0.30770373344421387,0.0015091896057128906,4,False
1784694933.4376876,control2,77f3845005,MOSEK,soc,False,42,160,0,20,-0.008084577379650858,172.68431901111808,0.3338582515716553,0.0010006427764892578,8,False
1784694933.4427998,control2,77f3845005,MOSEK,soc,False,42,160,1,10,-0.20966462768236838,172.68431901111808,0.3338582515716553,0.0,4,False
1784694933.7769678,control2,77f3845005,MOSEK,soc,False,42,161,0,20,-0.007801810948710989,172.44354289819927,0.32406044006347656,0.001523733139038086,8,False
1784694933.7790434,control2,77f3845005,MOSEK,soc,False,42,161,1,10,-0.10267007266327202,172.44354289819927,0.32406044006347656,0.0,4,False
1784694934.0777297,control2,77f3845005,MOSEK,soc,False,42,162,0,20,-0.005942156410391647,172.27414396085626,0.2916886806488037,0.0,8,False
1784694934.0817177,control2,77f3845005,MOSEK,soc,False,42,162,1,10,-0.19511081360803506,172.27414396085626,0.2916886806488037,0.0,4,False
1784694934.4031897,control2,77f3845005,MOSEK,soc,False,42,163,0,20,-0.006264184325060056,172.11672037550625,0.3134920597076416,0.0,8,False
1784694934.407189,control2,77f3845005,MOSEK,soc,False,42,163,1,10,-0.14538789411731134,172.11672037550625,0.3134920597076416,0.0,4,False
1784694934.7204602,control2,77f3845005,MOSEK,soc,False,42,164,0,20,-0.004386714712489932,171.90671647018104,0.305767297744751,0.0,7,False
1784694934.7244604,control2,77f3845005,MOSEK,soc,False,42,164,1,10,-0.24863440400388848,171.90671647018104,0.305767297744751,0.0009834766387939453,3,False
1784694935.071201,control2,77f3845005,MOSEK,soc,False,42,165,0,20,-0.004633937580520325,171.7235190582085,0.33886027336120605,0.0,7,False
1784694935.0733042,control2,77f3845005,MOSEK,soc,False,42,165,1,10,-0.15168378099645302,171.7235190582085,0.33886027336120605,0.0,4,False
1784694935.3974953,control2,77f3845005,MOSEK,soc,False,42,166,0,20,-0.004835490294935555,171.55179595379423,0.3171515464782715,0.0,7,False
1784694935.4015036,control2,77f3845005,MOSEK,soc,False,42,166,1,10,-0.17816667787455273,171.55179595379423,0.3171515464782715,0.0,3,False
1784694935.7642295,control2,77f3845005,MOSEK,soc,False,42,167,0,20,-0.00477479856553938,171.3203372461473,0.35566043853759766,0.0010747909545898438,8,False
1784694935.7677336,control2,77f3845005,MOSEK,soc,False,42,167,1,10,-0.13310709182537867,171.3203372461473,0.35566043853759766,0.0,3,False
1784694936.1273193,control2,77f3845005,MOSEK,soc,False,42,168,0,20,-0.004781707523598721,171.1572032271361,0.35095739364624023,0.0005307197570800781,8,False
1784694936.1313052,control2,77f3845005,MOSEK,soc,False,42,168,1,10,-0.14938604098294925,171.1572032271361,0.35095739364624023,0.0,3,False
1784694936.4887424,control2,77f3845005,MOSEK,soc,False,42,169,0,20,-0.006228687742016839,171.03799038451592,0.34912967681884766,0.0,8,False
1784694936.4928515,control2,77f3845005,MOSEK,soc,False,42,169,1,10,-0.1124481453053357,171.03799038451592,0.34912967681884766,0.0009386539459228516,4,False
1784694936.8227181,control2,77f3845005,MOSEK,soc,False,42,170,0,20,-0.005063845181888357,170.75229172905165,0.3211209774017334,0.0,8,False
1784694936.827714,control2,77f3845005,MOSEK,soc,False,42,170,1,10,-0.10434234434338042,170.75229172905165,0.3211209774017334,0.0,4,False
1784694937.1459262,control2,77f3845005,MOSEK,soc,False,42,171,0,20,-0.003887912887429596,170.6165571305183,0.31022071838378906,0.0,8,False
1784694937.149478,control2,77f3845005,MOSEK,soc,False,42,171,1,10,-0.06895600779258353,170.6165571305183,0.31022071838378906,0.0,3,False
1784694937.4595637,control2,77f3845005,MOSEK,soc,False,42,172,0,20,-0.010466145882764991,169.69475138134257,0.30251049995422363,0.0010190010070800781,8,False
1784694937.4635658,control2,77f3845005,MOSEK,soc,False,42,172,1,10,-0.07961692777670336,169.69475138134257,0.30251049995422363,0.0,3,False
1784694937.7763793,control2,77f3845005,MOSEK,soc,False,42,173,0,20,-0.008604428983933748,169.45160282935092,0.30374574661254883,0.0,9,False
1784694937.7804124,control2,77f3845005,MOSEK,soc,False,42,173,1,10,-0.17945301929218938,169.45160282935092,0.30374574661254883,0.0009763240814208984,3,False
1784694938.136965,control2,77f3845005,MOSEK,soc,False,42,174,0,20,-0.014567049787790247,168.10810422182766,0.3480210304260254,0.0,8,False
1784694938.1409667,control2,77f3845005,MOSEK,soc,False,42,174,1,10,-0.09938426723791945,168.10810422182766,0.3480210304260254,0.0,5,False
1784694938.4748082,control2,77f3845005,MOSEK,soc,False,42,175,0,20,-0.007235727431572083,167.9336815292921,0.32526493072509766,0.00099945068359375,7,False
1784694938.4799323,control2,77f3845005,MOSEK,soc,False,42,175,1,10,-0.1309568328054374,167.9336815292921,0.32526493072509766,0.0,4,False
1784694938.8302474,control2,77f3845005,MOSEK,soc,False,42,176,0,20,-0.00805488774042477,167.63772048502193,0.34213805198669434,0.0010821819305419922,8,False
1784694938.8342779,control2,77f3845005,MOSEK,soc,False,42,176,1,10,-0.1306595791063637,167.63772048502193,0.34213805198669434,0.001001119613647461,4,False
1784694939.185074,control2,77f3845005,MOSEK,soc,False,42,177,0,20,-0.007971738180708936,167.21867112836878,0.3422267436981201,0.0,8,False
1784694939.1880744,control2,77f3845005,MOSEK,soc,False,42,177,1,10,-0.12511419880337488,167.21867112836878,0.3422267436981201,0.0,4,False
1784694939.5265386,control2,77f3845005,MOSEK,soc,False,42,178,0,20,-0.006738314262989664,166.68100503274113,0.3274824619293213,0.0,8,False
1784694939.53047,control2,77f3845005,MOSEK,soc,False,42,178,1,10,-0.09803338838035146,166.68100503274113,0.3274824619293213,0.0005156993865966797,4,False
1784694939.8678744,control2,77f3845005,MOSEK,soc,False,42,179,0,20,-0.006088290392720714,166.36381928706234,0.33040356636047363,0.0,8,False
1784694939.8716981,control2,77f3845005,MOSEK,soc,False,42,179,1,10,-0.0678269313305538,166.36381928706234,0.33040356636047363,0.0010142326354980469,4,False
1784694940.2157621,control2,77f3845005,MOSEK,soc,False,42,180,0,20,-0.007344875031374437,166.1610719741502,0.3353149890899658,0.0010323524475097656,9,False
1784694940.2197628,control2,77f3845005,MOSEK,soc,False,42,180,1,10,-0.08655865681294964,166.1610719741502,0.3353149890899658,0.0009849071502685547,4,False
1784694940.5759351,control2,77f3845005,MOSEK,soc,False,42,181,0,20,-0.005465299586201504,165.96030453156447,0.34687066078186035,0.0,8,False
1784694940.5789492,control2,77f3845005,MOSEK,soc,False,42,181,1,10,-0.0808762224095284,165.96030453156447,0.34687066078186035,0.0,4,False
1784694940.9221249,control2,77f3845005,MOSEK,soc,False,42,182,0,20,-0.008720639788759109,165.7669032407236,0.334667444229126,0.0,8,False
1784694940.9261234,control2,77f3845005,MOSEK,soc,False,42,182,1,10,-0.06428854484058047,165.7669032407236,0.334667444229126,0.0,4,False
1784694941.2395225,control2,77f3845005,MOSEK,soc,False,42,183,0,20,-0.007120806933694261,165.62444299052163,0.3046901226043701,0.0,8,False
1784694941.2432141,control2,77f3845005,MOSEK,soc,False,42,183,1,10,-0.10122210019359236,165.62444299052163,0.3046901226043701,0.0,4,False
1784694941.5836532,control2,77f3845005,MOSEK,soc,False,42,184,0,20,-0.00564042542299062,165.40155032261674,0.3325614929199219,0.0006272792816162109,7,False
1784694941.58766,control2,77f3845005,MOSEK,soc,False,42,184,1,10,-0.09714203512588716,165.40155032261674,0.3325614929199219,0.0,4,False
1784694941.9868243,control2,77f3845005,MOSEK,soc,False,42,185,0,20,-0.005108315255745346,165.05658604522495,0.3911106586456299,0.0,8,False
1784694941.9914439,control2,77f3845005,MOSEK,soc,False,42,185,1,10,-0.14050376753619478,165.05658604522495,0.3911106586456299,0.0,4,False
1784694942.3282058,control2,77f3845005,MOSEK,soc,False,42,186,0,20,-0.004974122555411139,164.88507402536055,0.3289213180541992,0.0005042552947998047,7,False
1784694942.333305,control2,77f3845005,MOSEK,soc,False,42,186,1,10,-0.03812787497978874,164.88507402536055,0.3289213180541992,0.0,4,False
1784694942.6718419,control2,77f3845005,MOSEK,soc,False,42,187,0,20,-0.004807416502259668,164.7697100644747,0.32954978942871094,0.0,7,False
1784694942.6751292,control2,77f3845005,MOSEK,soc,False,42,187,1,10,-0.11623749093132439,164.7697100644747,0.32954978942871094,0.0,4,False
1784694943.0322833,control2,77f3845005,MOSEK,soc,False,42,188,0,20,-0.004471252116956854,164.6912994385974,0.3491630554199219,0.0009920597076416016,7,False
1784694943.0362883,control2,77f3845005,MOSEK,soc,False,42,188,1,10,-0.10728395511755594,164.6912994385974,0.3491630554199219,0.0,4,False
1784694943.4082146,control2,77f3845005,MOSEK,soc,False,42,189,0,20,-0.006002693872673876,164.3096026233478,0.3648393154144287,0.0009829998016357422,7,False
1784694943.4116375,control2,77f3845005,MOSEK,soc,False,42,189,1,10,-0.13645527562543433,164.3096026233478,0.3648393154144287,0.0,3,False
1784694943.7623713,control2,77f3845005,MOSEK,soc,False,42,190,0,20,-0.0078746966426536,164.1426830159683,0.34055113792419434,0.0010235309600830078,8,False
1784694943.7670608,control2,77f3845005,MOSEK,soc,False,42,190,1,10,-0.13100183065954465,164.1426830159683,0.34055113792419434,0.0,4,False
1784694944.1648448,control2,77f3845005,MOSEK,soc,False,42,191,0,20,-0.006310118704490607,163.96947107399956,0.38831162452697754,0.0,7,False
1784694944.1676238,control2,77f3845005,MOSEK,soc,False,42,191,1,10,-0.07180720700531572,163.96947107399956,0.38831162452697754,0.0,3,False
1784694944.5214286,control2,77f3845005,MOSEK,soc,False,42,192,0,20,-0.0073730366689149516,163.65574294517626,0.34500956535339355,0.0,8,False
1784694944.5261087,control2,77f3845005,MOSEK,soc,False,42,192,1,10,-0.10593066842240552,163.65574294517626,0.34500956535339355,0.0015082359313964844,4,False
1784694944.881677,control2,77f3845005,MOSEK,soc,False,42,193,0,20,-0.005896327812189396,163.40765073143234,0.34696531295776367,0.0,7,False
1784694944.8866627,control2,77f3845005,MOSEK,soc,False,42,193,1,10,-0.11076940688258353,163.40765073143234,0.34696531295776367,0.0009851455688476562,3,False
1784694945.2608662,control2,77f3845005,MOSEK,soc,False,42,194,0,20,-0.0081375521080731,163.0696416371461,0.363361120223999,0.0,7,False
1784694945.2638645,control2,77f3845005,MOSEK,soc,False,42,194,1,10,-0.18561559776074799,163.0696416371461,0.363361120223999,0.0,4,False
1784694945.6297028,control2,77f3845005,MOSEK,soc,False,42,195,0,20,-0.0094173326233622,162.63337693357067,0.3556210994720459,0.0,7,False
1784694945.6337152,control2,77f3845005,MOSEK,soc,False,42,195,1,10,-0.15249687928886782,162.63337693357067,0.3556210994720459,0.0,4,False
1784694945.9897554,control2,77f3845005,MOSEK,soc,False,42,196,0,20,-0.011959909064499303,162.28671047418413,0.3480198383331299,0.0,7,False
1784694945.991761,control2,77f3845005,MOSEK,soc,False,42,196,1,10,-0.20052497662362403,162.28671047418413,0.3480198383331299,0.0,3,False
1784694946.405704,control2,77f3845005,MOSEK,soc,False,42,197,0,20,-0.00821132585014582,162.04104215811623,0.40457987785339355,0.0009891986846923828,8,False
1784694946.4092703,control2,77f3845005,MOSEK,soc,False,42,197,1,10,-0.14651178728628356,162.04104215811623,0.40457987785339355,0.0,4,False
1784694946.7634635,control2,77f3845005,MOSEK,soc,False,42,198,0,20,-0.007233686419226335,161.77883331458497,0.3458375930786133,0.0,8,False
1784694946.7664478,control2,77f3845005,MOSEK,soc,False,42,198,1,10,-0.11427991630936365,161.77883331458497,0.3458375930786133,0.0,4,False
1784694947.1583967,control2,77f3845005,MOSEK,soc,False,42,199,0,20,-0.004532870367460935,161.6448616978392,0.3821384906768799,0.0,8,False
1784694947.1635635,control2,77f3845005,MOSEK,soc,False,42,199,1,10,-0.08506334332696729,161.6448616978392,0.3821384906768799,0.0010044574737548828,4,False
1784694947.5334752,control2,77f3845005,MOSEK,soc,False,42,200,0,20,-0.006121196441688634,161.2801378991653,0.3612508773803711,0.0,8,False
1784694947.5377245,control2,77f3845005,MOSEK,soc,False,42,200,1,10,-0.09651728692221066,161.2801378991653,0.3612508773803711,0.0010221004486083984,3,False
1784694947.8985298,control2,77f3845005,MOSEK,soc,False,42,201,0,20,-0.008295299076848603,161.0724437078929,0.35179734230041504,0.0,7,False
1784694947.9035325,control2,77f3845005,MOSEK,soc,False,42,201,1,10,-0.10231588006842093,161.0724437078929,0.35179734230041504,0.0,4,False
1784694948.2581697,control2,77f3845005,MOSEK,soc,False,42,202,0,20,-0.007699329349721162,160.80940173738773,0.34612154960632324,0.001001596450805664,8,False
1784694948.2623284,control2,77f3845005,MOSEK,soc,False,42,202,1,10,-0.11837837196808922,160.80940173738773,0.34612154960632324,0.0010166168212890625,3,False
1784694948.6115193,control2,77f3845005,MOSEK,soc,False,42,203,0,20,-0.007724929067397921,160.49451285635274,0.3416774272918701,0.0,8,False
1784694948.6159275,control2,77f3845005,MOSEK,soc,False,42,203,1,10,-0.1296831407375659,160.49451285635274,0.3416774272918701,0.0,4,False
1784694949.0003786,control2,77f3845005,MOSEK,soc,False,42,204,0,20,-0.007798821177390468,160.23626869609484,0.37470102310180664,0.0,8,False
1784694949.0043774,control2,77f3845005,MOSEK,soc,False,42,204,1,10,-0.07193916635814837,160.23626869609484,0.37470102310180664,0.0,3,False
1784694949.402669,control2,77f3845005,MOSEK,soc,False,42,205,0,20,-0.004093718953607112,160.1174955522753,0.3864305019378662,0.0010035037994384766,9,False
1784694949.4066904,control2,77f3845005,MOSEK,soc,False,42,205,1,10,-0.056846779839356924,160.1174955522753,0.3864305019378662,0.0009751319885253906,4,False
1784694949.7797468,control2,77f3845005,MOSEK,soc,False,42,206,0,20,-0.009315122442614112,158.93311485449135,0.3680567741394043,0.0,7,False
1784694949.783748,control2,77f3845005,MOSEK,soc,False,42,206,1,10,-0.23837968774111193,158.93311485449135,0.3680567741394043,0.0,4,False
1784694950.1425898,control2,77f3845005,MOSEK,soc,False,42,207,0,20,-0.006657919997769882,158.54277595477964,0.3498563766479492,0.0,8,False
1784694950.1456022,control2,77f3845005,MOSEK,soc,False,42,207,1,10,-0.15623576857465188,158.54277595477964,0.3498563766479492,0.0,4,False
1784694950.5259619,control2,77f3845005,MOSEK,soc,False,42,208,0,20,-0.004124124457099715,158.22538176002087,0.37112975120544434,0.0,7,False
1784694950.527963,control2,77f3845005,MOSEK,soc,False,42,208,1,10,-0.12427574625798363,158.22538176002087,0.37112975120544434,0.0,4,False
1784694950.9150496,control2,77f3845005,MOSEK,soc,False,42,209,0,20,-0.005376261540810759,157.91640611586263,0.3779258728027344,0.0015115737915039062,8,False
1784694950.919046,control2,77f3845005,MOSEK,soc,False,42,209,1,10,-0.09647416503561593,157.91640611586263,0.3779258728027344,0.0,3,False
1784694951.295237,control2,77f3845005,MOSEK,soc,False,42,210,0,20,-0.003581708821039485,157.75801195962472,0.36718177795410156,0.0,7,False
1784694951.3005688,control2,77f3845005,MOSEK,soc,False,42,210,1,10,-0.11138748800590192,157.75801195962472,0.36718177795410156,0.0,4,False
1784694951.6860425,control2,77f3845005,MOSEK,soc,False,42,211,0,20,-0.006622708143661854,157.3285759329763,0.3774747848510742,0.0,8,False
1784694951.689597,control2,77f3845005,MOSEK,soc,False,42,211,1,10,-0.1538831684958393,157.3285759329763,0.3774747848510742,0.0,4,False
1784694952.1109874,control2,77f3845005,MOSEK,soc,False,42,212,0,20,-0.0053256720734594105,157.05091533131753,0.4060373306274414,0.0009996891021728516,8,False
1784694952.1160057,control2,77f3845005,MOSEK,soc,False,42,212,1,10,-0.08379191608431995,157.05091533131753,0.4060373306274414,0.0010025501251220703,4,False
1784694952.5224745,control2,77f3845005,MOSEK,soc,False,42,213,0,20,-0.00586254561030784,156.80059360703365,0.39821624755859375,0.0,7,False
1784694952.5264714,control2,77f3845005,MOSEK,soc,False,42,213,1,10,-0.1249280026629507,156.80059360703365,0.39821624755859375,0.0,4,False
1784694952.942994,control2,77f3845005,MOSEK,soc,False,42,214,0,20,-0.003337641723484493,156.629226507943,0.4046313762664795,0.0010001659393310547,7,False
1784694952.9471076,control2,77f3845005,MOSEK,soc,False,42,214,1,10,-0.07333337097920953,156.629226507943,0.4046313762664795,0.0005435943603515625,3,False
1784694953.3873308,control2,77f3845005,MOSEK,soc,False,42,215,0,20,-0.004914077461530367,156.30196672557588,0.43065786361694336,0.0010006427764892578,7,False
1784694953.390884,control2,77f3845005,MOSEK,soc,False,42,215,1,10,-0.09221172456568451,156.30196672557588,0.43065786361694336,0.0,3,False
1784694953.783031,control2,77f3845005,MOSEK,soc,False,42,216,0,20,-0.004010803305523633,156.15983781832486,0.3819756507873535,0.0,7,False
1784694953.787437,control2,77f3845005,MOSEK,soc,False,42,216,1,10,-0.09998335875915657,156.15983781832486,0.3819756507873535,0.0005776882171630859,4,False
1784694954.176417,control2,77f3845005,MOSEK,soc,False,42,217,0,20,-0.0031060979125683875,155.96441680186692,0.3792152404785156,0.0,7,False
1784694954.1794145,control2,77f3845005,MOSEK,soc,False,42,217,1,10,-0.07085990489937666,155.96441680186692,0.3792152404785156,0.0,4,False
1784694954.6341105,control2,77f3845005,MOSEK,soc,False,42,218,0,20,-0.00423570304991573,155.69468034525022,0.4412262439727783,0.0,7,False
1784694954.6361184,control2,77f3845005,MOSEK,soc,False,42,218,1,10,-0.09093468529667023,155.69468034525022,0.4412262439727783,0.0,4,False
1784694955.0457416,control2,77f3845005,MOSEK,soc,False,42,219,0,20,-0.004108902703931695,155.47351033507937,0.3984489440917969,0.0,8,False
1784694955.0487442,control2,77f3845005,MOSEK,soc,False,42,219,1,10,-0.06033155773265819,155.47351033507937,0.3984489440917969,0.0,3,False
1784694955.4658678,control2,77f3845005,MOSEK,soc,False,42,220,0,20,-0.004749334621908375,155.09520001726014,0.406604528427124,0.001001119613647461,7,False
1784694955.4698691,control2,77f3845005,MOSEK,soc,False,42,220,1,10,-0.06925408231783338,155.09520001726014,0.406604528427124,0.0,4,False
1784694955.8894732,control2,77f3845005,MOSEK,soc,False,42,221,0,20,-0.003923882075800709,155.0162866103625,0.40435314178466797,0.0,7,False
1784694955.8917434,control2,77f3845005,MOSEK,soc,False,42,221,1,10,-0.09635578756678741,155.0162866103625,0.40435314178466797,0.0006093978881835938,4,False
1784694956.29662,control2,77f3845005,MOSEK,soc,False,42,222,0,20,-0.004052457263495655,154.86081669097968,0.39764881134033203,0.0,7,False
1784694956.3018122,control2,77f3845005,MOSEK,soc,False,42,222,1,10,-0.07934026628112398,154.86081669097968,0.39764881134033203,0.0005028247833251953,3,False
1784694956.7314456,control2,77f3845005,MOSEK,soc,False,42,223,0,20,-0.0067949763348465805,154.68332045937169,0.41939210891723633,0.0,8,False
1784694956.7334464,control2,77f3845005,MOSEK,soc,False,42,223,1,10,-0.03917468487746791,154.68332045937169,0.41939210891723633,0.0,4,False
1784694957.1353738,control2,77f3845005,MOSEK,soc,False,42,224,0,20,-0.00623006183061571,154.42251692482034,0.3903501033782959,0.0,8,False
1784694957.139754,control2,77f3845005,MOSEK,soc,False,42,224,1,10,-0.04270744093849991,154.42251692482034,0.3903501033782959,0.0005197525024414062,4,False
1784694957.517412,control2,77f3845005,MOSEK,soc,False,42,225,0,20,-0.005443283747845921,154.25418363197275,0.36705493927001953,0.0,8,False
1784694957.5216098,control2,77f3845005,MOSEK,soc,False,42,225,1,10,-0.0528163463156382,154.25418363197275,0.36705493927001953,0.0,3,False
1784694957.9195356,control2,77f3845005,MOSEK,soc,False,42,226,0,20,-0.004742682691657341,154.07972304162354,0.38692760467529297,0.0,7,False
1784694957.9238343,control2,77f3845005,MOSEK,soc,False,42,226,1,10,-0.0783610622935789,154.07972304162354,0.38692760467529297,0.0,4,False
1784694958.338858,control2,77f3845005,MOSEK,soc,False,42,227,0,20,-0.0043479694350743265,153.86770939466953,0.4044196605682373,0.0010008811950683594,8,False
1784694958.3438818,control2,77f3845005,MOSEK,soc,False,42,227,1,10,-0.05890348811598059,153.86770939466953,0.4044196605682373,0.0,4,False
1784694958.7619054,control2,77f3845005,MOSEK,soc,False,42,228,0,20,-0.003628175983179625,153.82616391561942,0.40616416931152344,0.0005035400390625,7,False
1784694958.7665162,control2,77f3845005,MOSEK,soc,False,42,228,1,10,-0.03035651313907562,153.82616391561942,0.40616416931152344,0.0,5,False
1784694959.1945245,control2,77f3845005,MOSEK,soc,False,42,229,0,20,-0.0037764551545577613,153.74866011891447,0.4181783199310303,0.0010001659393310547,7,False
1784694959.2000494,control2,77f3845005,MOSEK,soc,False,42,229,1,10,-0.044827834900433225,153.74866011891447,0.4181783199310303,0.0,5,False
1784694959.5956998,control2,77f3845005,MOSEK,soc,False,42,230,0,20,-0.004500535100337717,153.46026962908928,0.38465213775634766,0.0010001659393310547,8,False
1784694959.5999818,control2,77f3845005,MOSEK,soc,False,42,230,1,10,-0.04438772553446654,153.46026962908928,0.38465213775634766,0.0005269050598144531,4,False
1784694960.014525,control2,77f3845005,MOSEK,soc,False,42,231,0,20,-0.006914414180769363,153.34351510115903,0.40581631660461426,0.0,7,False
1784694960.0180387,control2,77f3845005,MOSEK,soc,False,42,231,1,10,-0.03738399129497199,153.34351510115903,0.40581631660461426,0.0,4,False
1784694960.477716,control2,77f3845005,MOSEK,soc,False,42,232,0,20,-0.00488620472137475,152.91690705702362,0.44802379608154297,0.0,8,False
1784694960.481701,control2,77f3845005,MOSEK,soc,False,42,232,1,10,-0.12620863509570066,152.91690705702362,0.44802379608154297,0.0,4,False
1784694960.8911173,control2,77f3845005,MOSEK,soc,False,42,233,0,20,-0.0039793455472149734,152.79852804776687,0.39665842056274414,0.0,7,False
1784694960.895922,control2,77f3845005,MOSEK,soc,False,42,233,1,10,-0.07138778286009137,152.79852804776687,0.39665842056274414,0.0005068778991699219,4,False
1784694961.3106956,control2,77f3845005,MOSEK,soc,False,42,234,0,20,-0.0048439780769286575,152.47251603323576,0.4038996696472168,0.0,7,False
1784694961.3154316,control2,77f3845005,MOSEK,soc,False,42,234,1,10,-0.08328967871862576,152.47251603323576,0.4038996696472168,0.0,4,False
1784694961.7553368,control2,77f3845005,MOSEK,soc,False,42,235,0,20,-0.004332330545789972,152.40255883818944,0.42789626121520996,0.0,8,False
1784694961.7598698,control2,77f3845005,MOSEK,soc,False,42,235,1,10,-0.07934561233821395,152.40255883818944,0.42789626121520996,0.0,4,False
1784694962.2175655,control2,77f3845005,MOSEK,soc,False,42,236,0,20,-0.004112968748498202,152.2926058052772,0.44059181213378906,0.0,8,False
1784694962.2215645,control2,77f3845005,MOSEK,soc,False,42,236,1,10,-0.038256100938684354,152.2926058052772,0.44059181213378906,0.0,4,False
1784694962.66206,control2,77f3845005,MOSEK,soc,False,42,237,0,20,-0.004972039449447664,152.0180099248533,0.42926597595214844,0.0009829998016357422,8,False
1784694962.666064,control2,77f3845005,MOSEK,soc,False,42,237,1,10,-0.04237349888398847,152.0180099248533,0.42926597595214844,0.0,4,False
1784694963.1984599,control2,77f3845005,MOSEK,soc,False,42,238,0,20,-0.004668476329903148,151.8087130971323,0.5203917026519775,0.0,8,False
1784694963.2019827,control2,77f3845005,MOSEK,soc,False,42,238,1,10,-0.09854856049125896,151.8087130971323,0.5203917026519775,0.0,4,False
1784694963.679202,control2,77f3845005,MOSEK,soc,False,42,239,0,20,-0.004134670887981409,151.68546257147938,0.4648904800415039,0.0,7,False
1784694963.6822073,control2,77f3845005,MOSEK,soc,False,42,239,1,10,-0.1728491244324489,151.68546257147938,0.4648904800415039,0.0,4,False
1784694964.0915031,control2,77f3845005,MOSEK,soc,False,42,240,0,20,-0.00510870571398716,151.57426649428777,0.39562296867370605,0.0010149478912353516,8,False
1784694964.0959575,control2,77f3845005,MOSEK,soc,False,42,240,1,10,-0.09163255173258607,151.57426649428777,0.39562296867370605,0.0005252361297607422,4,False
1784694964.53509,control2,77f3845005,MOSEK,soc,False,42,241,0,20,-0.0054146842981554165,151.30857811357345,0.42804980278015137,0.0,8,False
1784694964.5391202,control2,77f3845005,MOSEK,soc,False,42,241,1,10,-0.07976180367283922,151.30857811357345,0.42804980278015137,0.0,4,False
1784694964.972393,control2,77f3845005,MOSEK,soc,False,42,242,0,20,-0.004608137455715035,151.15988013836864,0.4202280044555664,0.0005269050598144531,8,False
1784694964.9768918,control2,77f3845005,MOSEK,soc,False,42,242,1,10,-0.09568972708625492,151.15988013836864,0.4202280044555664,0.0,5,False
1784694965.4149578,control2,77f3845005,MOSEK,soc,False,42,243,0,20,-0.004479330452189165,151.0962400317814,0.4257364273071289,0.0,8,False
1784694965.419773,control2,77f3845005,MOSEK,soc,False,42,243,1,10,-0.06991338979364155,151.0962400317814,0.4257364273071289,0.0,4,False
1784694965.850642,control2,77f3845005,MOSEK,soc,False,42,244,0,20,-0.00372341356742717,150.99271120843315,0.4194965362548828,0.0,7,False
1784694965.8546412,control2,77f3845005,MOSEK,soc,False,42,244,1,10,-0.04254142824209038,150.99271120843315,0.4194965362548828,0.0,4,False
1784694966.2863903,control2,77f3845005,MOSEK,soc,False,42,245,0,20,-0.004462136779518031,150.8626972460048,0.42068958282470703,0.0,8,False
1784694966.2903996,control2,77f3845005,MOSEK,soc,False,42,245,1,10,-0.04077338831610625,150.8626972460048,0.42068958282470703,0.0,4,False
1784694966.7269862,control2,77f3845005,MOSEK,soc,False,42,246,0,20,-0.003537998688530536,150.76796298564773,0.42258548736572266,0.0,8,False
1784694966.7311518,control2,77f3845005,MOSEK,soc,False,42,246,1,10,-0.026599685675698752,150.76796298564773,0.42258548736572266,0.0,4,False
1784694967.1835675,control2,77f3845005,MOSEK,soc,False,42,247,0,20,-0.0050078462573550616,150.56726617393082,0.43648314476013184,0.0,8,False
1784694967.1883125,control2,77f3845005,MOSEK,soc,False,42,247,1,10,-0.05612172461872101,150.56726617393082,0.43648314476013184,0.0,4,False
1784694967.5986717,control2,77f3845005,MOSEK,soc,False,42,248,0,20,-0.003727441276859439,150.47644442807112,0.3986828327178955,0.0,8,False
1784694967.6022115,control2,77f3845005,MOSEK,soc,False,42,248,1,10,-0.04294637676537866,150.47644442807112,0.3986828327178955,0.0,4,False
1784694968.0292385,control2,77f3845005,MOSEK,soc,False,42,249,0,20,-0.005301037770741393,150.38640778247824,0.41557860374450684,0.0005221366882324219,7,False
1784694968.032219,control2,77f3845005,MOSEK,soc,False,42,249,1,10,-0.04775448358557772,150.38640778247824,0.41557860374450684,0.0,4,False
1784694968.4906456,control2,77f3845005,MOSEK,soc,False,42,250,0,20,-0.0034589784773830716,150.2063046333967,0.4470343589782715,0.0,7,False
1784694968.495187,control2,77f3845005,MOSEK,soc,False,42,250,1,10,-0.04282155945247668,150.2063046333967,0.4470343589782715,0.0,4,False
1784694968.9317331,control2,77f3845005,MOSEK,soc,False,42,251,0,20,-0.0033593484396797534,150.11005093369357,0.4238436222076416,0.0,7,False
1784694968.9357903,control2,77f3845005,MOSEK,soc,False,42,251,1,10,-0.03662803003559464,150.11005093369357,0.4238436222076416,0.0,4,False
1784694969.3842402,control2,77f3845005,MOSEK,soc,False,42,252,0,20,-0.004216577591699062,150.02127306130214,0.43845105171203613,0.0,7,False
1784694969.3887324,control2,77f3845005,MOSEK,soc,False,42,252,1,10,-0.024467129328946225,150.02127306130214,0.43845105171203613,0.0,5,False
1784694969.8470075,control2,77f3845005,MOSEK,soc,False,42,253,0,20,-0.0024258532822859632,149.91819779279308,0.4490334987640381,0.0,7,False
1784694969.851008,control2,77f3845005,MOSEK,soc,False,42,253,1,10,-0.04022859410815635,149.91819779279308,0.4490334987640381,0.0,4,False
1784694970.2976172,control2,77f3845005,MOSEK,soc,False,42,254,0,20,-0.007479189864807075,148.6063319404916,0.43361473083496094,0.0,8,False
1784694970.3023689,control2,77f3845005,MOSEK,soc,False,42,254,1,10,-0.06461458595769894,148.6063319404916,0.43361473083496094,0.0,4,False
1784694970.748773,control2,77f3845005,MOSEK,soc,False,42,255,0,20,-0.006723435348922243,148.248510901987,0.43408775329589844,0.0,7,False
1784694970.7527695,control2,77f3845005,MOSEK,soc,False,42,255,1,10,-0.06151012466054176,148.248510901987,0.43408775329589844,0.0,4,False
1784694971.260333,control2,77f3845005,MOSEK,soc,False,42,256,0,20,-0.005213067897500496,147.9730778019042,0.49054718017578125,0.0,8,False
1784694971.2644475,control2,77f3845005,MOSEK,soc,False,42,256,1,10,-0.046349196778245505,147.9730778019042,0.49054718017578125,0.0,4,False
1784694971.7089553,control2,77f3845005,MOSEK,soc,False,42,257,0,20,-0.00534993917249967,147.58475865531392,0.4290428161621094,0.0009970664978027344,8,False
1784694971.7142193,control2,77f3845005,MOSEK,soc,False,42,257,1,10,-0.037515573018259314,147.58475865531392,0.4290428161621094,0.0,4,False
1784694972.2020724,control2,77f3845005,MOSEK,soc,False,42,258,0,20,-0.0035181334170673708,147.40447517529662,0.47658538818359375,0.0,8,False
1784694972.20508,control2,77f3845005,MOSEK,soc,False,42,258,1,10,-0.056771797478851554,147.40447517529662,0.47658538818359375,0.0009541511535644531,4,False
1784694972.6949852,control2,77f3845005,MOSEK,soc,False,42,259,0,20,-0.008061784310769291,147.17563745066388,0.4789402484893799,0.0,8,False
1784694972.6995742,control2,77f3845005,MOSEK,soc,False,42,259,1,10,-0.08441481553982844,147.17563745066388,0.4789402484893799,0.0,4,False
1784694973.1671574,control2,77f3845005,MOSEK,soc,False,42,260,0,20,-0.00558724398107878,146.48487924072703,0.45397353172302246,0.0002231597900390625,8,False
1784694973.1710865,control2,77f3845005,MOSEK,soc,False,42,260,1,10,-0.04434664749662365,146.48487924072703,0.45397353172302246,0.0010302066802978516,4,False
1784694973.6422083,control2,77f3845005,MOSEK,soc,False,42,261,0,20,-0.0073663528878686,145.95021440801315,0.4591248035430908,0.0,8,False
1784694973.6469634,control2,77f3845005,MOSEK,soc,False,42,261,1,10,-0.04043720688145704,145.95021440801315,0.4591248035430908,0.0,4,False
1784694974.1150506,control2,77f3845005,MOSEK,soc,False,42,262,0,20,-0.01416431351323394,145.63412935691372,0.45758843421936035,0.0,8,False
1784694974.120188,control2,77f3845005,MOSEK,soc,False,42,262,1,10,-0.12303333778385167,145.63412935691372,0.45758843421936035,0.0,4,False
1784694974.5602117,control2,77f3845005,MOSEK,soc,False,42,263,0,20,-0.007693649828461763,145.1068554460577,0.4285552501678467,0.0001323223114013672,8,False
1784694974.5641224,control2,77f3845005,MOSEK,soc,False,42,263,1,10,-0.24400109037695994,145.1068554460577,0.4285552501678467,0.0,4,False
1784694975.0549183,control2,77f3845005,MOSEK,soc,False,42,264,0,20,-0.015484501361867997,144.65946945118282,0.479137659072876,0.0005075931549072266,7,False
1784694975.0584812,control2,77f3845005,MOSEK,soc,False,42,264,1,10,-0.35842426289104334,144.65946945118282,0.479137659072876,0.0,4,False
1784694975.5325403,control2,77f3845005,MOSEK,soc,False,42,265,0,20,-0.011586525178229338,144.32104748110294,0.46361517906188965,0.0,8,False
1784694975.536483,control2,77f3845005,MOSEK,soc,False,42,265,1,10,-0.25285013914400395,144.32104748110294,0.46361517906188965,0.0,3,False
1784694975.9975722,control2,77f3845005,MOSEK,soc,False,42,266,0,20,-0.007737675984094024,144.0190950372484,0.4491879940032959,0.0005419254302978516,8,False
1784694976.0015275,control2,77f3845005,MOSEK,soc,False,42,266,1,10,-0.18290227327278102,144.0190950372484,0.4491879940032959,0.0,4,False
1784694976.4615667,control2,77f3845005,MOSEK,soc,False,42,267,0,20,-0.007245190731987418,143.85284013165725,0.448498010635376,0.0,7,False
1784694976.4653697,control2,77f3845005,MOSEK,soc,False,42,267,1,10,-0.2239272718238339,143.85284013165725,0.448498010635376,0.0,3,False
1784694976.9598212,control2,77f3845005,MOSEK,soc,False,42,268,0,20,-0.007083255012535257,143.53316385062365,0.48435354232788086,0.0,7,False
1784694976.9626923,control2,77f3845005,MOSEK,soc,False,42,268,1,10,-0.14889819785923084,143.53316385062365,0.48435354232788086,0.0,4,False
1784694977.4470184,control2,77f3845005,MOSEK,soc,False,42,269,0,20,-0.011398881782916644,143.21208215949744,0.4706301689147949,0.0,8,False
1784694977.4499261,control2,77f3845005,MOSEK,soc,False,42,269,1,10,-0.22540720920129487,143.21208215949744,0.4706301689147949,0.0,3,False
1784694977.9617288,control2,77f3845005,MOSEK,soc,False,42,270,0,20,-0.005690274857526348,143.09472214023347,0.4976997375488281,0.001001596450805664,7,False
1784694977.966275,control2,77f3845005,MOSEK,soc,False,42,270,1,10,-0.11615267094255571,143.09472214023347,0.4976997375488281,0.0,4,False
1784694978.4121597,control2,77f3845005,MOSEK,soc,False,42,271,0,20,-0.006869430823943949,142.9547073995293,0.43587708473205566,0.0,7,False
1784694978.4160697,control2,77f3845005,MOSEK,soc,False,42,271,1,10,-0.10451748877963908,142.9547073995293,0.43587708473205566,0.0,3,False
1784694978.891573,control2,77f3845005,MOSEK,soc,False,42,272,0,20,-0.00468591997541397,142.58433165241863,0.46071577072143555,0.0,8,False
1784694978.8957355,control2,77f3845005,MOSEK,soc,False,42,272,1,10,-0.08831839503726573,142.58433165241863,0.46071577072143555,0.0,4,False
1784694979.390414,control2,77f3845005,MOSEK,soc,False,42,273,0,20,-0.0060796881826907945,142.39690221244103,0.47965550422668457,0.0,7,False
1784694979.3944182,control2,77f3845005,MOSEK,soc,False,42,273,1,10,-0.08320715051845828,142.39690221244103,0.47965550422668457,0.0,3,False
1784694979.8659496,control2,77f3845005,MOSEK,soc,False,42,274,0,20,-0.004186710157473525,142.30139738504516,0.4581186771392822,0.0,8,False
1784694979.8700614,control2,77f3845005,MOSEK,soc,False,42,274,1,10,-0.03734960153961477,142.30139738504516,0.4581186771392822,0.0005307197570800781,4,False
1784694980.3586993,control2,77f3845005,MOSEK,soc,False,42,275,0,20,-0.006025397475531544,141.96793301336112,0.4737672805786133,0.0010149478912353516,7,False
1784694980.362975,control2,77f3845005,MOSEK,soc,False,42,275,1,10,-0.03818255656231254,141.96793301336112,0.4737672805786133,0.0,4,False
1784694980.828858,control2,77f3845005,MOSEK,soc,False,42,276,0,20,-0.007429242836452153,141.7338306648984,0.4501953125,0.00014138221740722656,8,False
1784694980.833293,control2,77f3845005,MOSEK,soc,False,42,276,1,10,-0.045923652641777384,141.7338306648984,0.4501953125,0.0,4,False
1784694981.3605304,control2,77f3845005,MOSEK,soc,False,42,277,0,20,-0.005553995147527625,141.53144163704965,0.5151863098144531,0.0,7,False
1784694981.3655813,control2,77f3845005,MOSEK,soc,False,42,277,1,10,-0.058732494045531214,141.53144163704965,0.5151863098144531,0.0,4,False
1784694981.8586574,control2,77f3845005,MOSEK,soc,False,42,278,0,20,-0.007786907765325572,141.12312882286423,0.48082995414733887,0.0009989738464355469,8,False
1784694981.8628027,control2,77f3845005,MOSEK,soc,False,42,278,1,10,-0.09281114935317249,141.12312882286423,0.48082995414733887,0.0,3,False
1784694982.3597243,control2,77f3845005,MOSEK,soc,False,42,279,0,20,-0.005596993536585423,140.99788547830977,0.4827995300292969,0.0,7,False
1784694982.3632033,control2,77f3845005,MOSEK,soc,False,42,279,1,10,-0.06743679589683305,140.99788547830977,0.4827995300292969,0.0,3,False
1784694982.855475,control2,77f3845005,MOSEK,soc,False,42,280,0,20,-0.005035242877558232,140.83479174450468,0.47896361351013184,0.0,7,False
1784694982.859769,control2,77f3845005,MOSEK,soc,False,42,280,1,10,-0.055486695973248824,140.83479174450468,0.47896361351013184,0.0,4,False
1784694983.338131,control2,77f3845005,MOSEK,soc,False,42,281,0,20,-0.0043712664379515894,140.62554281469554,0.4639425277709961,0.0,7,False
1784694983.343204,control2,77f3845005,MOSEK,soc,False,42,281,1,10,-0.07132930981566964,140.62554281469554,0.4639425277709961,0.0,4,False
1784694983.8243651,control2,77f3845005,MOSEK,soc,False,42,282,0,20,-0.005010255622246969,140.51969591526674,0.4672250747680664,0.0,8,False
1784694983.829109,control2,77f3845005,MOSEK,soc,False,42,282,1,10,-0.048568846513189955,140.51969591526674,0.4672250747680664,0.0009629726409912109,4,False
1784694984.3448966,control2,77f3845005,MOSEK,soc,False,42,283,0,20,-0.003757871458847546,140.3410320318743,0.502772331237793,0.0,8,False
1784694984.3493855,control2,77f3845005,MOSEK,soc,False,42,283,1,10,-0.06666361474615598,140.3410320318743,0.502772331237793,0.0,5,False
1784694984.861995,control2,77f3845005,MOSEK,soc,False,42,284,0,20,-0.0037570082725761705,140.1870208465363,0.5010550022125244,0.0010004043579101562,7,False
1784694984.8658044,control2,77f3845005,MOSEK,soc,False,42,284,1,10,-0.03992884819319786,140.1870208465363,0.5010550022125244,0.0,4,False
1784694985.3385673,control2,77f3845005,MOSEK,soc,False,42,285,0,20,-0.004198784960191032,140.11480940144517,0.46050024032592773,0.0005371570587158203,7,False
1784694985.3424947,control2,77f3845005,MOSEK,soc,False,42,285,1,10,-0.04083394286762084,140.11480940144517,0.46050024032592773,0.0,4,False
1784694985.8056855,control2,77f3845005,MOSEK,soc,False,42,286,0,20,-0.004270152798667921,139.8414678814567,0.44835424423217773,0.0,7,False
1784694985.809473,control2,77f3845005,MOSEK,soc,False,42,286,1,10,-0.07440519801078814,139.8414678814567,0.44835424423217773,0.0,3,False
1784694986.297243,control2,77f3845005,MOSEK,soc,False,42,287,0,20,-0.009720101641451243,139.51015618488677,0.47361207008361816,0.0,9,False
1784694986.301237,control2,77f3845005,MOSEK,soc,False,42,287,1,10,-0.11054541343387214,139.51015618488677,0.47361207008361816,0.0,4,False
1784694986.7960198,control2,77f3845005,MOSEK,soc,False,42,288,0,20,-0.004245336984398793,139.36995781572483,0.4797666072845459,0.0,8,False
1784694986.7998953,control2,77f3845005,MOSEK,soc,False,42,288,1,10,-0.13874779787521418,139.36995781572483,0.4797666072845459,0.0,3,False
1784694987.3321035,control2,77f3845005,MOSEK,soc,False,42,289,0,20,-0.0069072847601612825,139.2407979289684,0.5150022506713867,0.0,8,False
1784694987.3361032,control2,77f3845005,MOSEK,soc,False,42,289,1,10,-0.025676232043665915,139.2407979289684,0.5150022506713867,0.0,4,False
1784694987.855285,control2,77f3845005,MOSEK,soc,False,42,290,0,20,-0.009060644936345773,138.90697734474415,0.5066449642181396,0.0,8,False
1784694987.8585293,control2,77f3845005,MOSEK,soc,False,42,290,1,10,-0.046653582162274124,138.90697734474415,0.5066449642181396,0.0,4,False
1784694988.389264,control2,77f3845005,MOSEK,soc,False,42,291,0,20,-0.007445718350862402,138.6869415198581,0.5161514282226562,0.0,7,False
1784694988.393257,control2,77f3845005,MOSEK,soc,False,42,291,1,10,-0.07940382027466995,138.6869415198581,0.5161514282226562,0.0,4,False
1784694988.9050832,control2,77f3845005,MOSEK,soc,False,42,292,0,20,-0.007972951995630537,138.4958512602033,0.4982919692993164,0.0009999275207519531,8,False
1784694988.9106257,control2,77f3845005,MOSEK,soc,False,42,292,1,10,-0.07378660282162836,138.4958512602033,0.4982919692993164,0.0,4,False
1784694989.4345114,control2,77f3845005,MOSEK,soc,False,42,293,0,20,-0.004702282247898602,138.27674144848922,0.5093739032745361,0.0,9,False
1784694989.4380922,control2,77f3845005,MOSEK,soc,False,42,293,1,10,-0.0392916901810289,138.27674144848922,0.5093739032745361,0.0009195804595947266,4,False
1784694989.9875734,control2,77f3845005,MOSEK,soc,False,42,294,0,20,-0.004772394718200518,138.13747879400913,0.5348279476165771,0.0,7,False
1784694989.991494,control2,77f3845005,MOSEK,soc,False,42,294,1,10,-0.10321412342827035,138.13747879400913,0.5348279476165771,0.0,4,False
1784694990.5270793,control2,77f3845005,MOSEK,soc,False,42,295,0,20,-0.003655158025038246,137.98844945628576,0.521493673324585,0.0009970664978027344,7,False
1784694990.5308695,control2,77f3845005,MOSEK,soc,False,42,295,1,10,-0.06169567529175855,137.98844945628576,0.521493673324585,0.0,5,False
1784694991.0807796,control2,77f3845005,MOSEK,soc,False,42,296,0,20,-0.0043832347820480155,137.90032696663536,0.5326435565948486,0.0,7,False
1784694991.0853944,control2,77f3845005,MOSEK,soc,False,42,296,1,10,-0.06337795455523067,137.90032696663536,0.5326435565948486,0.0010671615600585938,4,False
1784694991.624349,control2,77f3845005,MOSEK,soc,False,42,297,0,20,-0.003381924323563627,137.79265419669244,0.5224764347076416,0.0010106563568115234,7,False
1784694991.628615,control2,77f3845005,MOSEK,soc,False,42,297,1,10,-0.05625308226096199,137.79265419669244,0.5224764347076416,0.0,4,False
1784694992.238934,control2,77f3845005,MOSEK,soc,False,42,298,0,20,-0.003790060555749882,137.4663817270635,0.5914833545684814,0.0,7,False
1784694992.2424202,control2,77f3845005,MOSEK,soc,False,42,298,1,10,-0.08163827474396364,137.4663817270635,0.5914833545684814,0.0009379386901855469,4,False
1784694992.8394518,control2,77f3845005,MOSEK,soc,False,42,299,0,20,-0.0046163931010583335,137.33129119448495,0.5813591480255127,0.0009834766387939453,7,False
1784694992.8445182,control2,77f3845005,MOSEK,soc,False,42,299,1,10,-0.03869655788978197,137.33129119448495,0.5813591480255127,0.0009298324584960938,4,False
1784694993.4197924,control2,77f3845005,MOSEK,soc,False,42,300,0,20,-0.004551088973362367,136.99952174890447,0.5616703033447266,0.0005130767822265625,8,False
1784694993.4239213,control2,77f3845005,MOSEK,soc,False,42,300,1,10,-0.08505613021443532,136.99952174890447,0.5616703033447266,0.0008893013000488281,4,False
1784694994.0189366,control2,77f3845005,MOSEK,soc,False,42,301,0,20,-0.004230611937007466,136.82953340341146,0.5807390213012695,0.0,7,False
1784694994.0228674,control2,77f3845005,MOSEK,soc,False,42,301,1,10,-0.15051371363705388,136.82953340341146,0.5807390213012695,0.0,4,False
1784694994.6006556,control2,77f3845005,MOSEK,soc,False,42,302,0,20,-0.005971808661483755,136.4116475395047,0.5608854293823242,0.0,8,False
1784694994.6064458,control2,77f3845005,MOSEK,soc,False,42,302,1,10,-0.14097298988244003,136.4116475395047,0.5608854293823242,0.0,4,False
1784694995.221306,control2,77f3845005,MOSEK,soc,False,42,303,0,20,-0.004872785448072469,136.29793891943103,0.602074384689331,0.0,7,False
1784694995.2263288,control2,77f3845005,MOSEK,soc,False,42,303,1,10,-0.05966313446481042,136.29793891943103,0.602074384689331,0.0,5,False
1784694995.897984,control2,77f3845005,MOSEK,soc,False,42,304,0,20,-0.003979026954223718,136.11875112682796,0.6367216110229492,0.0010378360748291016,7,False
1784694995.903987,control2,77f3845005,MOSEK,soc,False,42,304,1,10,-0.06808797484321294,136.11875112682796,0.6367216110229492,0.0,4,False
1784694996.5051289,control2,77f3845005,MOSEK,soc,False,42,305,0,20,-0.003824277166384931,135.89865625390826,0.584449052810669,0.0010082721710205078,7,False
1784694996.509941,control2,77f3845005,MOSEK,soc,False,42,305,1,10,-0.06773062292080081,135.89865625390826,0.584449052810669,0.0,4,False
1784694997.0639699,control2,77f3845005,MOSEK,soc,False,42,306,0,20,-0.0035538473746353303,135.66423238844874,0.5401747226715088,0.00099945068359375,7,False
1784694997.0680788,control2,77f3845005,MOSEK,soc,False,42,306,1,10,-0.2568784494285885,135.66423238844874,0.5401747226715088,0.0,4,False
1784694997.6332655,control2,77f3845005,MOSEK,soc,False,42,307,0,20,-0.0040239985727253055,135.36517093406522,0.5525484085083008,0.0,6,False
1784694997.638245,control2,77f3845005,MOSEK,soc,False,42,307,1,10,-0.05248203214159999,135.36517093406522,0.5525484085083008,0.0,4,False
1784694998.186283,control2,77f3845005,MOSEK,soc,False,42,308,0,20,-0.006599770726872811,135.00747493438064,0.5313920974731445,0.0,7,False
1784694998.190301,control2,77f3845005,MOSEK,soc,False,42,308,1,10,-0.09347191006082746,135.00747493438064,0.5313920974731445,0.0,4,False
1784694998.7620072,control2,77f3845005,MOSEK,soc,False,42,309,0,20,-0.0058832880924930405,134.3112215961715,0.5562055110931396,0.0,9,False
1784694998.7660198,control2,77f3845005,MOSEK,soc,False,42,309,1,10,-0.21654671298291325,134.3112215961715,0.5562055110931396,0.0,5,False
1784694999.3360305,control2,77f3845005,MOSEK,soc,False,42,310,0,20,-0.006725595158759222,134.0009105167743,0.556912899017334,0.0,8,False
1784694999.3400512,control2,77f3845005,MOSEK,soc,False,42,310,1,10,-0.06966879667207226,134.0009105167743,0.556912899017334,0.0,4,False
1784694999.8861356,control2,77f3845005,MOSEK,soc,False,42,311,0,20,-0.005875970178539089,133.70252279421592,0.5315806865692139,0.0010004043579101562,8,False
1784694999.8901367,control2,77f3845005,MOSEK,soc,False,42,311,1,10,-0.08099754006053324,133.70252279421592,0.5315806865692139,0.0,4,False
1784695000.463142,control2,77f3845005,MOSEK,soc,False,42,312,0,20,-0.004797928333488907,133.2883043266852,0.5582535266876221,0.0,7,False
1784695000.4671512,control2,77f3845005,MOSEK,soc,False,42,312,1,10,-0.08559786927421607,133.2883043266852,0.5582535266876221,0.0,4,False
1784695001.0563624,control2,77f3845005,MOSEK,soc,False,42,313,0,20,-0.004070511979203023,132.91951398426153,0.5726668834686279,0.0,7,False
1784695001.0614395,control2,77f3845005,MOSEK,soc,False,42,313,1,10,-0.1346745433712723,132.91951398426153,0.5726668834686279,0.0,4,False
1784695001.658719,control2,77f3845005,MOSEK,soc,False,42,314,0,20,-0.002886132868688879,132.7762623931696,0.5837352275848389,0.0,7,False
1784695001.661725,control2,77f3845005,MOSEK,soc,False,42,314,1,10,-0.03405235507398106,132.7762623931696,0.5837352275848389,0.0,4,False
1784695002.2387528,control2,77f3845005,MOSEK,soc,False,42,315,0,20,-0.0037042610250736146,132.43917714459653,0.5624778270721436,0.0,8,False
1784695002.2433293,control2,77f3845005,MOSEK,soc,False,42,315,1,10,-0.0465416035663833,132.43917714459653,0.5624778270721436,0.0005178451538085938,4,False
1784695002.789356,control2,77f3845005,MOSEK,soc,False,42,316,0,20,-0.005518648981458139,132.15146169735704,0.529050350189209,0.0009849071502685547,7,False
1784695002.793358,control2,77f3845005,MOSEK,soc,False,42,316,1,10,-0.1517490051260824,132.15146169735704,0.529050350189209,0.0,5,False
1784695003.33514,control2,77f3845005,MOSEK,soc,False,42,317,0,20,-0.006955664111211291,131.75684656826485,0.526608943939209,0.0,7,False
1784695003.33912,control2,77f3845005,MOSEK,soc,False,42,317,1,10,-0.08444828247263313,131.75684656826485,0.526608943939209,0.0,4,False
1784695003.9142554,control2,77f3845005,MOSEK,soc,False,42,318,0,20,-0.004577485389370994,131.56703357901773,0.5605876445770264,0.0,7,False
1784695003.917571,control2,77f3845005,MOSEK,soc,False,42,318,1,10,-0.03536966334272998,131.56703357901773,0.5605876445770264,0.0,4,False
1784695004.5348437,control2,77f3845005,MOSEK,soc,False,42,319,0,20,-0.004551539060823479,131.23575169743083,0.6016907691955566,0.0009889602661132812,7,False
1784695004.5398602,control2,77f3845005,MOSEK,soc,False,42,319,1,10,-0.03639206000610248,131.23575169743083,0.6016907691955566,0.0010008811950683594,3,False
1784695005.1492589,control2,77f3845005,MOSEK,soc,False,42,320,0,20,-0.005291431874094633,130.9528503537773,0.5921523571014404,0.0,8,False
1784695005.1538222,control2,77f3845005,MOSEK,soc,False,42,320,1,10,-0.0380639315956455,130.9528503537773,0.5921523571014404,0.0,4,False
1784695005.7125268,control2,77f3845005,MOSEK,soc,False,42,321,0,20,-0.006185174921468653,130.79270383627664,0.5438566207885742,0.0,7,False
1784695005.7161536,control2,77f3845005,MOSEK,soc,False,42,321,1,10,-0.03259544460376107,130.79270383627664,0.5438566207885742,0.0,5,False
1784695006.3251987,control2,77f3845005,MOSEK,soc,False,42,322,0,20,-0.0038228837535741224,130.6144081818486,0.5940322875976562,0.0,8,False
1784695006.3520145,control2,77f3845005,MOSEK,soc,False,42,322,1,10,-0.02931912635766725,130.6144081818486,0.5940322875976562,0.0,5,False
1784695006.9548838,control2,77f3845005,MOSEK,soc,False,42,323,0,20,-0.004585607565993455,130.24348764736408,0.5877623558044434,0.0,8,False
1784695006.959376,control2,77f3845005,MOSEK,soc,False,42,323,1,10,-0.06939683682533815,130.24348764736408,0.5877623558044434,0.0,4,False
1784695007.589783,control2,77f3845005,MOSEK,soc,False,42,324,0,20,-0.003869931628907958,130.1061411072018,0.6143741607666016,0.0,7,False
1784695007.5933611,control2,77f3845005,MOSEK,soc,False,42,324,1,10,-0.053619097695650916,130.1061411072018,0.6143741607666016,0.0,4,False
1784695008.2217145,control2,77f3845005,MOSEK,soc,False,42,325,0,20,-0.0044951751572457795,129.9791097727498,0.6112325191497803,0.0,8,False
1784695008.225845,control2,77f3845005,MOSEK,soc,False,42,325,1,10,-0.03987474384610253,129.9791097727498,0.6112325191497803,0.0009391307830810547,4,False
1784695008.8660603,control2,77f3845005,MOSEK,soc,False,42,326,0,20,-0.003445905926896462,129.86340383951546,0.6260859966278076,0.0010051727294921875,8,False
1784695008.8712895,control2,77f3845005,MOSEK,soc,False,42,326,1,10,-0.04929621660422952,129.86340383951546,0.6260859966278076,0.0005681514739990234,4,False
1784695009.4654093,control2,77f3845005,MOSEK,soc,False,42,327,0,20,-0.004014053915801838,129.72153242842376,0.5813210010528564,0.0,7,False
1784695009.470034,control2,77f3845005,MOSEK,soc,False,42,327,1,10,-0.08581886739213768,129.72153242842376,0.5813210010528564,0.0,4,False
1784695010.0491357,control2,77f3845005,MOSEK,soc,False,42,328,0,20,-0.0034723140307024755,129.59863042411405,0.5649733543395996,0.0,7,False
1784695010.0521352,control2,77f3845005,MOSEK,soc,False,42,328,1,10,-0.03723387327182004,129.59863042411405,0.5649733543395996,0.0,5,False
1784695010.6295693,control2,77f3845005,MOSEK,soc,False,42,329,0,20,-0.00278719786350887,129.5653319807612,0.562445878982544,0.0,7,False
1784695010.6335752,control2,77f3845005,MOSEK,soc,False,42,329,1,10,-0.016360410605817933,129.5653319807612,0.562445878982544,0.0,4,False
1784695011.2385921,control2,77f3845005,MOSEK,soc,False,42,330,0,20,-0.005489568643949133,129.29975311593915,0.5897629261016846,0.0009839534759521484,8,False
1784695011.2425606,control2,77f3845005,MOSEK,soc,False,42,330,1,10,-0.052493230653088,129.29975311593915,0.5897629261016846,0.0,4,False
1784695011.799784,control2,77f3845005,MOSEK,soc,False,42,331,0,20,-0.00429834103545521,129.20358709792416,0.5427901744842529,0.0,8,False
1784695011.8036942,control2,77f3845005,MOSEK,soc,False,42,331,1,10,-0.0387712869590924,129.20358709792416,0.5427901744842529,0.0,4,False
1784695012.4232361,control2,77f3845005,MOSEK,soc,False,42,332,0,20,-0.006341381002727814,128.98166333272496,0.605797290802002,0.0,7,False
1784695012.4273992,control2,77f3845005,MOSEK,soc,False,42,332,1,10,-0.023682560689626122,128.98166333272496,0.605797290802002,0.0,4,False
1784695013.0229137,control2,77f3845005,MOSEK,soc,False,42,333,0,20,-0.00486839150549935,128.8511719703789,0.5775878429412842,0.0,8,False
1784695013.026866,control2,77f3845005,MOSEK,soc,False,42,333,1,10,-0.03601330064053972,128.8511719703789,0.5775878429412842,0.0,4,False
1784695013.6416776,control2,77f3845005,MOSEK,soc,False,42,334,0,20,-0.00371565363953939,128.77040862536845,0.6002881526947021,0.0,8,False
1784695013.6448035,control2,77f3845005,MOSEK,soc,False,42,334,1,10,-0.05191307412678118,128.77040862536845,0.6002881526947021,0.0009334087371826172,3,False
1784695014.3349884,control2,77f3845005,MOSEK,soc,False,42,335,0,20,-0.0031367627997102507,128.642550924278,0.6767094135284424,0.0006020069122314453,7,False
1784695014.3389637,control2,77f3845005,MOSEK,soc,False,42,335,1,10,-0.033916994700824515,128.642550924278,0.6767094135284424,0.000980377197265625,4,False
1784695014.9526918,control2,77f3845005,MOSEK,soc,False,42,336,0,20,-0.002914973498639638,128.56860735389535,0.5991170406341553,0.0,8,False
1784695014.9566307,control2,77f3845005,MOSEK,soc,False,42,336,1,10,-0.023688430582831422,128.56860735389535,0.5991170406341553,0.0,3,False
1784695015.6203413,control2,77f3845005,MOSEK,soc,False,42,337,0,20,-0.0031472282807641166,128.48291834181506,0.6499044895172119,0.0,7,False
1784695015.6242845,control2,77f3845005,MOSEK,soc,False,42,337,1,10,-0.022010518002825833,128.48291834181506,0.6499044895172119,0.0009412765502929688,4,False
1784695016.2650619,control2,77f3845005,MOSEK,soc,False,42,338,0,20,-0.002502726803189649,128.36456842467422,0.62904953956604,0.000995635986328125,7,False
1784695016.2688608,control2,77f3845005,MOSEK,soc,False,42,338,1,10,-0.030934720047557984,128.36456842467422,0.62904953956604,0.0,4,False
1784695016.9648488,control2,77f3845005,MOSEK,soc,False,42,339,0,20,-0.00377447710878069,128.00257088570845,0.6780285835266113,0.0,7,False
1784695016.9694133,control2,77f3845005,MOSEK,soc,False,42,339,1,10,-0.09446537744465286,128.00257088570845,0.6780285835266113,0.0005488395690917969,4,False
1784695017.6730187,control2,77f3845005,MOSEK,soc,False,42,340,0,20,-0.003596422362740404,127.71970205284812,0.6891040802001953,0.0,7,False
1784695017.6770084,control2,77f3845005,MOSEK,soc,False,42,340,1,10,-0.07427656199422551,127.71970205284812,0.6891040802001953,0.0,3,False
1784695018.3268547,control2,77f3845005,MOSEK,soc,False,42,341,0,20,-0.0038405596478417034,127.64826845288823,0.6340274810791016,0.0010349750518798828,8,False
1784695018.3287733,control2,77f3845005,MOSEK,soc,False,42,341,1,10,-0.027880687417419895,127.64826845288823,0.6340274810791016,0.0,4,False
1784695018.9720721,control2,77f3845005,MOSEK,soc,False,42,342,0,20,-0.004467436281330355,127.37882201043676,0.6267232894897461,0.0,8,False
1784695018.9761848,control2,77f3845005,MOSEK,soc,False,42,342,1,10,-0.07650784498327329,127.37882201043676,0.6267232894897461,0.0009295940399169922,4,False
1784695019.6091423,control2,77f3845005,MOSEK,soc,False,42,343,0,20,-0.0028375158448397803,127.27199710401618,0.6176633834838867,0.0009965896606445312,7,False
1784695019.6118743,control2,77f3845005,MOSEK,soc,False,42,343,1,10,-0.03272695957125059,127.27199710401618,0.6176633834838867,0.0010085105895996094,4,False
1784695020.2832074,control2,77f3845005,MOSEK,soc,False,42,344,0,20,-0.0027472961073009986,127.13040788932156,0.6576592922210693,0.0,8,False
1784695020.2868702,control2,77f3845005,MOSEK,soc,False,42,344,1,10,-0.03326983014631861,127.13040788932156,0.6576592922210693,0.0,4,False
1784695020.9764707,control2,77f3845005,MOSEK,soc,False,42,345,0,20,-0.002462315487395728,127.00934969399032,0.6766624450683594,0.000989675521850586,8,False
1784695020.9963505,control2,77f3845005,MOSEK,soc,False,42,345,1,10,-0.031768646967101695,127.00934969399032,0.6766624450683594,0.0,4,False
1784695021.6889088,control2,77f3845005,MOSEK,soc,False,42,346,0,20,-0.009417280235246643,125.60449713045597,0.6732065677642822,0.0,8,False
1784695021.708052,control2,77f3845005,MOSEK,soc,False,42,346,1,10,-0.04650999663423885,125.60449713045597,0.6732065677642822,0.001004934310913086,4,False
1784695022.475691,control2,77f3845005,MOSEK,soc,False,42,347,0,20,-0.0065839041208570715,125.21228609729793,0.7515547275543213,0.0,7,False
1784695022.4897985,control2,77f3845005,MOSEK,soc,False,42,347,1,10,-0.1010554853263394,125.21228609729793,0.7515547275543213,0.0,4,False
1784695023.1847165,control2,77f3845005,MOSEK,soc,False,42,348,0,20,-0.010420310633459794,124.63074572036192,0.677715539932251,0.0,9,False
1784695023.1887155,control2,77f3845005,MOSEK,soc,False,42,348,1,10,-0.1503363856413822,124.63074572036192,0.677715539932251,0.0,4,False
1784695023.8323271,control2,77f3845005,MOSEK,soc,False,42,349,0,20,-0.007218169571616659,124.53053778354607,0.6290102005004883,0.000997781753540039,7,False
1784695023.837044,control2,77f3845005,MOSEK,soc,False,42,349,1,10,-0.06368363108422465,124.53053778354607,0.6290102005004883,0.0010809898376464844,4,False
1784695024.506879,control2,77f3845005,MOSEK,soc,False,42,350,0,20,-0.00711506243608773,124.24874965539624,0.65268874168396,0.0,8,False
1784695024.5106783,control2,77f3845005,MOSEK,soc,False,42,350,1,10,-0.05036815121103573,124.24874965539624,0.65268874168396,0.0,3,False
1784695025.2071276,control2,77f3845005,MOSEK,soc,False,42,351,0,20,-0.0046045803696173815,124.12749487113312,0.6812739372253418,0.0010333061218261719,7,False
1784695025.2108817,control2,77f3845005,MOSEK,soc,False,42,351,1,10,-0.04160827199008023,124.12749487113312,0.6812739372253418,0.0,4,False
1784695025.8841574,control2,77f3845005,MOSEK,soc,False,42,352,0,20,-0.004137375500203397,124.0544878539582,0.6559867858886719,0.0,8,False
1784695025.8882043,control2,77f3845005,MOSEK,soc,False,42,352,1,10,-0.037860377242170125,124.0544878539582,0.6559867858886719,0.0,4,False
1784695026.57616,control2,77f3845005,MOSEK,soc,False,42,353,0,20,-0.003213774377091106,123.89712443412846,0.6709775924682617,0.0,7,False
1784695026.5807862,control2,77f3845005,MOSEK,soc,False,42,353,1,10,-0.044817640538066986,123.89712443412846,0.6709775924682617,0.0,3,False
1784695027.275531,control2,77f3845005,MOSEK,soc,False,42,354,0,20,-0.004561824511866247,123.68411092211053,0.6751818656921387,0.0,8,False
1784695027.2792008,control2,77f3845005,MOSEK,soc,False,42,354,1,10,-0.056312450889848834,123.68411092211053,0.6751818656921387,0.0,4,False
1784695027.9463909,control2,77f3845005,MOSEK,soc,False,42,355,0,20,-0.003499263070556663,123.55648206886484,0.6499745845794678,0.0,7,False
1784695027.950368,control2,77f3845005,MOSEK,soc,False,42,355,1,10,-0.07926460301825661,123.55648206886484,0.6499745845794678,0.0,4,False
1784695028.655316,control2,77f3845005,MOSEK,soc,False,42,356,0,20,-0.0053719610961766645,123.44274279918639,0.687824010848999,0.0,8,False
1784695028.6600306,control2,77f3845005,MOSEK,soc,False,42,356,1,10,-0.05473513682038403,123.44274279918639,0.687824010848999,0.0,4,False
1784695029.3939283,control2,77f3845005,MOSEK,soc,False,42,357,0,20,-0.004350029063508674,123.33363589122348,0.7167487144470215,0.0,8,False
1784695029.397878,control2,77f3845005,MOSEK,soc,False,42,357,1,10,-0.03234950403282398,123.33363589122348,0.7167487144470215,0.0,4,False
1784695030.0844514,control2,77f3845005,MOSEK,soc,False,42,358,0,20,-0.004134125423853252,123.12200051964544,0.6703202724456787,0.0,8,False
1784695030.0882287,control2,77f3845005,MOSEK,soc,False,42,358,1,10,-0.03777809901792498,123.12200051964544,0.6703202724456787,0.0,4,False
1784695030.7565086,control2,77f3845005,MOSEK,soc,False,42,359,0,20,-0.0025789501071383225,123.07624166793413,0.6545305252075195,0.0,7,False
1784695030.762544,control2,77f3845005,MOSEK,soc,False,42,359,1,10,-0.08250009368773736,123.07624166793413,0.6545305252075195,0.0,4,False
1784695031.4659057,control2,77f3845005,MOSEK,soc,False,42,360,0,20,-0.004765124767836781,122.89213055116858,0.6854586601257324,0.0,9,False
1784695031.468895,control2,77f3845005,MOSEK,soc,False,42,360,1,10,-0.08832821750756213,122.89213055116858,0.6854586601257324,0.0,4,False
1784695032.1788948,control2,77f3845005,MOSEK,soc,False,42,361,0,20,-0.0028698236880074553,122.80887547502373,0.6945188045501709,0.0,7,False
1784695032.1828046,control2,77f3845005,MOSEK,soc,False,42,361,1,10,-0.0255694157030942,122.80887547502373,0.6945188045501709,0.0,4,False
1784695032.8885534,control2,77f3845005,MOSEK,soc,False,42,362,0,20,-0.0032006151493463087,122.62575465530635,0.689687967300415,0.0,7,False
1784695032.8923578,control2,77f3845005,MOSEK,soc,False,42,362,1,10,-0.03580197079432383,122.62575465530635,0.689687967300415,0.0,3,False
1784695033.621968,control2,77f3845005,MOSEK,soc,False,42,363,0,20,-0.0027108917561619304,121.86687810951894,0.7148945331573486,0.0006282329559326172,7,False
1784695033.6258988,control2,77f3845005,MOSEK,soc,False,42,363,1,10,-0.11131783855467459,121.86687810951894,0.7148945331573486,0.0,3,False
1784695034.3250372,control2,77f3845005,MOSEK,soc,False,42,364,0,20,-0.0028480731372648193,121.71342476265153,0.679785966873169,0.0,8,False
1784695034.3290415,control2,77f3845005,MOSEK,soc,False,42,364,1,10,-0.06141864963575668,121.71342476265153,0.679785966873169,0.0,3,False
1784695035.0097322,control2,77f3845005,MOSEK,soc,False,42,365,0,20,-0.0028525564746349806,121.67048811611755,0.6643855571746826,0.0,7,False
1784695035.012748,control2,77f3845005,MOSEK,soc,False,42,365,1,10,-0.04597688101601489,121.67048811611755,0.6643855571746826,0.0009710788726806641,3,False
1784695035.694269,control2,77f3845005,MOSEK,soc,False,42,366,0,20,-0.003129873990608919,121.53351290677955,0.6618382930755615,0.0010020732879638672,7,False
1784695035.6980023,control2,77f3845005,MOSEK,soc,False,42,366,1,10,-0.03794412473843548,121.53351290677955,0.6618382930755615,0.0011019706726074219,4,False
1784695036.3865898,control2,77f3845005,MOSEK,soc,False,42,367,0,20,-0.0032134611421056085,121.41738228414351,0.6726014614105225,0.0,7,False
1784695036.3912008,control2,77f3845005,MOSEK,soc,False,42,367,1,10,-0.09076144379418427,121.41738228414351,0.6726014614105225,0.00057220458984375,4,False
1784695037.0448105,control2,77f3845005,MOSEK,soc,False,42,368,0,20,-0.004468200262437052,121.18575064543823,0.6385531425476074,0.0,7,False
1784695037.0485375,control2,77f3845005,MOSEK,soc,False,42,368,1,10,-0.1533386640517666,121.18575064543823,0.6385531425476074,0.0,4,False
1784695037.8354552,control2,77f3845005,MOSEK,soc,False,42,369,0,20,-0.009026041358325188,120.99590631552653,0.7718570232391357,0.0011067390441894531,7,False
1784695037.8385415,control2,77f3845005,MOSEK,soc,False,42,369,1,10,-0.10187355806940558,120.99590631552653,0.7718570232391357,0.0,4,False
1784695038.566302,control2,77f3845005,MOSEK,soc,False,42,370,0,20,-0.002723516232466511,120.8243185631205,0.7106506824493408,0.0,6,False
1784695038.570172,control2,77f3845005,MOSEK,soc,False,42,370,1,10,-0.07731159744746086,120.8243185631205,0.7106506824493408,0.0,4,False
1784695039.3353617,control2,77f3845005,MOSEK,soc,False,42,371,0,20,-0.0032447057839597357,120.70844995655216,0.7480320930480957,0.0,6,False
1784695039.3395095,control2,77f3845005,MOSEK,soc,False,42,371,1,10,-0.05594096792620374,120.70844995655216,0.7480320930480957,0.0,4,False
1784695040.0597785,control2,77f3845005,MOSEK,soc,False,42,372,0,20,-0.008886098883738383,120.19803190914288,0.7019362449645996,0.0,8,False
1784695040.0627127,control2,77f3845005,MOSEK,soc,False,42,372,1,10,-0.08384893863621724,120.19803190914288,0.7019362449645996,0.0,4,False
1784695040.7941353,control2,77f3845005,MOSEK,soc,False,42,373,0,20,-0.005705197225179734,119.98454615594326,0.7171967029571533,0.0010135173797607422,8,False
1784695040.7991467,control2,77f3845005,MOSEK,soc,False,42,373,1,10,-0.09519497026999812,119.98454615594326,0.7171967029571533,0.0009188652038574219,4,False
1784695041.495285,control2,77f3845005,MOSEK,soc,False,42,374,0,20,-0.0046174233466524115,119.88836094982778,0.6779460906982422,0.0010068416595458984,7,False
1784695041.4992971,control2,77f3845005,MOSEK,soc,False,42,374,1,10,-0.03899501423804794,119.88836094982778,0.6779460906982422,0.0,3,False
1784695042.21098,control2,77f3845005,MOSEK,soc,False,42,375,0,20,-0.0050396912027394335,119.82453953144021,0.6933290958404541,0.0010013580322265625,6,False
1784695042.2139194,control2,77f3845005,MOSEK,soc,False,42,375,1,10,-0.053784212335650824,119.82453953144021,0.6933290958404541,0.0,4,False
1784695042.9429758,control2,77f3845005,MOSEK,soc,False,42,376,0,20,-0.0029542493260646683,119.62428903789453,0.711430549621582,0.0,7,False
1784695042.9467242,control2,77f3845005,MOSEK,soc,False,42,376,1,10,-0.037576004448371635,119.62428903789453,0.711430549621582,0.0,4,False
1784695043.6586094,control2,77f3845005,MOSEK,soc,False,42,377,0,20,-0.002169864549427193,119.45949274925287,0.6967389583587646,0.0,7,False
1784695043.6623812,control2,77f3845005,MOSEK,soc,False,42,377,1,10,-0.05992495134694129,119.45949274925287,0.6967389583587646,6.127357482910156e-05,4,False
1784695044.3933935,control2,77f3845005,MOSEK,soc,False,42,378,0,20,-0.002199591632310048,119.32385049220048,0.713801383972168,0.0009508132934570312,7,False
1784695044.397804,control2,77f3845005,MOSEK,soc,False,42,378,1,10,-0.054387653340279035,119.32385049220048,0.713801383972168,0.0,4,False
1784695045.1094294,control2,77f3845005,MOSEK,soc,False,42,379,0,20,-0.002609281084473834,119.03485324302798,0.6954071521759033,0.0,7,False
1784695045.113545,control2,77f3845005,MOSEK,soc,False,42,379,1,10,-0.07878433964127912,119.03485324302798,0.6954071521759033,0.0010273456573486328,4,False
1784695045.881659,control2,77f3845005,MOSEK,soc,False,42,380,0,20,-0.0033963031295224685,118.77859533298054,0.7502398490905762,0.0,7,False
1784695045.8870728,control2,77f3845005,MOSEK,soc,False,42,380,1,10,-0.11428897676009009,118.77859533298054,0.7502398490905762,0.0,4,False
1784695046.5871503,control2,77f3845005,MOSEK,soc,False,42,381,0,20,-0.0026994284036780366,118.74017165991441,0.6863336563110352,0.0,7,False
1784695046.5910451,control2,77f3845005,MOSEK,soc,False,42,381,1,10,-0.058939225682392786,118.74017165991441,0.6863336563110352,0.0,4,False
1784695047.2920718,control2,77f3845005,MOSEK,soc,False,42,382,0,20,-0.002318465445751546,118.61399773874082,0.6849093437194824,0.0009989738464355469,8,False
1784695047.2961211,control2,77f3845005,MOSEK,soc,False,42,382,1,10,-0.06636482443487718,118.61399773874082,0.6849093437194824,0.0,4,False
1784695048.031639,control2,77f3845005,MOSEK,soc,False,42,383,0,20,-0.0018931930195907522,118.52125489220408,0.7181274890899658,0.0,7,False
1784695048.0358143,control2,77f3845005,MOSEK,soc,False,42,383,1,10,-0.04335315541915229,118.52125489220408,0.7181274890899658,0.000978231430053711,3,False
1784695048.7869518,control2,77f3845005,MOSEK,soc,False,42,384,0,20,-0.0053032172184395866,117.9212765575807,0.7333755493164062,0.0010018348693847656,8,False
1784695048.7910533,control2,77f3845005,MOSEK,soc,False,42,384,1,10,-0.0705380009670544,117.9212765575807,0.7333755493164062,0.0009958744049072266,4,False
1784695049.5428452,control2,77f3845005,MOSEK,soc,False,42,385,0,20,-0.0029446536457942035,117.73798665649925,0.7351078987121582,0.0,7,False
1784695049.545811,control2,77f3845005,MOSEK,soc,False,42,385,1,10,-0.03925833968205357,117.73798665649925,0.7351078987121582,0.0009052753448486328,4,False
1784695050.2833352,control2,77f3845005,MOSEK,soc,False,42,386,0,20,-0.002956502040128117,117.62831579573918,0.7213201522827148,0.0,7,False
1784695050.2873285,control2,77f3845005,MOSEK,soc,False,42,386,1,10,-0.03152165338712523,117.62831579573918,0.7213201522827148,0.0008881092071533203,3,False
1784695051.0026226,control2,77f3845005,MOSEK,soc,False,42,387,0,20,-0.004124629197292862,117.56960514168446,0.6991837024688721,0.0,8,False
1784695051.0065708,control2,77f3845005,MOSEK,soc,False,42,387,1,10,-0.026778972104528967,117.56960514168446,0.6991837024688721,0.0,4,False
1784695051.835269,control2,77f3845005,MOSEK,soc,False,42,388,0,20,-0.004393004630977776,117.35735294731188,0.8088655471801758,0.0,7,False
1784695051.8403041,control2,77f3845005,MOSEK,soc,False,42,388,1,10,-0.058626953431512085,117.35735294731188,0.8088655471801758,0.0,4,False
1784695052.6978252,control2,77f3845005,MOSEK,soc,False,42,389,0,20,-0.002836987696195872,117.25505824599998,0.8384552001953125,0.0,7,False
1784695052.7017803,control2,77f3845005,MOSEK,soc,False,42,389,1,10,-0.04626031629680605,117.25505824599998,0.8384552001953125,0.0,3,False
1784695053.477239,control2,77f3845005,MOSEK,soc,False,42,390,0,20,-0.0038906621049062057,117.1710088434494,0.7595255374908447,0.0,8,False
1784695053.4812021,control2,77f3845005,MOSEK,soc,False,42,390,1,10,-0.04490445884610228,117.1710088434494,0.7595255374908447,0.0,4,False
1784695054.1998937,control2,77f3845005,MOSEK,soc,False,42,391,0,20,-0.0035671955779879435,117.09554216230546,0.7033460140228271,0.0,8,False
1784695054.2040315,control2,77f3845005,MOSEK,soc,False,42,391,1,10,-0.0750382572525843,117.09554216230546,0.7033460140228271,0.0,4,False
1784695055.0456848,control2,77f3845005,MOSEK,soc,False,42,392,0,20,-0.003061711365940561,117.0256624048908,0.8253543376922607,0.0,7,False
1784695055.0489898,control2,77f3845005,MOSEK,soc,False,42,392,1,10,-0.04496990158231701,117.0256624048908,0.8253543376922607,0.0,3,False
1784695055.8494067,control2,77f3845005,MOSEK,soc,False,42,393,0,20,-0.0025971458983324587,116.92694520731189,0.7826220989227295,0.0,7,False
1784695055.8523946,control2,77f3845005,MOSEK,soc,False,42,393,1,10,-0.039057091088378,116.92694520731189,0.7826220989227295,0.0009527206420898438,4,False
1784695056.5987427,control2,77f3845005,MOSEK,soc,False,42,394,0,20,-0.002234133515810937,116.85542771056821,0.7264869213104248,0.0,7,False
1784695056.6027405,control2,77f3845005,MOSEK,soc,False,42,394,1,10,-0.026384234111638243,116.85542771056821,0.7264869213104248,0.0,4,False
1784695057.3412302,control2,77f3845005,MOSEK,soc,False,42,395,0,20,-0.002084841497074221,116.75361412166339,0.7209229469299316,0.0,7,False
1784695057.3462882,control2,77f3845005,MOSEK,soc,False,42,395,1,10,-0.03899147081917519,116.75361412166339,0.7209229469299316,0.0009455680847167969,4,False
1784695058.195568,control2,77f3845005,MOSEK,soc,False,42,396,0,20,-0.004912977096653773,116.57127977253151,0.8303546905517578,0.0006139278411865234,8,False
1784695058.198639,control2,77f3845005,MOSEK,soc,False,42,396,1,10,-0.031593787009186546,116.57127977253151,0.8303546905517578,0.0,4,False
1784695058.9532027,control2,77f3845005,MOSEK,soc,False,42,397,0,20,-0.002923951928248169,116.38503504390796,0.7346837520599365,0.0,7,False
1784695058.9571905,control2,77f3845005,MOSEK,soc,False,42,397,1,10,-0.022318389172944667,116.38503504390796,0.7346837520599365,0.0009810924530029297,4,False
1784695059.7442343,control2,77f3845005,MOSEK,soc,False,42,398,0,20,-0.0025430055304191458,116.27403710730032,0.7688233852386475,0.0010056495666503906,7,False
1784695059.7482362,control2,77f3845005,MOSEK,soc,False,42,398,1,10,-0.019662641863279096,116.27403710730032,0.7688233852386475,0.0009515285491943359,4,False
1784695060.524534,control2,77f3845005,MOSEK,soc,False,42,399,0,20,-0.007239151617703445,115.53304110777614,0.756352424621582,0.0,8,False
1784695060.5275402,control2,77f3845005,MOSEK,soc,False,42,399,1,10,-0.08505525095976607,115.53304110777614,0.756352424621582,0.0,4,False
1784695061.2556021,control2,77f3845005,MOSEK,soc,False,42,400,0,20,-0.005632993112411302,115.46945242753114,0.7108359336853027,0.0,8,False
1784695061.259482,control2,77f3845005,MOSEK,soc,False,42,400,1,10,-0.0630477940284474,115.46945242753114,0.7108359336853027,0.0010106563568115234,4,False
1784695061.9930785,control2,77f3845005,MOSEK,soc,False,42,401,0,20,-0.004828984076123494,115.29624252231778,0.7153539657592773,0.0,7,False
1784695061.997828,control2,77f3845005,MOSEK,soc,False,42,401,1,10,-0.05866914135844338,115.29624252231778,0.7153539657592773,0.0,4,False
1784695062.756758,control2,77f3845005,MOSEK,soc,False,42,402,0,20,-0.00399870810006067,115.13821175796036,0.7383837699890137,0.0,7,False
1784695062.7604363,control2,77f3845005,MOSEK,soc,False,42,402,1,10,-0.07218632283220006,115.13821175796036,0.7383837699890137,0.0010581016540527344,4,False
1784695063.561724,control2,77f3845005,MOSEK,soc,False,42,403,0,20,-0.0041828826255871894,114.54325653463268,0.7836868762969971,0.0,8,False
1784695063.5657315,control2,77f3845005,MOSEK,soc,False,42,403,1,10,-0.06972792533054835,114.54325653463268,0.7836868762969971,0.0009918212890625,4,False
1784695064.373655,control2,77f3845005,MOSEK,soc,False,42,404,0,20,-0.0030807352803898166,114.29706303477677,0.789907693862915,0.0,7,False
1784695064.3779986,control2,77f3845005,MOSEK,soc,False,42,404,1,10,-0.09606406344692275,114.29706303477677,0.789907693862915,0.0,4,False
1784695065.1856115,control2,77f3845005,MOSEK,soc,False,42,405,0,20,-0.0030811878707417786,114.08023367355176,0.7898883819580078,0.0005857944488525391,7,False
1784695065.1906035,control2,77f3845005,MOSEK,soc,False,42,405,1,10,-0.10016919320721628,114.08023367355176,0.7898883819580078,0.0008778572082519531,4,False
1784695066.0032716,control2,77f3845005,MOSEK,soc,False,42,406,0,20,-0.003113984437754718,113.92522973284768,0.7914524078369141,0.0,6,False
1784695066.0071976,control2,77f3845005,MOSEK,soc,False,42,406,1,10,-0.06586209270992302,113.92522973284768,0.7914524078369141,0.0,4,False
1784695066.824449,control2,77f3845005,MOSEK,soc,False,42,407,0,20,-0.007882120993830068,113.5583627594331,0.7984840869903564,0.0,8,False
1784695066.8284726,control2,77f3845005,MOSEK,soc,False,42,407,1,10,-0.1287356996749557,113.5583627594331,0.7984840869903564,0.0,4,False
1784695067.612987,control2,77f3845005,MOSEK,soc,False,42,408,0,20,-0.011568691229199068,113.44038211876891,0.7655799388885498,0.0,8,False
1784695067.6169267,control2,77f3845005,MOSEK,soc,False,42,408,1,10,-0.0582806584395652,113.44038211876891,0.7655799388885498,0.0,4,False
1784695068.4253898,control2,77f3845005,MOSEK,soc,False,42,409,0,20,-0.015215581773786213,113.16678817247492,0.7927415370941162,0.0,8,False
1784695068.4293609,control2,77f3845005,MOSEK,soc,False,42,409,1,10,-0.21818838736420632,113.16678817247492,0.7927415370941162,0.0009474754333496094,4,False
1784695069.2499807,control2,77f3845005,MOSEK,soc,False,42,410,0,20,-0.012181876964038,112.88813671636603,0.8041925430297852,0.0011501312255859375,7,False
1784695069.2539117,control2,77f3845005,MOSEK,soc,False,42,410,1,10,-0.09830677143324217,112.88813671636603,0.8041925430297852,0.0,3,False
1784695070.0201838,control2,77f3845005,MOSEK,soc,False,42,411,0,20,-0.007295547991213701,112.7626990091077,0.7503716945648193,0.0,7,False
1784695070.022117,control2,77f3845005,MOSEK,soc,False,42,411,1,10,-0.06893885126785053,112.7626990091077,0.7503716945648193,0.0,4,False
1784695070.8392465,control2,77f3845005,MOSEK,soc,False,42,412,0,20,-0.00736114810887312,112.59218861492597,0.7988202571868896,0.0010042190551757812,8,False
1784695070.8422482,control2,77f3845005,MOSEK,soc,False,42,412,1,10,-0.055175008166262855,112.59218861492597,0.7988202571868896,0.0,4,False
1784695071.7175436,control2,77f3845005,MOSEK,soc,False,42,413,0,20,-0.004239808176167603,112.40640112153048,0.8575434684753418,0.0,8,False
1784695071.7214897,control2,77f3845005,MOSEK,soc,False,42,413,1,10,-0.04522523737329839,112.40640112153048,0.8575434684753418,0.0,4,False
1784695072.6137848,control2,77f3845005,MOSEK,soc,False,42,414,0,20,-0.0035538174003261337,112.35706810235934,0.8736934661865234,0.0,8,False
1784695072.6186986,control2,77f3845005,MOSEK,soc,False,42,414,1,10,-0.04917500230619701,112.35706810235934,0.8736934661865234,0.0009942054748535156,4,False
1784695073.6016068,control2,77f3845005,MOSEK,soc,False,42,415,0,20,-0.003829648690370574,112.32004533553493,0.9654219150543213,0.0010094642639160156,7,False
1784695073.6056378,control2,77f3845005,MOSEK,soc,False,42,415,1,10,-0.056239749730798066,112.32004533553493,0.9654219150543213,0.0,4,False
1784695074.4210796,control2,77f3845005,MOSEK,soc,False,42,416,0,20,-0.0026002921723470855,112.27478285286276,0.7971582412719727,0.0,6,False
1784695074.4257445,control2,77f3845005,MOSEK,soc,False,42,416,1,10,-0.03637483642461428,112.27478285286276,0.7971582412719727,0.0,4,False
1784695075.2187612,control2,77f3845005,MOSEK,soc,False,42,417,0,20,-0.002560021541326001,112.20790865035775,0.7782948017120361,0.0,7,False
1784695075.2229242,control2,77f3845005,MOSEK,soc,False,42,417,1,10,-0.02903317100397358,112.20790865035775,0.7782948017120361,0.0,4,False
1784695076.0310516,control2,77f3845005,MOSEK,soc,False,42,418,0,20,-0.002400118169787613,112.17398892141775,0.7907247543334961,0.0,7,False
1784695076.0340533,control2,77f3845005,MOSEK,soc,False,42,418,1,10,-0.03732579654626084,112.17398892141775,0.7907247543334961,0.0,3,False
1784695076.8754277,control2,77f3845005,MOSEK,soc,False,42,419,0,20,-0.0026776499759831123,112.04982543100766,0.8249928951263428,0.0011391639709472656,7,False
1784695076.8785124,control2,77f3845005,MOSEK,soc,False,42,419,1,10,-0.027538524402224582,112.04982543100766,0.8249928951263428,0.0,4,False
1784695077.7781236,control2,77f3845005,MOSEK,soc,False,42,420,0,20,-0.002012274703696466,112.02699024700233,0.8794732093811035,0.0,6,False
1784695077.7818573,control2,77f3845005,MOSEK,soc,False,42,420,1,10,-0.03474706274632193,112.02699024700233,0.8794732093811035,0.0,3,False
1784695078.6466625,control2,77f3845005,MOSEK,soc,False,42,421,0,20,-0.0023387786039762173,111.78067810850965,0.8464639186859131,0.0,7,False
1784695078.6513197,control2,77f3845005,MOSEK,soc,False,42,421,1,10,-0.07012313606591176,111.78067810850965,0.8464639186859131,0.0,4,False
1784695079.4674375,control2,77f3845005,MOSEK,soc,False,42,422,0,20,-0.0021535494386154984,111.69853523640528,0.79831862449646,0.0,6,False
1784695079.47213,control2,77f3845005,MOSEK,soc,False,42,422,1,10,-0.04612353735763596,111.69853523640528,0.79831862449646,0.0,4,False
1784695080.3788877,control2,77f3845005,MOSEK,soc,False,42,423,0,20,-0.002236977486882241,111.52701889971837,0.8834989070892334,0.0,8,False
1784695080.3837512,control2,77f3845005,MOSEK,soc,False,42,423,1,10,-0.033374314924290924,111.52701889971837,0.8834989070892334,0.0,4,False
1784695081.2808647,control2,77f3845005,MOSEK,soc,False,42,424,0,20,-0.002855183537787015,111.44191481257243,0.8796110153198242,0.0,7,False
1784695081.2845583,control2,77f3845005,MOSEK,soc,False,42,424,1,10,-0.04524294442797078,111.44191481257243,0.8796110153198242,0.0,4,False
1784695082.2132564,control2,77f3845005,MOSEK,soc,False,42,425,0,20,-0.008404062746471121,110.93824735114116,0.9038565158843994,0.0006997585296630859,8,False
1784695082.2162158,control2,77f3845005,MOSEK,soc,False,42,425,1,10,-0.050644901165162806,110.93824735114116,0.9038565158843994,0.0,4,False
1784695083.0915954,control2,77f3845005,MOSEK,soc,False,42,426,0,20,-0.011047647978856592,110.28167854182584,0.8531877994537354,0.0,9,False
1784695083.0958922,control2,77f3845005,MOSEK,soc,False,42,426,1,10,-0.09134479810534878,110.28167854182584,0.8531877994537354,0.0,4,False
1784695083.947743,control2,77f3845005,MOSEK,soc,False,42,427,0,20,-0.013579639856661737,110.10869742218051,0.8319897651672363,0.0,8,False
1784695083.9517393,control2,77f3845005,MOSEK,soc,False,42,427,1,10,-0.06743587996058324,110.10869742218051,0.8319897651672363,0.0,3,False
1784695084.8378081,control2,77f3845005,MOSEK,soc,False,42,428,0,20,-0.007188783146703966,109.8095806771885,0.8668959140777588,0.0,8,False
1784695084.8430188,control2,77f3845005,MOSEK,soc,False,42,428,1,10,-0.03318256369339129,109.8095806771885,0.8668959140777588,0.0,4,False
1784695085.6914706,control2,77f3845005,MOSEK,soc,False,42,429,0,20,-0.0075070001025703955,109.26452303678792,0.8275532722473145,0.0,8,False
1784695085.6965835,control2,77f3845005,MOSEK,soc,False,42,429,1,10,-0.07708102183296225,109.26452303678792,0.8275532722473145,0.0,4,False
1784695086.5839555,control2,77f3845005,MOSEK,soc,False,42,430,0,20,-0.006734878489751511,109.06498402792649,0.866335391998291,0.0010139942169189453,8,False
1784695086.5868738,control2,77f3845005,MOSEK,soc,False,42,430,1,10,-0.05520079892593599,109.06498402792649,0.866335391998291,0.0009496212005615234,4,False
1784695087.4832904,control2,77f3845005,MOSEK,soc,False,42,431,0,20,-0.0043009577820202925,108.94824914996184,0.8766748905181885,0.0,7,False
1784695087.4862106,control2,77f3845005,MOSEK,soc,False,42,431,1,10,-0.05917780797743134,108.94824914996184,0.8766748905181885,0.0009334087371826172,3,False
1784695088.3534026,control2,77f3845005,MOSEK,soc,False,42,432,0,20,-0.005520991209664755,108.79048277623275,0.8503413200378418,0.0,7,False
1784695088.357987,control2,77f3845005,MOSEK,soc,False,42,432,1,10,-0.07558914769679213,108.79048277623275,0.8503413200378418,0.0,4,False
1784695089.303692,control2,77f3845005,MOSEK,soc,False,42,433,0,20,-0.006412319660706507,108.68750929370484,0.9261519908905029,0.0009984970092773438,7,False
1784695089.3081133,control2,77f3845005,MOSEK,soc,False,42,433,1,10,-0.05631738121514333,108.68750929370484,0.9261519908905029,0.0,3,False
1784695090.2241476,control2,77f3845005,MOSEK,soc,False,42,434,0,20,-0.004824899599056342,108.60911233435135,0.8977012634277344,0.0,8,False
1784695090.227169,control2,77f3845005,MOSEK,soc,False,42,434,1,10,-0.04527846309689506,108.60911233435135,0.8977012634277344,0.0,4,False
1784695091.1446168,control2,77f3845005,MOSEK,soc,False,42,435,0,20,-0.006869608824553801,108.46025746851409,0.8998453617095947,0.0,7,False
1784695091.1486177,control2,77f3845005,MOSEK,soc,False,42,435,1,10,-0.07868396301802157,108.46025746851409,0.8998453617095947,0.0,3,False
1784695092.040704,control2,77f3845005,MOSEK,soc,False,42,436,0,20,-0.004949161041270987,108.38236944095893,0.8703591823577881,0.0009868144989013672,7,False
1784695092.0455127,control2,77f3845005,MOSEK,soc,False,42,436,1,10,-0.05971926106168064,108.38236944095893,0.8703591823577881,0.0,4,False
1784695092.9709473,control2,77f3845005,MOSEK,soc,False,42,437,0,20,-0.004804080633713424,108.25637222077498,0.9080469608306885,0.0009982585906982422,7,False
1784695092.9749308,control2,77f3845005,MOSEK,soc,False,42,437,1,10,-0.0437401513537415,108.25637222077498,0.9080469608306885,0.0009844303131103516,4,False
1784695093.840258,control2,77f3845005,MOSEK,soc,False,42,438,0,20,-0.0032076307265507696,108.15319452347876,0.8458282947540283,0.0,7,False
1784695093.8452415,control2,77f3845005,MOSEK,soc,False,42,438,1,10,-0.0501183404260767,108.15319452347876,0.8458282947540283,0.0,3,False
1784695094.748686,control2,77f3845005,MOSEK,soc,False,42,439,0,20,-0.004224151820549082,108.08444624229054,0.8797683715820312,0.0,7,False
1784695094.7526717,control2,77f3845005,MOSEK,soc,False,42,439,1,10,-0.07382496177049579,108.08444624229054,0.8797683715820312,0.0009844303131103516,4,False
1784695095.6364195,control2,77f3845005,MOSEK,soc,False,42,440,0,20,-0.0026465346922044173,108.01902378805676,0.8649778366088867,0.0006325244903564453,7,False
1784695095.6404192,control2,77f3845005,MOSEK,soc,False,42,440,1,10,-0.058601884815577106,108.01902378805676,0.8649778366088867,0.0,4,False
1784695096.545223,control2,77f3845005,MOSEK,soc,False,42,441,0,20,-0.003827831660812017,107.92489008758618,0.8868927955627441,0.0,7,False
1784695096.5491035,control2,77f3845005,MOSEK,soc,False,42,441,1,10,-0.019656415277341233,107.92489008758618,0.8868927955627441,0.0,4,False
1784695097.4695656,control2,77f3845005,MOSEK,soc,False,42,442,0,20,-0.0024035096662107735,107.85049532179994,0.9018187522888184,0.0,6,False
1784695097.473621,control2,77f3845005,MOSEK,soc,False,42,442,1,10,-0.036179129284164,107.85049532179994,0.9018187522888184,0.0,4,False
1784695098.4458332,control2,77f3845005,MOSEK,soc,False,42,443,0,20,-0.0030832950900858778,107.82028261500459,0.9534978866577148,0.0,7,False
1784695098.4490533,control2,77f3845005,MOSEK,soc,False,42,443,1,10,-0.04084464162498818,107.82028261500459,0.9534978866577148,0.0,4,False
1784695099.371417,control2,77f3845005,MOSEK,soc,False,42,444,0,20,-0.0021345298482404467,107.78865650138272,0.9047141075134277,0.0,7,False
1784695099.3754852,control2,77f3845005,MOSEK,soc,False,42,444,1,10,-0.027880583403327944,107.78865650138272,0.9047141075134277,0.0,3,False
1784695100.2278168,control2,77f3845005,MOSEK,soc,False,42,445,0,20,-0.0018380577567452146,107.71923442835717,0.8359999656677246,0.0,7,False
1784695100.2324147,control2,77f3845005,MOSEK,soc,False,42,445,1,10,-0.02624113240642194,107.71923442835717,0.8359999656677246,0.0,4,False
1784695101.2087348,control2,77f3845005,MOSEK,soc,False,42,446,0,20,-0.004201307945203685,107.54347755153313,0.9522709846496582,0.0005042552947998047,7,False
1784695101.2133014,control2,77f3845005,MOSEK,soc,False,42,446,1,10,-0.028751230097923925,107.54347755153313,0.9522709846496582,0.0,3,False
1784695102.1256747,control2,77f3845005,MOSEK,soc,False,42,447,0,20,-0.0046274132764369934,107.42965573349707,0.892622709274292,0.0,8,False
1784695102.1296716,control2,77f3845005,MOSEK,soc,False,42,447,1,10,-0.052746966492984215,107.42965573349707,0.892622709274292,0.0009100437164306641,4,False
1784695103.0574403,control2,77f3845005,MOSEK,soc,False,42,448,0,20,-0.002087721254010048,107.39205761451692,0.9125492572784424,0.0,8,False
1784695103.0621097,control2,77f3845005,MOSEK,soc,False,42,448,1,10,-0.03926840426009447,107.39205761451692,0.9125492572784424,0.0,4,False
1784695104.008679,control2,77f3845005,MOSEK,soc,False,42,449,0,20,-0.0024433090038706723,107.35384854313116,0.9268207550048828,0.0,6,False
1784695104.011736,control2,77f3845005,MOSEK,soc,False,42,449,1,10,-0.03764691885180048,107.35384854313116,0.9268207550048828,0.0,3,False
1784695104.9034462,control2,77f3845005,MOSEK,soc,False,42,450,0,20,-0.003742068516696221,107.24626546415628,0.8711135387420654,0.0,6,False
1784695104.9073913,control2,77f3845005,MOSEK,soc,False,42,450,1,10,-0.0385295499630285,107.24626546415628,0.8711135387420654,0.0005168914794921875,4,False
1784695105.8203669,control2,77f3845005,MOSEK,soc,False,42,451,0,20,-0.003003045983059971,107.17598187056748,0.8957173824310303,0.0,7,False
1784695105.8246202,control2,77f3845005,MOSEK,soc,False,42,451,1,10,-0.042817038638854776,107.17598187056748,0.8957173824310303,0.0,4,False
1784695106.8070042,control2,77f3845005,MOSEK,soc,False,42,452,0,20,-0.002827302353324903,107.11918139648138,0.9632229804992676,0.0,6,False
1784695106.8112671,control2,77f3845005,MOSEK,soc,False,42,452,1,10,-0.021776619537384252,107.11918139648138,0.9632229804992676,0.0,4,False
1784695107.7379475,control2,77f3845005,MOSEK,soc,False,42,453,0,20,-0.0017004705207325148,107.07123281525796,0.9081768989562988,0.0,7,False
1784695107.7430377,control2,77f3845005,MOSEK,soc,False,42,453,1,10,-0.02139550379550022,107.07123281525796,0.9081768989562988,0.0,5,False
1784695108.658205,control2,77f3845005,MOSEK,soc,False,42,454,0,20,-0.0018492021278802059,106.92593315572284,0.8965370655059814,0.0,7,False
1784695108.6618836,control2,77f3845005,MOSEK,soc,False,42,454,1,10,-0.01732358159146965,106.92593315572284,0.8965370655059814,0.0,4,False
1784695109.600395,control2,77f3845005,MOSEK,soc,False,42,455,0,20,-0.001601884597481813,106.81982800071923,0.9209327697753906,0.0,6,False
1784695109.6044207,control2,77f3845005,MOSEK,soc,False,42,455,1,10,-0.027105312912961328,106.81982800071923,0.9209327697753906,0.0,4,False
1784695110.4866376,control2,77f3845005,MOSEK,soc,False,42,456,0,20,-0.0013843682686821978,106.78771617057231,0.8648757934570312,0.0,6,False
1784695110.4916515,control2,77f3845005,MOSEK,soc,False,42,456,1,10,-0.030952264933011866,106.78771617057231,0.8648757934570312,0.0,3,False
1784695111.3987858,control2,77f3845005,MOSEK,soc,False,42,457,0,20,-0.010339445991047554,105.88551824696656,0.8901004791259766,0.0,8,False
1784695111.40334,control2,77f3845005,MOSEK,soc,False,42,457,1,10,-0.157005342970193,105.88551824696656,0.8901004791259766,0.0,4,False
1784695112.5359619,control2,77f3845005,MOSEK,soc,False,42,458,0,20,-0.01147008811374308,105.42177462994235,1.1076021194458008,0.0,8,False
1784695112.541663,control2,77f3845005,MOSEK,soc,False,42,458,1,10,-0.22877285342896747,105.42177462994235,1.1076021194458008,0.0,4,False
1784695113.5195937,control2,77f3845005,MOSEK,soc,False,42,459,0,20,-0.01276731236185638,105.1186403790355,0.9602012634277344,0.0,8,False
1784695113.5235152,control2,77f3845005,MOSEK,soc,False,42,459,1,10,-0.11520336701107409,105.1186403790355,0.9602012634277344,0.0,4,False
1784695114.440329,control2,77f3845005,MOSEK,soc,False,42,460,0,20,-0.01371573711877561,104.57480947938537,0.8999428749084473,0.0010628700256347656,8,False
1784695114.4449065,control2,77f3845005,MOSEK,soc,False,42,460,1,10,-0.1672891959078933,104.57480947938537,0.8999428749084473,0.0,4,False
1784695115.4250875,control2,77f3845005,MOSEK,soc,False,42,461,0,20,-0.007839709062428334,104.29294535226133,0.9545493125915527,0.0,8,False
1784695115.4273634,control2,77f3845005,MOSEK,soc,False,42,461,1,10,-0.11048675384612662,104.29294535226133,0.9545493125915527,0.0,3,False
1784695116.3933678,control2,77f3845005,MOSEK,soc,False,42,462,0,20,-0.004662377041708907,104.12937120069375,0.9488029479980469,0.0,7,False
1784695116.3963187,control2,77f3845005,MOSEK,soc,False,42,462,1,10,-0.0883084934238913,104.12937120069375,0.9488029479980469,0.0,3,False
1784695117.3819308,control2,77f3845005,MOSEK,soc,False,42,463,0,20,-0.005722784802251719,103.95347905541934,0.9686751365661621,0.0010058879852294922,7,False
1784695117.3869324,control2,77f3845005,MOSEK,soc,False,42,463,1,10,-0.07159619477919525,103.95347905541934,0.9686751365661621,0.0,4,False
1784695118.3231509,control2,77f3845005,MOSEK,soc,False,42,464,0,20,-0.004208640774973562,103.76507210656163,0.916252851486206,0.0009801387786865234,7,False
1784695118.3270855,control2,77f3845005,MOSEK,soc,False,42,464,1,10,-0.09641761262942453,103.76507210656163,0.916252851486206,0.0,4,False
1784695119.273196,control2,77f3845005,MOSEK,soc,False,42,465,0,20,-0.006041973754783425,103.35190650040731,0.9277362823486328,0.0010988712310791016,7,False
1784695119.2761898,control2,77f3845005,MOSEK,soc,False,42,465,1,10,-0.0806386116222722,103.35190650040731,0.9277362823486328,0.0,4,False
1784695120.2137554,control2,77f3845005,MOSEK,soc,False,42,466,0,20,-0.005635442927369213,103.0403268259989,0.9227240085601807,0.0,7,False
1784695120.217887,control2,77f3845005,MOSEK,soc,False,42,466,1,10,-0.06113700114696636,103.0403268259989,0.9227240085601807,0.0,4,False
1784695121.1271138,control2,77f3845005,MOSEK,soc,False,42,467,0,20,-0.003949474931228132,102.90613770450877,0.8907763957977295,0.0,7,False
1784695121.1290605,control2,77f3845005,MOSEK,soc,False,42,467,1,10,-0.0665020814631958,102.90613770450877,0.8907763957977295,0.0,4,False
1784695122.0656776,control2,77f3845005,MOSEK,soc,False,42,468,0,20,-0.004355085309325889,102.80032134886245,0.9163193702697754,0.0,8,False
1784695122.070645,control2,77f3845005,MOSEK,soc,False,42,468,1,10,-0.04758377463694568,102.80032134886245,0.9163193702697754,0.0009715557098388672,4,False
1784695122.9915833,control2,77f3845005,MOSEK,soc,False,42,469,0,20,-0.007401902196839883,102.55881465137519,0.9010045528411865,0.0,8,False
1784695122.995645,control2,77f3845005,MOSEK,soc,False,42,469,1,10,-0.06483290490038433,102.55881465137519,0.9010045528411865,0.0010056495666503906,4,False
1784695123.8761854,control2,77f3845005,MOSEK,soc,False,42,470,0,20,-0.007306427654263849,102.3674362409,0.8602862358093262,0.0016231536865234375,7,False
1784695123.880205,control2,77f3845005,MOSEK,soc,False,42,470,1,10,-0.056675137855671916,102.3674362409,0.8602862358093262,0.0,4,False
1784695124.9178133,control2,77f3845005,MOSEK,soc,False,42,471,0,20,-0.010992042506306582,102.24056776537957,1.01576566696167,0.0,8,False
1784695124.921533,control2,77f3845005,MOSEK,soc,False,42,471,1,10,-0.08361824375753016,102.24056776537957,1.01576566696167,0.0,3,False
1784695125.9149563,control2,77f3845005,MOSEK,soc,False,42,472,0,20,-0.006616699308304324,102.15174961048264,0.9754772186279297,0.0011124610900878906,7,False
1784695125.9168532,control2,77f3845005,MOSEK,soc,False,42,472,1,10,-0.04259117449028711,102.15174961048264,0.9754772186279297,0.0,4,False
1784695126.8402164,control2,77f3845005,MOSEK,soc,False,42,473,0,20,-0.008610211091486932,102.0811153180616,0.9042773246765137,0.0,7,False
1784695126.8436375,control2,77f3845005,MOSEK,soc,False,42,473,1,10,-0.0798631414373024,102.0811153180616,0.9042773246765137,0.0,4,False
1784695127.8238826,control2,77f3845005,MOSEK,soc,False,42,474,0,20,-0.0052994205665884385,102.0240013906934,0.9636938571929932,0.0,7,False
1784695127.828246,control2,77f3845005,MOSEK,soc,False,42,474,1,10,-0.05913904859699291,102.0240013906934,0.9636938571929932,0.0004639625549316406,3,False
1784695128.812382,control2,77f3845005,MOSEK,soc,False,42,475,0,20,-0.006576253298217848,101.91962461479874,0.965113639831543,0.0,7,False
1784695128.816601,control2,77f3845005,MOSEK,soc,False,42,475,1,10,-0.027074027422698477,101.91962461479874,0.965113639831543,0.0,3,False
1784695129.7960665,control2,77f3845005,MOSEK,soc,False,42,476,0,20,-0.008197108707134707,101.7773072285193,0.9597151279449463,0.0,7,False
1784695129.8000653,control2,77f3845005,MOSEK,soc,False,42,476,1,10,-0.02721208448360251,101.7773072285193,0.9597151279449463,0.0,4,False
1784695130.7654696,control2,77f3845005,MOSEK,soc,False,42,477,0,20,-0.005640953981607413,101.53914837649172,0.9473631381988525,0.0,7,False
1784695130.7704904,control2,77f3845005,MOSEK,soc,False,42,477,1,10,-0.023465788524323506,101.53914837649172,0.9473631381988525,0.0,4,False
1784695131.699166,control2,77f3845005,MOSEK,soc,False,42,478,0,20,-0.009330783561804846,101.32049586267053,0.9089312553405762,0.0007579326629638672,9,False
1784695131.7031558,control2,77f3845005,MOSEK,soc,False,42,478,1,10,-0.04357316418600997,101.32049586267053,0.9089312553405762,0.0,4,False
1784695132.650954,control2,77f3845005,MOSEK,soc,False,42,479,0,20,-0.006449753469774078,101.10548615197936,0.9298810958862305,0.0,8,False
1784695132.6555321,control2,77f3845005,MOSEK,soc,False,42,479,1,10,-0.05516918634375785,101.10548615197936,0.9298810958862305,0.0,5,False
1784695133.6253624,control2,77f3845005,MOSEK,soc,False,42,480,0,20,-0.00482098629575207,101.0169878568685,0.9421865940093994,0.0,8,False
1784695133.629135,control2,77f3845005,MOSEK,soc,False,42,480,1,10,-0.05647658135296609,101.0169878568685,0.9421865940093994,0.0,4,False
1784695134.5910428,control2,77f3845005,MOSEK,soc,False,42,481,0,20,-0.0040367021907018515,100.94452485808945,0.9398579597473145,0.0,8,False
1784695134.5951762,control2,77f3845005,MOSEK,soc,False,42,481,1,10,-0.05569695140048368,100.94452485808945,0.9398579597473145,0.0,4,False
1784695135.6193833,control2,77f3845005,MOSEK,soc,False,42,482,0,20,-0.003472858099073561,100.84085492249129,1.0073776245117188,0.0,7,False
1784695135.62192,control2,77f3845005,MOSEK,soc,False,42,482,1,10,-0.03730049068789837,100.84085492249129,1.0073776245117188,6.985664367675781e-05,4,False
1784695136.6085699,control2,77f3845005,MOSEK,soc,False,42,483,0,20,-0.004120768319843094,100.80953235087075,0.9658913612365723,0.0,8,False
1784695136.6116316,control2,77f3845005,MOSEK,soc,False,42,483,1,10,-0.03800708790079811,100.80953235087075,0.9658913612365723,0.0,3,False
1784695137.589356,control2,77f3845005,MOSEK,soc,False,42,484,0,20,-0.0025087302311727986,100.73206942940848,0.9598777294158936,0.0,7,False
1784695137.5922818,control2,77f3845005,MOSEK,soc,False,42,484,1,10,-0.03260734172159756,100.73206942940848,0.9598777294158936,0.0009076595306396484,4,False
1784695138.5919588,control2,77f3845005,MOSEK,soc,False,42,485,0,20,-0.004062629088324751,100.65745203409858,0.979459285736084,0.0,7,False
1784695138.5960455,control2,77f3845005,MOSEK,soc,False,42,485,1,10,-0.03770889246708579,100.65745203409858,0.979459285736084,0.0,4,False
1784695139.565674,control2,77f3845005,MOSEK,soc,False,42,486,0,20,-0.002062643998111469,100.62583201910954,0.9484379291534424,0.0,7,False
1784695139.5696807,control2,77f3845005,MOSEK,soc,False,42,486,1,10,-0.029363078498708183,100.62583201910954,0.9484379291534424,0.0009336471557617188,4,False
1784695140.5560749,control2,77f3845005,MOSEK,soc,False,42,487,0,20,-0.0025037044369203183,100.51355834641616,0.9685118198394775,0.0,7,False
1784695140.5607316,control2,77f3845005,MOSEK,soc,False,42,487,1,10,-0.03679344141968357,100.51355834641616,0.9685118198394775,0.0,4,False
1784695141.4838634,control2,77f3845005,MOSEK,soc,False,42,488,0,20,-0.0028482212194114965,100.45564746328176,0.9034957885742188,0.0,7,False
1784695141.4878643,control2,77f3845005,MOSEK,soc,False,42,488,1,10,-0.024983687525522665,100.45564746328176,0.9034957885742188,0.0,3,False
1784695142.54261,control2,77f3845005,MOSEK,soc,False,42,489,0,20,-0.0014763481483727396,100.38457592957383,1.0317103862762451,0.0010044574737548828,7,False
1784695142.5466146,control2,77f3845005,MOSEK,soc,False,42,489,1,10,-0.03541133363157531,100.38457592957383,1.0317103862762451,0.0009665489196777344,3,False
1784695143.636142,control2,77f3845005,MOSEK,soc,False,42,490,0,20,-0.0013044013355850803,100.20534372851702,1.0702672004699707,0.0,7,False
1784695143.6391325,control2,77f3845005,MOSEK,soc,False,42,490,1,10,-0.03473110274067111,100.20534372851702,1.0702672004699707,0.0010221004486083984,4,False
1784695144.6298757,control2,77f3845005,MOSEK,soc,False,42,491,0,20,-0.0021502701434312457,100.07764764323412,0.9702813625335693,0.0010075569152832031,7,False
1784695144.63434,control2,77f3845005,MOSEK,soc,False,42,491,1,10,-0.06742744485562463,100.07764764323412,0.9702813625335693,0.0,5,False
1784695145.594622,control2,77f3845005,MOSEK,soc,False,42,492,0,20,-0.0019168340174242533,99.93105470536744,0.9406852722167969,0.0,7,False
1784695145.5986276,control2,77f3845005,MOSEK,soc,False,42,492,1,10,-0.02795401901085079,99.93105470536744,0.9406852722167969,0.0,4,False
1784695146.642493,control2,77f3845005,MOSEK,soc,False,42,493,0,20,-0.0018748024110007233,99.80673984138028,1.0223994255065918,0.0,7,False
1784695146.645444,control2,77f3845005,MOSEK,soc,False,42,493,1,10,-0.047968658787381636,99.80673984138028,1.0223994255065918,0.0009481906890869141,4,False
1784695147.5831277,control2,77f3845005,MOSEK,soc,False,42,494,0,20,-0.001341776380525191,99.71476567405881,0.9160795211791992,0.0009968280792236328,7,False
1784695147.587596,control2,77f3845005,MOSEK,soc,False,42,494,1,10,-0.026357532304272947,99.71476567405881,0.9160795211791992,0.0,4,False
1784695148.6830747,control2,77f3845005,MOSEK,soc,False,42,495,0,20,-0.002926485730261159,99.52072433745607,1.0772643089294434,0.0009236335754394531,7,False
1784695148.687226,control2,77f3845005,MOSEK,soc,False,42,495,1,10,-0.020361236423533685,99.52072433745607,1.0772643089294434,0.0,4,False
1784695149.7060127,control2,77f3845005,MOSEK,soc,False,42,496,0,20,-0.0014882445267242826,99.41759825247249,0.9970970153808594,0.0,7,False
1784695149.710409,control2,77f3845005,MOSEK,soc,False,42,496,1,10,-0.02696816192134371,99.41759825247249,0.9970970153808594,0.0,4,False
1784695150.7139144,control2,77f3845005,MOSEK,soc,False,42,497,0,20,-0.001439873035313981,99.21474655354001,0.9837691783905029,0.0,6,False
1784695150.717922,control2,77f3845005,MOSEK,soc,False,42,497,1,10,-0.015632193261402028,99.21474655354001,0.9837691783905029,0.0009427070617675781,4,False
1784695151.7547464,control2,77f3845005,MOSEK,soc,False,42,498,0,20,-0.001939754506531926,99.16552845014326,1.0156915187835693,0.0,8,False
1784695151.7589343,control2,77f3845005,MOSEK,soc,False,42,498,1,10,-0.009296876023197908,99.16552845014326,1.0156915187835693,0.0,4,False
1784695152.7645545,control2,77f3845005,MOSEK,soc,False,42,499,0,20,-0.002340087506608699,99.11158631089323,0.9767942428588867,0.0,8,False
1784695152.768893,control2,77f3845005,MOSEK,soc,False,42,499,1,10,-0.01832684247983857,99.11158631089323,0.9767942428588867,0.0,4,False
1784695153.8452592,control2,77f3845005,MOSEK,soc,False,42,500,0,20,-0.001144847804429756,99.07495491695975,1.055570125579834,0.0009772777557373047,7,False
1784695153.8488173,control2,77f3845005,MOSEK,soc,False,42,500,1,10,-0.013624408863318284,99.07495491695975,1.055570125579834,0.0009541511535644531,4,False
1784695153.999589,control2,fd70d20b4d,MOSEK,soc,True,42,1,0,20,-0.2685702044679294,722.6607702554556,0.009216547012329102,0.0,7,False
1784695154.0050364,control2,fd70d20b4d,MOSEK,soc,True,42,1,1,10,-20.1744183744667,722.6607702554556,0.009216547012329102,0.0,2,False
1784695154.031421,control2,fd70d20b4d,MOSEK,soc,True,42,2,0,20,-0.24617025618378938,562.2099006565163,0.021390676498413086,0.0009949207305908203,9,False
1784695154.035406,control2,fd70d20b4d,MOSEK,soc,True,42,2,1,10,-37.59560075211712,562.2099006565163,0.021390676498413086,0.0,3,False
1784695154.0612679,control2,fd70d20b4d,MOSEK,soc,True,42,3,0,20,-0.24481391112057585,475.4029969314047,0.018285751342773438,0.0,9,False
1784695154.0675044,control2,fd70d20b4d,MOSEK,soc,True,42,3,1,10,-32.45303237500454,475.4029969314047,0.018285751342773438,0.0005605220794677734,3,False
1784695154.1029427,control2,fd70d20b4d,MOSEK,soc,True,42,4,0,20,-0.23827595718644726,421.02094432963116,0.030292749404907227,0.0,9,False
1784695154.108586,control2,fd70d20b4d,MOSEK,soc,True,42,4,1,10,-26.795774751164416,421.02094432963116,0.030292749404907227,0.0,4,False
1784695154.1566162,control2,fd70d20b4d,MOSEK,soc,True,42,5,0,20,-0.1933861536705314,394.440170163716,0.04253506660461426,0.0,9,False
1784695154.1605425,control2,fd70d20b4d,MOSEK,soc,True,42,5,1,10,-19.19131234316566,394.440170163716,0.04253506660461426,0.0,4,False
1784695154.193053,control2,fd70d20b4d,MOSEK,soc,True,42,6,0,20,-0.1573664706444107,382.53023470270824,0.02585315704345703,0.0,10,False
1784695154.1976643,control2,fd70d20b4d,MOSEK,soc,True,42,6,1,10,-12.456284917764453,382.53023470270824,0.02585315704345703,0.0007593631744384766,4,False
1784695154.2707248,control2,fd70d20b4d,MOSEK,soc,True,42,7,0,20,-0.14251175764666887,371.03059161749593,0.06789374351501465,0.0010008811950683594,8,False
1784695154.275723,control2,fd70d20b4d,MOSEK,soc,True,42,7,1,10,-16.07415636201612,371.03059161749593,0.06789374351501465,0.0,3,False
1784695154.3789527,control2,fd70d20b4d,MOSEK,soc,True,42,8,0,20,-0.15064380357440582,361.5909988253762,0.09620380401611328,0.0009996891021728516,9,False
1784695154.383958,control2,fd70d20b4d,MOSEK,soc,True,42,8,1,10,-14.864381023657206,361.5909988253762,0.09620380401611328,0.0009076595306396484,4,False
1784695154.4649508,control2,fd70d20b4d,MOSEK,soc,True,42,9,0,20,-0.1381432718915946,355.3262062211917,0.07243680953979492,0.0,10,False
1784695154.471263,control2,fd70d20b4d,MOSEK,soc,True,42,9,1,10,-12.973019923540663,355.3262062211917,0.07243680953979492,0.0005099773406982422,3,False
1784695154.530139,control2,fd70d20b4d,MOSEK,soc,True,42,10,0,20,-0.1254971734896986,348.8032726102558,0.052329301834106445,0.0,9,False
1784695154.535144,control2,fd70d20b4d,MOSEK,soc,True,42,10,1,10,-9.68619237845796,348.8032726102558,0.052329301834106445,0.0009789466857910156,3,False
1784695154.5840747,control2,fd70d20b4d,MOSEK,soc,True,42,11,0,20,-0.11644548541074268,341.3058893131183,0.04242658615112305,0.0,9,False
1784695154.5880787,control2,fd70d20b4d,MOSEK,soc,True,42,11,1,10,-9.86819668098026,341.3058893131183,0.04242658615112305,0.0,3,False
1784695154.644756,control2,fd70d20b4d,MOSEK,soc,True,42,12,0,20,-0.11583535485980216,335.32580753649574,0.04799818992614746,0.0,9,False
1784695154.649083,control2,fd70d20b4d,MOSEK,soc,True,42,12,1,10,-8.065274586366746,335.32580753649574,0.04799818992614746,0.0,4,False
1784695154.7121756,control2,fd70d20b4d,MOSEK,soc,True,42,13,0,20,-0.10009690936210283,330.7532610998809,0.05735421180725098,0.0009999275207519531,11,False
1784695154.7170606,control2,fd70d20b4d,MOSEK,soc,True,42,13,1,10,-5.793191950270808,330.7532610998809,0.05735421180725098,0.0010004043579101562,3,False
1784695154.768667,control2,fd70d20b4d,MOSEK,soc,True,42,14,0,20,-0.09462083316768978,326.112741633165,0.045073509216308594,0.0,10,False
1784695154.7736676,control2,fd70d20b4d,MOSEK,soc,True,42,14,1,10,-4.35608061398417,326.112741633165,0.045073509216308594,0.0,3,False
1784695154.825438,control2,fd70d20b4d,MOSEK,soc,True,42,15,0,20,-0.09730210861139052,320.7465591229171,0.04777026176452637,0.0,9,False
1784695154.830065,control2,fd70d20b4d,MOSEK,soc,True,42,15,1,10,-5.7351352684925825,320.7465591229171,0.04777026176452637,0.0,3,False
1784695154.8876414,control2,fd70d20b4d,MOSEK,soc,True,42,16,0,20,-0.09531554434766698,317.28087882033157,0.051577091217041016,0.0,9,False
1784695154.8921502,control2,fd70d20b4d,MOSEK,soc,True,42,16,1,10,-5.988528213631504,317.28087882033157,0.051577091217041016,0.0,3,False
1784695154.9455647,control2,fd70d20b4d,MOSEK,soc,True,42,17,0,20,-0.08367406235872073,312.35426151298907,0.04567289352416992,0.0,9,False
1784695154.9505875,control2,fd70d20b4d,MOSEK,soc,True,42,17,1,10,-4.395775867942757,312.35426151298907,0.04567289352416992,0.0,4,False
1784695155.0098243,control2,fd70d20b4d,MOSEK,soc,True,42,18,0,20,-0.06578692888495373,308.00295554040974,0.05350852012634277,0.0,9,False
1784695155.0147321,control2,fd70d20b4d,MOSEK,soc,True,42,18,1,10,-2.955407025647317,308.00295554040974,0.05350852012634277,0.0,3,False
1784695155.0799146,control2,fd70d20b4d,MOSEK,soc,True,42,19,0,20,-0.07155032650804258,302.71160766825835,0.056618690490722656,0.0,9,False
1784695155.0869858,control2,fd70d20b4d,MOSEK,soc,True,42,19,1,10,-4.503014531609671,302.71160766825835,0.056618690490722656,0.0,4,False
1784695155.1515021,control2,fd70d20b4d,MOSEK,soc,True,42,20,0,20,-0.08065388744144088,298.5299787808956,0.058507442474365234,0.0009942054748535156,9,False
1784695155.1574852,control2,fd70d20b4d,MOSEK,soc,True,42,20,1,10,-2.7988891101124915,298.5299787808956,0.058507442474365234,0.0,3,False
1784695155.2418344,control2,fd70d20b4d,MOSEK,soc,True,42,21,0,20,-0.06843258272375702,291.6060665786174,0.0773158073425293,0.0005104541778564453,9,False
1784695155.247074,control2,fd70d20b4d,MOSEK,soc,True,42,21,1,10,-3.7960220304623262,291.6060665786174,0.0773158073425293,0.0008995532989501953,4,False
1784695155.3317993,control2,fd70d20b4d,MOSEK,soc,True,42,22,0,20,-0.06016698592482259,288.5056963351351,0.07920336723327637,0.0,9,False
1784695155.3378081,control2,fd70d20b4d,MOSEK,soc,True,42,22,1,10,-2.2559862045635115,288.5056963351351,0.07920336723327637,0.0,3,False
1784695155.4132829,control2,fd70d20b4d,MOSEK,soc,True,42,23,0,20,-0.06906235710306613,284.2554384629612,0.06844305992126465,0.00051116943359375,10,False
1784695155.4192922,control2,fd70d20b4d,MOSEK,soc,True,42,23,1,10,-3.517588294467327,284.2554384629612,0.06844305992126465,0.0,3,False
1784695155.4965062,control2,fd70d20b4d,MOSEK,soc,True,42,24,0,20,-0.05288823936823398,278.3733125472224,0.0716705322265625,0.0,9,False
1784695155.5015035,control2,fd70d20b4d,MOSEK,soc,True,42,24,1,10,-3.3180573765652293,278.3733125472224,0.0716705322265625,0.0,3,False
1784695155.58628,control2,fd70d20b4d,MOSEK,soc,True,42,25,0,20,-0.04423700476277695,274.16728531564553,0.07877516746520996,0.0,8,False
1784695155.591283,control2,fd70d20b4d,MOSEK,soc,True,42,25,1,10,-4.048018391137943,274.16728531564553,0.07877516746520996,0.0,3,False
1784695155.6774702,control2,fd70d20b4d,MOSEK,soc,True,42,26,0,20,-0.059572857745130305,271.0072299367242,0.0791635513305664,0.0,9,False
1784695155.6819863,control2,fd70d20b4d,MOSEK,soc,True,42,26,1,10,-2.9802511904790974,271.0072299367242,0.0791635513305664,0.0,4,False
1784695155.7797964,control2,fd70d20b4d,MOSEK,soc,True,42,27,0,20,-0.04412466254349512,266.7434958319681,0.08982467651367188,0.0009884834289550781,9,False
1784695155.7858098,control2,fd70d20b4d,MOSEK,soc,True,42,27,1,10,-4.58862385709921,266.7434958319681,0.08982467651367188,0.0,4,False
1784695155.8762505,control2,fd70d20b4d,MOSEK,soc,True,42,28,0,20,-0.04004917633316881,264.39186006582554,0.0844266414642334,0.0010137557983398438,9,False
1784695155.8822448,control2,fd70d20b4d,MOSEK,soc,True,42,28,1,10,-1.357499300744381,264.39186006582554,0.0844266414642334,0.0,3,False
1784695155.9833908,control2,fd70d20b4d,MOSEK,soc,True,42,29,0,20,-0.0535909683780973,262.94758175533104,0.09413623809814453,0.0,9,False
1784695155.9873874,control2,fd70d20b4d,MOSEK,soc,True,42,29,1,10,-2.1727417595271707,262.94758175533104,0.09413623809814453,0.0,3,False
1784695156.0806522,control2,fd70d20b4d,MOSEK,soc,True,42,30,0,20,-0.0485913249137889,261.65815772616,0.0862276554107666,0.0010044574737548828,9,False
1784695156.0896275,control2,fd70d20b4d,MOSEK,soc,True,42,30,1,10,-3.403480527504279,261.65815772616,0.0862276554107666,0.0,2,False
1784695156.1838965,control2,fd70d20b4d,MOSEK,soc,True,42,31,0,20,-0.0488229784949027,259.6336366660583,0.08525347709655762,0.0,9,False
1784695156.1898978,control2,fd70d20b4d,MOSEK,soc,True,42,31,1,10,-1.50324440878441,259.6336366660583,0.08525347709655762,0.0,3,False
1784695156.3031383,control2,fd70d20b4d,MOSEK,soc,True,42,32,0,20,-0.036588142958226,257.9253480865424,0.10524344444274902,0.0009996891021728516,10,False
1784695156.3143158,control2,fd70d20b4d,MOSEK,soc,True,42,32,1,10,-1.0542165095350384,257.9253480865424,0.10524344444274902,0.0,3,False
1784695156.4307373,control2,fd70d20b4d,MOSEK,soc,True,42,33,0,20,-0.03625484077848657,256.36542373489453,0.1088263988494873,0.001001119613647461,9,False
1784695156.436256,control2,fd70d20b4d,MOSEK,soc,True,42,33,1,10,-1.2099340744938862,256.36542373489453,0.1088263988494873,0.0,3,False
1784695156.5573812,control2,fd70d20b4d,MOSEK,soc,True,42,34,0,20,-0.03325993795977074,253.93035888756515,0.11131691932678223,0.0009984970092773438,9,False
1784695156.5614245,control2,fd70d20b4d,MOSEK,soc,True,42,34,1,10,-0.9527233119723819,253.93035888756515,0.11131691932678223,0.0,3,False
1784695156.6678953,control2,fd70d20b4d,MOSEK,soc,True,42,35,0,20,-0.03091361855119263,252.37099263125725,0.09998035430908203,0.0,9,False
1784695156.6739051,control2,fd70d20b4d,MOSEK,soc,True,42,35,1,10,-0.7870142606523346,252.37099263125725,0.09998035430908203,0.0,3,False
1784695156.7867131,control2,fd70d20b4d,MOSEK,soc,True,42,36,0,20,-0.02626779345898285,250.54171806091537,0.10280632972717285,0.0,9,False
1784695156.7917125,control2,fd70d20b4d,MOSEK,soc,True,42,36,1,10,-1.0548587652129497,250.54171806091537,0.10280632972717285,0.0,3,False
1784695156.8973095,control2,fd70d20b4d,MOSEK,soc,True,42,37,0,20,-0.02960177827179114,248.60209197535437,0.09790277481079102,0.0,9,False
1784695156.9023328,control2,fd70d20b4d,MOSEK,soc,True,42,37,1,10,-0.839033822293723,248.60209197535437,0.09790277481079102,0.0010008811950683594,3,False
1784695157.0628178,control2,fd70d20b4d,MOSEK,soc,True,42,38,0,20,-0.03843186801819241,246.6681609286492,0.15245938301086426,0.0,9,False
1784695157.0687997,control2,fd70d20b4d,MOSEK,soc,True,42,38,1,10,-1.7050240786273432,246.6681609286492,0.15245938301086426,0.000986337661743164,4,False
1784695157.1860182,control2,fd70d20b4d,MOSEK,soc,True,42,39,0,20,-0.03164568527271504,244.11933238751806,0.10871338844299316,0.0,8,False
1784695157.1920545,control2,fd70d20b4d,MOSEK,soc,True,42,39,1,10,-2.3074880437732554,244.11933238751806,0.10871338844299316,0.0,4,False
1784695157.3016155,control2,fd70d20b4d,MOSEK,soc,True,42,40,0,20,-0.03520290544054118,242.47198777748292,0.10209870338439941,0.0,9,False
1784695157.30662,control2,fd70d20b4d,MOSEK,soc,True,42,40,1,10,-1.3070804320921972,242.47198777748292,0.10209870338439941,0.0,3,False
1784695157.4696074,control2,fd70d20b4d,MOSEK,soc,True,42,41,0,20,-0.026008024823087273,241.33690492008918,0.15737557411193848,0.0009922981262207031,9,False
1784695157.4748929,control2,fd70d20b4d,MOSEK,soc,True,42,41,1,10,-0.7630095316139324,241.33690492008918,0.15737557411193848,0.0,3,False
1784695157.5975237,control2,fd70d20b4d,MOSEK,soc,True,42,42,0,20,-0.024298321317119138,239.47679822016428,0.11642813682556152,0.0010013580322265625,8,False
1784695157.604618,control2,fd70d20b4d,MOSEK,soc,True,42,42,1,10,-1.0782852586153626,239.47679822016428,0.11642813682556152,0.0010039806365966797,3,False
1784695157.729567,control2,fd70d20b4d,MOSEK,soc,True,42,43,0,20,-0.03103476571264297,237.1487396407384,0.11932015419006348,0.0,9,False
1784695157.7355714,control2,fd70d20b4d,MOSEK,soc,True,42,43,1,10,-3.0784056026650406,237.1487396407384,0.11932015419006348,0.0,3,False
1784695157.862098,control2,fd70d20b4d,MOSEK,soc,True,42,44,0,20,-0.03840823090017788,235.19814009747364,0.11887049674987793,0.0010006427764892578,9,False
1784695157.8676152,control2,fd70d20b4d,MOSEK,soc,True,42,44,1,10,-1.4192160747981222,235.19814009747364,0.11887049674987793,0.0,3,False
1784695157.9981964,control2,fd70d20b4d,MOSEK,soc,True,42,45,0,20,-0.031060870139974932,233.64299873068944,0.12357091903686523,0.0,7,False
1784695158.0038924,control2,fd70d20b4d,MOSEK,soc,True,42,45,1,10,-0.47376663830662524,233.64299873068944,0.12357091903686523,0.0,3,False
1784695158.1908183,control2,fd70d20b4d,MOSEK,soc,True,42,46,0,20,-0.02211249657541195,231.7105382516503,0.1789243221282959,0.0010170936584472656,10,False
1784695158.1968272,control2,fd70d20b4d,MOSEK,soc,True,42,46,1,10,-0.8002655956068421,231.7105382516503,0.1789243221282959,0.0,3,False
1784695158.326793,control2,fd70d20b4d,MOSEK,soc,True,42,47,0,20,-0.024232468695177513,230.2560139423951,0.12183928489685059,0.0010142326354980469,9,False
1784695158.332478,control2,fd70d20b4d,MOSEK,soc,True,42,47,1,10,-2.3372577126553185,230.2560139423951,0.12183928489685059,0.0,4,False
1784695158.4769914,control2,fd70d20b4d,MOSEK,soc,True,42,48,0,20,-0.027802680273741033,228.53262751577137,0.1374976634979248,0.0,8,False
1784695158.4830062,control2,fd70d20b4d,MOSEK,soc,True,42,48,1,10,-1.4153467643894029,228.53262751577137,0.1374976634979248,0.0,3,False
1784695158.6185932,control2,fd70d20b4d,MOSEK,soc,True,42,49,0,20,-0.02731494073457803,226.60068499109735,0.12861084938049316,0.0,9,False
1784695158.625343,control2,fd70d20b4d,MOSEK,soc,True,42,49,1,10,-0.9699808436368735,226.60068499109735,0.12861084938049316,0.0,4,False
1784695158.7752075,control2,fd70d20b4d,MOSEK,soc,True,42,50,0,20,-0.032286390558165894,225.37279195625104,0.14133715629577637,0.0,10,False
1784695158.7802262,control2,fd70d20b4d,MOSEK,soc,True,42,50,1,10,-0.3985577673522378,225.37279195625104,0.14133715629577637,0.000982522964477539,4,False
1784695158.9269562,control2,fd70d20b4d,MOSEK,soc,True,42,51,0,20,-0.030516594751435738,224.3388442671691,0.1387317180633545,0.0010006427764892578,9,False
1784695158.931963,control2,fd70d20b4d,MOSEK,soc,True,42,51,1,10,-0.5657130295340348,224.3388442671691,0.1387317180633545,0.0010004043579101562,3,False
1784695159.0940597,control2,fd70d20b4d,MOSEK,soc,True,42,52,0,20,-0.02063067744723893,223.31785693604795,0.14678215980529785,0.0,8,False
1784695159.10439,control2,fd70d20b4d,MOSEK,soc,True,42,52,1,10,-0.6774489581963229,223.31785693604795,0.14678215980529785,0.0010917186737060547,4,False
1784695159.2606862,control2,fd70d20b4d,MOSEK,soc,True,42,53,0,20,-0.022701688061885758,221.25595236966873,0.14776825904846191,0.0,8,False
1784695159.2666886,control2,fd70d20b4d,MOSEK,soc,True,42,53,1,10,-1.2192710844036998,221.25595236966873,0.14776825904846191,0.0,3,False
1784695159.4150798,control2,fd70d20b4d,MOSEK,soc,True,42,54,0,20,-0.02202588523635067,219.07014304399144,0.1412334442138672,0.0,9,False
1784695159.4196198,control2,fd70d20b4d,MOSEK,soc,True,42,54,1,10,-1.4658664031995008,219.07014304399144,0.1412334442138672,0.0,3,False
1784695159.5738099,control2,fd70d20b4d,MOSEK,soc,True,42,55,0,20,-0.027073581083143314,217.95924680301565,0.1476583480834961,0.0,8,False
1784695159.5787892,control2,fd70d20b4d,MOSEK,soc,True,42,55,1,10,-1.3488402348385011,217.95924680301565,0.1476583480834961,0.0,4,False
1784695159.7392468,control2,fd70d20b4d,MOSEK,soc,True,42,56,0,20,-0.01473180238590127,217.00943599275757,0.15245890617370605,0.0,9,False
1784695159.7457592,control2,fd70d20b4d,MOSEK,soc,True,42,56,1,10,-0.45244245413772327,217.00943599275757,0.15245890617370605,0.0,3,False
1784695159.9015198,control2,fd70d20b4d,MOSEK,soc,True,42,57,0,20,-0.017765802387042867,215.98423772549614,0.14731907844543457,0.0010042190551757812,8,False
1784695159.9065027,control2,fd70d20b4d,MOSEK,soc,True,42,57,1,10,-0.3740940230435404,215.98423772549614,0.14731907844543457,0.0010001659393310547,4,False
1784695160.0721536,control2,fd70d20b4d,MOSEK,soc,True,42,58,0,20,-0.016788421895686894,214.8966593095176,0.15590834617614746,0.0,8,False
1784695160.0768368,control2,fd70d20b4d,MOSEK,soc,True,42,58,1,10,-1.1075248324533868,214.8966593095176,0.15590834617614746,0.0,4,False
1784695160.2594094,control2,fd70d20b4d,MOSEK,soc,True,42,59,0,20,-0.013555275925549264,214.1336356524464,0.17133665084838867,0.0,9,False
1784695160.2664094,control2,fd70d20b4d,MOSEK,soc,True,42,59,1,10,-0.4856844118185559,214.1336356524464,0.17133665084838867,0.0,5,False
1784695160.4449146,control2,fd70d20b4d,MOSEK,soc,True,42,60,0,20,-0.022020060881074874,212.13897822827994,0.170501708984375,0.0,9,False
1784695160.4504302,control2,fd70d20b4d,MOSEK,soc,True,42,60,1,10,-0.8651112140727801,212.13897822827994,0.170501708984375,0.0,4,False
1784695160.6142848,control2,fd70d20b4d,MOSEK,soc,True,42,61,0,20,-0.02287882371389921,210.9214315282057,0.1545562744140625,0.0010004043579101562,9,False
1784695160.619719,control2,fd70d20b4d,MOSEK,soc,True,42,61,1,10,-0.7952567334498777,210.9214315282057,0.1545562744140625,0.0,4,False
1784695160.8005917,control2,fd70d20b4d,MOSEK,soc,True,42,62,0,20,-0.012109579188687207,210.49176529262502,0.17287611961364746,0.0,9,False
1784695160.8065906,control2,fd70d20b4d,MOSEK,soc,True,42,62,1,10,-0.3294435904240177,210.49176529262502,0.17287611961364746,0.0,4,False
1784695160.987975,control2,fd70d20b4d,MOSEK,soc,True,42,63,0,20,-0.014569509127767123,210.00549360104992,0.17438840866088867,0.0009975433349609375,9,False
1784695160.9940333,control2,fd70d20b4d,MOSEK,soc,True,42,63,1,10,-0.38877527578129834,210.00549360104992,0.17438840866088867,0.0,4,False
1784695161.180106,control2,fd70d20b4d,MOSEK,soc,True,42,64,0,20,-0.015062950060786154,208.76836215442984,0.17908763885498047,0.0,8,False
1784695161.185134,control2,fd70d20b4d,MOSEK,soc,True,42,64,1,10,-1.8190877801973833,208.76836215442984,0.17908763885498047,0.0009779930114746094,4,False
1784695161.377382,control2,fd70d20b4d,MOSEK,soc,True,42,65,0,20,-0.018683356984564213,207.40095805383982,0.18275666236877441,0.0009996891021728516,9,False
1784695161.3813798,control2,fd70d20b4d,MOSEK,soc,True,42,65,1,10,-0.322427462879455,207.40095805383982,0.18275666236877441,0.0,4,False
1784695161.578004,control2,fd70d20b4d,MOSEK,soc,True,42,66,0,20,-0.01753075365070421,206.601947621499,0.1890113353729248,0.0,9,False
1784695161.5819087,control2,fd70d20b4d,MOSEK,soc,True,42,66,1,10,-0.24322577417738706,206.601947621499,0.1890113353729248,0.0,3,False
1784695161.7679176,control2,fd70d20b4d,MOSEK,soc,True,42,67,0,20,-0.013050250968238206,205.9133035522268,0.17600297927856445,0.0,8,False
1784695161.7735748,control2,fd70d20b4d,MOSEK,soc,True,42,67,1,10,-0.4719224813224286,205.9133035522268,0.17600297927856445,0.0,4,False
1784695161.9618537,control2,fd70d20b4d,MOSEK,soc,True,42,68,0,20,-0.014812531074488726,205.3215176936432,0.1808607578277588,0.0,9,False
1784695161.9679236,control2,fd70d20b4d,MOSEK,soc,True,42,68,1,10,-0.266266112735845,205.3215176936432,0.1808607578277588,0.0,3,False
1784695162.1648,control2,fd70d20b4d,MOSEK,soc,True,42,69,0,20,-0.012630343244139376,204.7525235685161,0.18884944915771484,0.0,10,False
1784695162.1698048,control2,fd70d20b4d,MOSEK,soc,True,42,69,1,10,-0.6327145628098703,204.7525235685161,0.18884944915771484,0.0,4,False
1784695162.360643,control2,fd70d20b4d,MOSEK,soc,True,42,70,0,20,-0.010797368888378497,203.6329389582656,0.1841118335723877,0.0,9,False
1784695162.3663797,control2,fd70d20b4d,MOSEK,soc,True,42,70,1,10,-0.4091626350432727,203.6329389582656,0.1841118335723877,0.0,3,False
1784695162.5731485,control2,fd70d20b4d,MOSEK,soc,True,42,71,0,20,-0.013643359593949163,202.66994279254976,0.19624590873718262,0.0,9,False
1784695162.578951,control2,fd70d20b4d,MOSEK,soc,True,42,71,1,10,-0.14105683747762038,202.66994279254976,0.19624590873718262,0.0,4,False
1784695162.792711,control2,fd70d20b4d,MOSEK,soc,True,42,72,0,20,-0.01253260775924041,202.21432693574812,0.20545029640197754,0.0009951591491699219,8,False
1784695162.797717,control2,fd70d20b4d,MOSEK,soc,True,42,72,1,10,-0.2709979316265666,202.21432693574812,0.20545029640197754,0.0010025501251220703,3,False
1784695163.0052817,control2,fd70d20b4d,MOSEK,soc,True,42,73,0,20,-0.01395573960256425,201.7436608779492,0.19856476783752441,0.0,9,False
1784695163.0110235,control2,fd70d20b4d,MOSEK,soc,True,42,73,1,10,-0.4596103270715297,201.7436608779492,0.19856476783752441,0.0010066032409667969,3,False
1784695163.2251594,control2,fd70d20b4d,MOSEK,soc,True,42,74,0,20,-0.01094546217819671,201.38314061614193,0.2051396369934082,0.0,8,False
1784695163.2314901,control2,fd70d20b4d,MOSEK,soc,True,42,74,1,10,-0.26038448822622484,201.38314061614193,0.2051396369934082,0.0005745887756347656,4,False
1784695163.4562547,control2,fd70d20b4d,MOSEK,soc,True,42,75,0,20,-0.013675739844833534,200.94391154077823,0.21588349342346191,0.0,8,False
1784695163.4612846,control2,fd70d20b4d,MOSEK,soc,True,42,75,1,10,-0.26465712527675184,200.94391154077823,0.21588349342346191,0.0,3,False
1784695163.6858113,control2,fd70d20b4d,MOSEK,soc,True,42,76,0,20,-0.008608458806393127,200.6349494162214,0.2155284881591797,0.0,9,False
1784695163.6918125,control2,fd70d20b4d,MOSEK,soc,True,42,76,1,10,-0.14875949277847306,200.6349494162214,0.2155284881591797,0.0,5,False
1784695163.9369075,control2,fd70d20b4d,MOSEK,soc,True,42,77,0,20,-0.008154401680955534,200.1598029203912,0.23399829864501953,0.0010116100311279297,8,False
1784695163.9419115,control2,fd70d20b4d,MOSEK,soc,True,42,77,1,10,-0.6624712111370661,200.1598029203912,0.23399829864501953,0.0,4,False
1784695164.1898844,control2,fd70d20b4d,MOSEK,soc,True,42,78,0,20,-0.011346564714232427,199.458993881165,0.23996901512145996,0.000988006591796875,10,False
1784695164.1948829,control2,fd70d20b4d,MOSEK,soc,True,42,78,1,10,-0.2774627954976766,199.458993881165,0.23996901512145996,0.0,4,False
1784695164.4284787,control2,fd70d20b4d,MOSEK,soc,True,42,79,0,20,-0.014904086099961324,198.5649563871107,0.22237873077392578,0.0,9,False
1784695164.4334996,control2,fd70d20b4d,MOSEK,soc,True,42,79,1,10,-0.4229923393224403,198.5649563871107,0.22237873077392578,0.0009856224060058594,4,False
1784695164.6802032,control2,fd70d20b4d,MOSEK,soc,True,42,80,0,20,-0.010493830534448759,197.51966364211563,0.24019098281860352,0.0,8,False
1784695164.6852021,control2,fd70d20b4d,MOSEK,soc,True,42,80,1,10,-0.1920940977201516,197.51966364211563,0.24019098281860352,0.0,3,False
1784695164.9029667,control2,fd70d20b4d,MOSEK,soc,True,42,81,0,20,-0.01010853855272108,196.90622728738367,0.2086348533630371,0.0,9,False
1784695164.906968,control2,fd70d20b4d,MOSEK,soc,True,42,81,1,10,-0.4817681524700506,196.90622728738367,0.2086348533630371,0.001001596450805664,4,False
1784695165.1982818,control2,fd70d20b4d,MOSEK,soc,True,42,82,0,20,-0.010319398962894823,196.29909261752482,0.2826406955718994,0.0009984970092773438,9,False
1784695165.2042856,control2,fd70d20b4d,MOSEK,soc,True,42,82,1,10,-0.3144548148268896,196.29909261752482,0.2826406955718994,0.0,4,False
1784695165.49934,control2,fd70d20b4d,MOSEK,soc,True,42,83,0,20,-0.009088423969814205,195.8630010784043,0.2870473861694336,0.0,8,False
1784695165.5033407,control2,fd70d20b4d,MOSEK,soc,True,42,83,1,10,-0.15438374936399882,195.8630010784043,0.2870473861694336,0.0010013580322265625,4,False
1784695165.741693,control2,fd70d20b4d,MOSEK,soc,True,42,84,0,20,-0.008447827658632528,195.05065538370462,0.2295081615447998,0.0,8,False
1784695165.7456996,control2,fd70d20b4d,MOSEK,soc,True,42,84,1,10,-0.1715134782137907,195.05065538370462,0.2295081615447998,0.0,4,False
1784695165.9896593,control2,fd70d20b4d,MOSEK,soc,True,42,85,0,20,-0.011446907491343496,194.16800580166586,0.23497653007507324,0.0009849071502685547,9,False
1784695165.9956949,control2,fd70d20b4d,MOSEK,soc,True,42,85,1,10,-0.45090237161213104,194.16800580166586,0.23497653007507324,0.0,4,False
1784695166.2468808,control2,fd70d20b4d,MOSEK,soc,True,42,86,0,20,-0.016513631955162984,193.2238401988235,0.24318408966064453,0.0,8,False
1784695166.2528582,control2,fd70d20b4d,MOSEK,soc,True,42,86,1,10,-0.2753695386718067,193.2238401988235,0.24318408966064453,0.0,4,False
1784695166.4944682,control2,fd70d20b4d,MOSEK,soc,True,42,87,0,20,-0.012224279614594151,192.5417566432451,0.23360323905944824,0.0,9,False
1784695166.4994688,control2,fd70d20b4d,MOSEK,soc,True,42,87,1,10,-0.0944794606442375,192.5417566432451,0.23360323905944824,0.0,3,False
1784695166.7536495,control2,fd70d20b4d,MOSEK,soc,True,42,88,0,20,-0.008213668095685082,192.06793201800758,0.2451000213623047,0.0,8,False
1784695166.7581542,control2,fd70d20b4d,MOSEK,soc,True,42,88,1,10,-0.13202943811243564,192.06793201800758,0.2451000213623047,0.00099945068359375,3,False
1784695167.0126052,control2,fd70d20b4d,MOSEK,soc,True,42,89,0,20,-0.014105631928659615,191.62908364860297,0.24592208862304688,0.0,8,False
1784695167.0179384,control2,fd70d20b4d,MOSEK,soc,True,42,89,1,10,-0.4722759775107153,191.62908364860297,0.24592208862304688,0.0,3,False
1784695167.2922468,control2,fd70d20b4d,MOSEK,soc,True,42,90,0,20,-0.011143690931880789,190.7242609752872,0.2668023109436035,0.0009987354278564453,8,False
1784695167.2972276,control2,fd70d20b4d,MOSEK,soc,True,42,90,1,10,-0.23153335596159827,190.7242609752872,0.2668023109436035,0.0,4,False
1784695167.58241,control2,fd70d20b4d,MOSEK,soc,True,42,91,0,20,-0.010867848387724487,190.14686269505575,0.27466416358947754,0.0,8,False
1784695167.5894103,control2,fd70d20b4d,MOSEK,soc,True,42,91,1,10,-0.11213963843478922,190.14686269505575,0.27466416358947754,0.0,4,False
1784695167.9107275,control2,fd70d20b4d,MOSEK,soc,True,42,92,0,20,-0.008821793029733252,189.8013724489315,0.31180262565612793,0.0,8,False
1784695167.9167457,control2,fd70d20b4d,MOSEK,soc,True,42,92,1,10,-0.15954237295228726,189.8013724489315,0.31180262565612793,0.0,4,False
1784695168.1865733,control2,fd70d20b4d,MOSEK,soc,True,42,93,0,20,-0.011117151411439128,189.36921430583692,0.26180052757263184,0.0,8,False
1784695168.1927326,control2,fd70d20b4d,MOSEK,soc,True,42,93,1,10,-0.17353524214329208,189.36921430583692,0.26180052757263184,0.0,4,False
1784695168.474612,control2,fd70d20b4d,MOSEK,soc,True,42,94,0,20,-0.008228029394897224,189.09223795735258,0.27385735511779785,0.0,8,False
1784695168.5122416,control2,fd70d20b4d,MOSEK,soc,True,42,94,1,10,-0.14621091132317446,189.09223795735258,0.27385735511779785,0.0,3,False
1784695168.8256845,control2,fd70d20b4d,MOSEK,soc,True,42,95,0,20,-0.00986305961719983,188.8407304405238,0.29514503479003906,0.0,8,False
1784695168.8490436,control2,fd70d20b4d,MOSEK,soc,True,42,95,1,10,-0.13733090746767973,188.8407304405238,0.29514503479003906,0.0,3,False
1784695169.1512434,control2,fd70d20b4d,MOSEK,soc,True,42,96,0,20,-0.010896990988905455,188.34340647047813,0.2931671142578125,0.0010061264038085938,7,False
1784695169.1701806,control2,fd70d20b4d,MOSEK,soc,True,42,96,1,10,-0.057505467514534815,188.34340647047813,0.2931671142578125,0.00012731552124023438,3,False
1784695169.4834204,control2,fd70d20b4d,MOSEK,soc,True,42,97,0,20,-0.00879589654734461,188.13025765687075,0.307720422744751,0.0,7,False
1784695169.500231,control2,fd70d20b4d,MOSEK,soc,True,42,97,1,10,-0.05397188642692014,188.13025765687075,0.307720422744751,0.0,3,False
1784695169.8226764,control2,fd70d20b4d,MOSEK,soc,True,42,98,0,20,-0.008292327705590545,187.8215599609136,0.31340551376342773,0.0,8,False
1784695169.8456752,control2,fd70d20b4d,MOSEK,soc,True,42,98,1,10,-0.07822787808937388,187.8215599609136,0.31340551376342773,0.0,3,False
1784695170.1523774,control2,fd70d20b4d,MOSEK,soc,True,42,99,0,20,-0.009209223448722985,187.49661596834434,0.2981431484222412,0.0,9,False
1784695170.17361,control2,fd70d20b4d,MOSEK,soc,True,42,99,1,10,-0.12072764880232775,187.49661596834434,0.2981431484222412,0.0,3,False
1784695170.4681957,control2,fd70d20b4d,MOSEK,soc,True,42,100,0,20,-0.012253622230610628,186.66611058866306,0.2850475311279297,0.0,8,False
1784695170.4730482,control2,fd70d20b4d,MOSEK,soc,True,42,100,1,10,-0.18597092207899074,186.66611058866306,0.2850475311279297,0.0,4,False
1784695170.765581,control2,fd70d20b4d,MOSEK,soc,True,42,101,0,20,-0.009362619506847272,186.3074577686939,0.2838442325592041,0.0,9,False
1784695170.7711082,control2,fd70d20b4d,MOSEK,soc,True,42,101,1,10,-0.20336018880885298,186.3074577686939,0.2838442325592041,0.0,4,False
1784695171.08348,control2,fd70d20b4d,MOSEK,soc,True,42,102,0,20,-0.01327003637185394,185.6480571155587,0.30002522468566895,0.0009996891021728516,9,False
1784695171.0890467,control2,fd70d20b4d,MOSEK,soc,True,42,102,1,10,-0.10417036766401064,185.6480571155587,0.30002522468566895,0.0,4,False
1784695171.3657296,control2,fd70d20b4d,MOSEK,soc,True,42,103,0,20,-0.007021875765290644,185.14676859535965,0.26867175102233887,0.0,8,False
1784695171.3707314,control2,fd70d20b4d,MOSEK,soc,True,42,103,1,10,-0.13102755607557667,185.14676859535965,0.26867175102233887,0.0,3,False
1784695171.6985838,control2,fd70d20b4d,MOSEK,soc,True,42,104,0,20,-0.008745205816519675,184.31711920638713,0.3173372745513916,0.0010187625885009766,8,False
1784695171.7045846,control2,fd70d20b4d,MOSEK,soc,True,42,104,1,10,-0.07517673072873275,184.31711920638713,0.3173372745513916,0.0,4,False
1784695172.0611181,control2,fd70d20b4d,MOSEK,soc,True,42,105,0,20,-0.01318552808137611,183.81623104244244,0.3457498550415039,0.0,9,False
1784695172.0671241,control2,fd70d20b4d,MOSEK,soc,True,42,105,1,10,-0.06441768986046695,183.81623104244244,0.3457498550415039,0.0,4,False
1784695172.4119253,control2,fd70d20b4d,MOSEK,soc,True,42,106,0,20,-0.00897179496289253,183.26844870353125,0.332287073135376,0.0,8,False
1784695172.4184349,control2,fd70d20b4d,MOSEK,soc,True,42,106,1,10,-0.22149818879116717,183.26844870353125,0.332287073135376,0.0,4,False
1784695172.7582903,control2,fd70d20b4d,MOSEK,soc,True,42,107,0,20,-0.009066373298787308,182.9438678225706,0.32886624336242676,0.0010042190551757812,8,False
1784695172.7645197,control2,fd70d20b4d,MOSEK,soc,True,42,107,1,10,-0.10249032665409047,182.9438678225706,0.32886624336242676,0.0,4,False
1784695173.093161,control2,fd70d20b4d,MOSEK,soc,True,42,108,0,20,-0.007454760721844329,182.72619753877794,0.31861352920532227,0.0010004043579101562,8,False
1784695173.100161,control2,fd70d20b4d,MOSEK,soc,True,42,108,1,10,-0.08071123378612398,182.72619753877794,0.31861352920532227,0.0009853839874267578,4,False
1784695173.461612,control2,fd70d20b4d,MOSEK,soc,True,42,109,0,20,-0.009952378791424127,182.2673929745215,0.35394930839538574,0.0,9,False
1784695173.467721,control2,fd70d20b4d,MOSEK,soc,True,42,109,1,10,-0.1320306447445059,182.2673929745215,0.35394930839538574,0.001005411148071289,4,False
1784695173.7898922,control2,fd70d20b4d,MOSEK,soc,True,42,110,0,20,-0.0069939147023548864,181.84174293487104,0.3126709461212158,0.0,8,False
1784695173.7959015,control2,fd70d20b4d,MOSEK,soc,True,42,110,1,10,-0.18175174948395798,181.84174293487104,0.3126709461212158,0.0008950233459472656,5,False
1784695174.1490557,control2,fd70d20b4d,MOSEK,soc,True,42,111,0,20,-0.005651557331733799,181.41997467634604,0.3423769474029541,0.0,8,False
1784695174.1550777,control2,fd70d20b4d,MOSEK,soc,True,42,111,1,10,-0.1279593175784278,181.41997467634604,0.3423769474029541,0.0,4,False
1784695174.5956662,control2,fd70d20b4d,MOSEK,soc,True,42,112,0,20,-0.008595397473172365,180.52365772917742,0.42491841316223145,0.0,8,False
1784695174.6016674,control2,fd70d20b4d,MOSEK,soc,True,42,112,1,10,-0.11836700169240016,180.52365772917742,0.42491841316223145,0.0,5,False
1784695174.9421453,control2,fd70d20b4d,MOSEK,soc,True,42,113,0,20,-0.005039333692915867,180.09885642037665,0.3297302722930908,0.0010037422180175781,9,False
1784695174.9471447,control2,fd70d20b4d,MOSEK,soc,True,42,113,1,10,-0.1477289222748616,180.09885642037665,0.3297302722930908,0.0,3,False
1784695175.2875154,control2,fd70d20b4d,MOSEK,soc,True,42,114,0,20,-0.006478096912851247,179.69486004358203,0.33137011528015137,0.0,8,False
1784695175.292575,control2,fd70d20b4d,MOSEK,soc,True,42,114,1,10,-0.2600709689364538,179.69486004358203,0.33137011528015137,0.0,4,False
1784695175.6409583,control2,fd70d20b4d,MOSEK,soc,True,42,115,0,20,-0.009561383282445126,179.26233091697378,0.3353848457336426,0.0,8,False
1784695175.646982,control2,fd70d20b4d,MOSEK,soc,True,42,115,1,10,-0.11571598610872784,179.26233091697378,0.3353848457336426,0.0010066032409667969,3,False
1784695176.0494258,control2,fd70d20b4d,MOSEK,soc,True,42,116,0,20,-0.009929292455255225,178.85473696220055,0.392000675201416,0.0001690387725830078,9,False
1784695176.054208,control2,fd70d20b4d,MOSEK,soc,True,42,116,1,10,-0.09464024386679824,178.85473696220055,0.392000675201416,0.0005025863647460938,4,False
1784695176.402684,control2,fd70d20b4d,MOSEK,soc,True,42,117,0,20,-0.0070778124058912045,178.41766844235983,0.33948850631713867,0.0,9,False
1784695176.4066846,control2,fd70d20b4d,MOSEK,soc,True,42,117,1,10,-0.06313800180712364,178.41766844235983,0.33948850631713867,0.0,5,False
1784695176.770154,control2,fd70d20b4d,MOSEK,soc,True,42,118,0,20,-0.00672113225519907,178.2821340460684,0.35295820236206055,0.0,8,False
1784695176.7761648,control2,fd70d20b4d,MOSEK,soc,True,42,118,1,10,-0.12186418731322655,178.2821340460684,0.35295820236206055,0.0,3,False
1784695177.1936755,control2,fd70d20b4d,MOSEK,soc,True,42,119,0,20,-0.004823951660640328,178.08328368890182,0.40458226203918457,0.0,8,False
1784695177.1977742,control2,fd70d20b4d,MOSEK,soc,True,42,119,1,10,-0.0895719832332107,178.08328368890182,0.40458226203918457,0.0,4,False
1784695177.5498352,control2,fd70d20b4d,MOSEK,soc,True,42,120,0,20,-0.009648960704022911,176.11812610906054,0.3400459289550781,0.0,8,False
1784695177.5548334,control2,fd70d20b4d,MOSEK,soc,True,42,120,1,10,-0.11686002701371075,176.11812610906054,0.3400459289550781,0.0,4,False
1784695177.9244776,control2,fd70d20b4d,MOSEK,soc,True,42,121,0,20,-0.009042497794761978,175.4822900381019,0.357450008392334,0.0010001659393310547,9,False
1784695177.9304333,control2,fd70d20b4d,MOSEK,soc,True,42,121,1,10,-0.14580163760459935,175.4822900381019,0.357450008392334,0.0,4,False
1784695178.3000443,control2,fd70d20b4d,MOSEK,soc,True,42,122,0,20,-0.00885169632683982,174.64539016067118,0.3589916229248047,0.0,8,False
1784695178.306044,control2,fd70d20b4d,MOSEK,soc,True,42,122,1,10,-0.13675396356892247,174.64539016067118,0.3589916229248047,0.0010013580322265625,4,False
1784695178.6932082,control2,fd70d20b4d,MOSEK,soc,True,42,123,0,20,-0.007678605852012736,173.97336106080724,0.3771498203277588,0.0010030269622802734,8,False
1784695178.698428,control2,fd70d20b4d,MOSEK,soc,True,42,123,1,10,-0.09222018683509672,173.97336106080724,0.3771498203277588,0.0,4,False
1784695179.069382,control2,fd70d20b4d,MOSEK,soc,True,42,124,0,20,-0.009016390319218437,173.45680348193798,0.3593292236328125,0.0,9,False
1784695179.0744061,control2,fd70d20b4d,MOSEK,soc,True,42,124,1,10,-0.07800709208416026,173.45680348193798,0.3593292236328125,0.0010008811950683594,4,False
1784695179.4638078,control2,fd70d20b4d,MOSEK,soc,True,42,125,0,20,-0.0057028746685977676,173.1033988288934,0.37892770767211914,0.0010085105895996094,9,False
1784695179.470322,control2,fd70d20b4d,MOSEK,soc,True,42,125,1,10,-0.06608008300570858,173.1033988288934,0.37892770767211914,0.0,3,False
1784695179.8766375,control2,fd70d20b4d,MOSEK,soc,True,42,126,0,20,-0.009614506192789946,172.7424593886683,0.3962078094482422,0.000507354736328125,8,False
1784695179.8821752,control2,fd70d20b4d,MOSEK,soc,True,42,126,1,10,-0.047870487256129246,172.7424593886683,0.3962078094482422,0.0,3,False
1784695180.2928846,control2,fd70d20b4d,MOSEK,soc,True,42,127,0,20,-0.007943064220474133,172.4712989227975,0.39837074279785156,0.0,8,False
1784695180.2983568,control2,fd70d20b4d,MOSEK,soc,True,42,127,1,10,-0.0690233560006796,172.4712989227975,0.39837074279785156,0.0,3,False
1784695180.6882539,control2,fd70d20b4d,MOSEK,soc,True,42,128,0,20,-0.004804187447199693,172.2280031790695,0.37924909591674805,0.0,8,False
1784695180.6922543,control2,fd70d20b4d,MOSEK,soc,True,42,128,1,10,-0.07696283097350692,172.2280031790695,0.37924909591674805,0.001001119613647461,4,False
1784695181.0618176,control2,fd70d20b4d,MOSEK,soc,True,42,129,0,20,-0.010045011277802917,171.90884054756896,0.35555291175842285,0.0,8,False
1784695181.0678155,control2,fd70d20b4d,MOSEK,soc,True,42,129,1,10,-0.1859749727166612,171.90884054756896,0.35555291175842285,0.0,4,False
1784695181.4863615,control2,fd70d20b4d,MOSEK,soc,True,42,130,0,20,-0.0069092844004603375,171.13983763543717,0.4066486358642578,0.0010020732879638672,8,False
1784695181.492363,control2,fd70d20b4d,MOSEK,soc,True,42,130,1,10,-0.08532492657182227,171.13983763543717,0.4066486358642578,0.0,4,False
1784695181.918622,control2,fd70d20b4d,MOSEK,soc,True,42,131,0,20,-0.007696577399257157,170.8988753404089,0.415233850479126,0.0,8,False
1784695181.9246852,control2,fd70d20b4d,MOSEK,soc,True,42,131,1,10,-0.0826857574159761,170.8988753404089,0.415233850479126,0.0005211830139160156,4,False
1784695182.3358965,control2,fd70d20b4d,MOSEK,soc,True,42,132,0,20,-0.009676367361178398,170.54556922760702,0.3994331359863281,0.0,9,False
1784695182.3420389,control2,fd70d20b4d,MOSEK,soc,True,42,132,1,10,-0.07949392807410466,170.54556922760702,0.3994331359863281,0.0016231536865234375,4,False
1784695182.760231,control2,fd70d20b4d,MOSEK,soc,True,42,133,0,20,-0.007295018630105791,170.23267838382748,0.40633106231689453,0.0005173683166503906,9,False
1784695182.767236,control2,fd70d20b4d,MOSEK,soc,True,42,133,1,10,-0.04317813001761898,170.23267838382748,0.40633106231689453,0.0,4,False
1784695183.1517017,control2,fd70d20b4d,MOSEK,soc,True,42,134,0,20,-0.005505755866083519,170.13152408162378,0.37295031547546387,0.0015070438385009766,8,False
1784695183.1567054,control2,fd70d20b4d,MOSEK,soc,True,42,134,1,10,-0.09837646313356714,170.13152408162378,0.37295031547546387,0.0009818077087402344,4,False
1784695183.5796967,control2,fd70d20b4d,MOSEK,soc,True,42,135,0,20,-0.009783208866203319,169.3216483324349,0.4114868640899658,0.0009996891021728516,8,False
1784695183.58521,control2,fd70d20b4d,MOSEK,soc,True,42,135,1,10,-0.12000431099448025,169.3216483324349,0.4114868640899658,0.0010008811950683594,3,False
1784695184.0970895,control2,fd70d20b4d,MOSEK,soc,True,42,136,0,20,-0.009180538655247468,168.9824764467947,0.4998950958251953,0.0009837150573730469,7,False
1784695184.1026058,control2,fd70d20b4d,MOSEK,soc,True,42,136,1,10,-0.1407622918312897,168.9824764467947,0.4998950958251953,0.0,4,False
1784695184.5029185,control2,fd70d20b4d,MOSEK,soc,True,42,137,0,20,-0.008621991400261441,168.61802003748335,0.3896775245666504,0.0,8,False
1784695184.5084958,control2,fd70d20b4d,MOSEK,soc,True,42,137,1,10,-0.15275176203255017,168.61802003748335,0.3896775245666504,0.0,4,False
1784695184.9598925,control2,fd70d20b4d,MOSEK,soc,True,42,138,0,20,-0.00681376458981886,168.27553468172556,0.4419879913330078,0.0,8,False
1784695184.9658897,control2,fd70d20b4d,MOSEK,soc,True,42,138,1,10,-0.11452960675817517,168.27553468172556,0.4419879913330078,0.0,4,False
1784695185.3766193,control2,fd70d20b4d,MOSEK,soc,True,42,139,0,20,-0.006880739511328345,167.9907096450582,0.4015343189239502,0.0,9,False
1784695185.3821774,control2,fd70d20b4d,MOSEK,soc,True,42,139,1,10,-0.07653826409460211,167.9907096450582,0.4015343189239502,0.0,4,False
1784695185.86386,control2,fd70d20b4d,MOSEK,soc,True,42,140,0,20,-0.006294397621281527,167.77889471732482,0.47116565704345703,0.0,9,False
1784695185.869859,control2,fd70d20b4d,MOSEK,soc,True,42,140,1,10,-0.03784591619067413,167.77889471732482,0.47116565704345703,0.0,4,False
1784695186.3000858,control2,fd70d20b4d,MOSEK,soc,True,42,141,0,20,-0.006602305139346595,167.52999564073443,0.41762828826904297,0.0005035400390625,8,False
1784695186.3046138,control2,fd70d20b4d,MOSEK,soc,True,42,141,1,10,-0.02471664718734513,167.52999564073443,0.41762828826904297,0.0,4,False
1784695186.8366704,control2,fd70d20b4d,MOSEK,soc,True,42,142,0,20,-0.006187278309440661,167.0860811964252,0.5204789638519287,0.0010154247283935547,8,False
1784695186.842693,control2,fd70d20b4d,MOSEK,soc,True,42,142,1,10,-0.09447754757399954,167.0860811964252,0.5204789638519287,0.0,4,False
1784695187.3084264,control2,fd70d20b4d,MOSEK,soc,True,42,143,0,20,-0.005721030194541416,166.94963573855995,0.4557361602783203,0.0009970664978027344,9,False
1784695187.31343,control2,fd70d20b4d,MOSEK,soc,True,42,143,1,10,-0.07438754880420786,166.94963573855995,0.4557361602783203,0.0,3,False
1784695187.7562253,control2,fd70d20b4d,MOSEK,soc,True,42,144,0,20,-0.004939528160953894,166.85518078364882,0.4321451187133789,0.0,8,False
1784695187.7617955,control2,fd70d20b4d,MOSEK,soc,True,42,144,1,10,-0.042138187011650785,166.85518078364882,0.4321451187133789,0.0,4,False
1784695188.2336042,control2,fd70d20b4d,MOSEK,soc,True,42,145,0,20,-0.005509894053356584,166.56093873324915,0.4607834815979004,0.0,7,False
1784695188.2390788,control2,fd70d20b4d,MOSEK,soc,True,42,145,1,10,-0.045105500646993764,166.56093873324915,0.4607834815979004,0.0009987354278564453,4,False
1784695188.7756877,control2,fd70d20b4d,MOSEK,soc,True,42,146,0,20,-0.004938852798163175,166.26514532401214,0.5255982875823975,0.0,8,False
1784695188.7806885,control2,fd70d20b4d,MOSEK,soc,True,42,146,1,10,-0.07935551510990212,166.26514532401214,0.5255982875823975,0.0010025501251220703,4,False
1784695189.2722936,control2,fd70d20b4d,MOSEK,soc,True,42,147,0,20,-0.005189603248180692,166.0007137217449,0.4814169406890869,0.0011444091796875,8,False
1784695189.2778313,control2,fd70d20b4d,MOSEK,soc,True,42,147,1,10,-0.03525567308637302,166.0007137217449,0.4814169406890869,0.0009984970092773438,4,False
1784695189.759777,control2,fd70d20b4d,MOSEK,soc,True,42,148,0,20,-0.004493241238900884,165.753682117722,0.4697282314300537,0.0,8,False
1784695189.7647834,control2,fd70d20b4d,MOSEK,soc,True,42,148,1,10,-0.08959778500516545,165.753682117722,0.4697282314300537,0.0,4,False
1784695190.2298014,control2,fd70d20b4d,MOSEK,soc,True,42,149,0,20,-0.006248299006194068,165.51929719174262,0.4555034637451172,0.0,8,False
1784695190.234826,control2,fd70d20b4d,MOSEK,soc,True,42,149,1,10,-0.08798780798086886,165.51929719174262,0.4555034637451172,0.0,5,False
1784695190.7279515,control2,fd70d20b4d,MOSEK,soc,True,42,150,0,20,-0.006085179988514504,165.25820748233443,0.48383092880249023,0.0,7,False
1784695190.731953,control2,fd70d20b4d,MOSEK,soc,True,42,150,1,10,-0.07727142460548245,165.25820748233443,0.48383092880249023,0.0,4,False
1784695191.2232366,control2,fd70d20b4d,MOSEK,soc,True,42,151,0,20,-0.0064210119525559325,164.79448545795054,0.4806537628173828,0.0,8,False
1784695191.2292204,control2,fd70d20b4d,MOSEK,soc,True,42,151,1,10,-0.05691079105377693,164.79448545795054,0.4806537628173828,0.0,4,False
1784695191.7069175,control2,fd70d20b4d,MOSEK,soc,True,42,152,0,20,-0.0075615239667321775,164.51720052246372,0.46720004081726074,0.0009999275207519531,8,False
1784695191.713276,control2,fd70d20b4d,MOSEK,soc,True,42,152,1,10,-0.05575607172565988,164.51720052246372,0.46720004081726074,0.0,4,False
1784695192.2873693,control2,fd70d20b4d,MOSEK,soc,True,42,153,0,20,-0.00946139162739961,164.22635590347306,0.5655567646026611,0.0010001659393310547,7,False
1784695192.293372,control2,fd70d20b4d,MOSEK,soc,True,42,153,1,10,-0.03001085012290685,164.22635590347306,0.5655567646026611,0.0,3,False
1784695192.8239634,control2,fd70d20b4d,MOSEK,soc,True,42,154,0,20,-0.00630445482603109,163.4710055586068,0.5193936824798584,0.0,8,False
1784695192.8292391,control2,fd70d20b4d,MOSEK,soc,True,42,154,1,10,-0.04297651494958245,163.4710055586068,0.5193936824798584,0.0,4,False
1784695193.3591838,control2,fd70d20b4d,MOSEK,soc,True,42,155,0,20,-0.006882073337033209,163.08484331184886,0.519871711730957,0.0,8,False
1784695193.364763,control2,fd70d20b4d,MOSEK,soc,True,42,155,1,10,-0.09641112838970824,163.08484331184886,0.519871711730957,0.0,4,False
1784695193.9021688,control2,fd70d20b4d,MOSEK,soc,True,42,156,0,20,-0.00638264954025761,161.9147026705055,0.5254132747650146,0.0010025501251220703,7,False
1784695193.907382,control2,fd70d20b4d,MOSEK,soc,True,42,156,1,10,-0.1769009603141011,161.9147026705055,0.5254132747650146,0.0,4,False
1784695194.446017,control2,fd70d20b4d,MOSEK,soc,True,42,157,0,20,-0.005870894895838907,161.47830968356106,0.5226047039031982,0.0,8,False
1784695194.450835,control2,fd70d20b4d,MOSEK,soc,True,42,157,1,10,-0.08717333284542605,161.47830968356106,0.5226047039031982,0.0009987354278564453,4,False
1784695194.9794192,control2,fd70d20b4d,MOSEK,soc,True,42,158,0,20,-0.006462043730912807,160.61079950903834,0.5184879302978516,0.0,7,False
1784695194.9849782,control2,fd70d20b4d,MOSEK,soc,True,42,158,1,10,-0.06080489079237066,160.61079950903834,0.5184879302978516,0.0,4,False
1784695195.5202112,control2,fd70d20b4d,MOSEK,soc,True,42,159,0,20,-0.007358139273473089,159.958009632131,0.5207724571228027,0.0,8,False
1784695195.5257306,control2,fd70d20b4d,MOSEK,soc,True,42,159,1,10,-0.12041763637227255,159.958009632131,0.5207724571228027,0.0,3,False
1784695196.0700836,control2,fd70d20b4d,MOSEK,soc,True,42,160,0,20,-0.005601695752560837,159.63123385213183,0.5336329936981201,0.0,8,False
1784695196.0761,control2,fd70d20b4d,MOSEK,soc,True,42,160,1,10,-0.08015203209905003,159.63123385213183,0.5336329936981201,0.0,4,False
1784695196.57885,control2,fd70d20b4d,MOSEK,soc,True,42,161,0,20,-0.008277004709863955,158.9764893587785,0.49175119400024414,0.0010006427764892578,9,False
1784695196.584872,control2,fd70d20b4d,MOSEK,soc,True,42,161,1,10,-0.0875451823782687,158.9764893587785,0.49175119400024414,0.0,4,False
1784695197.1136186,control2,fd70d20b4d,MOSEK,soc,True,42,162,0,20,-0.006927793330124486,158.650305452768,0.5151901245117188,0.0,8,False
1784695197.118129,control2,fd70d20b4d,MOSEK,soc,True,42,162,1,10,-0.04890121143388209,158.650305452768,0.5151901245117188,0.0,3,False
1784695197.6823723,control2,fd70d20b4d,MOSEK,soc,True,42,163,0,20,-0.007692038006820225,158.34978788301194,0.5542256832122803,0.0009839534759521484,9,False
1784695197.6877365,control2,fd70d20b4d,MOSEK,soc,True,42,163,1,10,-0.0737591304197882,158.34978788301194,0.5542256832122803,0.0,4,False
1784695198.2485397,control2,fd70d20b4d,MOSEK,soc,True,42,164,0,20,-0.005974183675229053,158.11049804973263,0.5474369525909424,0.0,8,False
1784695198.2545426,control2,fd70d20b4d,MOSEK,soc,True,42,164,1,10,-0.040844245083508895,158.11049804973263,0.5474369525909424,0.0,3,False
1784695198.8631008,control2,fd70d20b4d,MOSEK,soc,True,42,165,0,20,-0.005674369457043423,157.96259677988698,0.5981574058532715,0.0,8,False
1784695198.869072,control2,fd70d20b4d,MOSEK,soc,True,42,165,1,10,-0.02964906292021311,157.96259677988698,0.5981574058532715,0.0,4,False
1784695199.4866996,control2,fd70d20b4d,MOSEK,soc,True,42,166,0,20,-0.00524548772364205,157.5165154888447,0.605109453201294,0.000507354736328125,7,False
1784695199.4926372,control2,fd70d20b4d,MOSEK,soc,True,42,166,1,10,-0.02403333718241356,157.5165154888447,0.605109453201294,0.0,4,False
1784695200.0808804,control2,fd70d20b4d,MOSEK,soc,True,42,167,0,20,-0.005116107509554357,157.19391910983015,0.5660746097564697,0.0,8,False
1784695200.0908809,control2,fd70d20b4d,MOSEK,soc,True,42,167,1,10,-0.12301268575613615,157.19391910983015,0.5660746097564697,0.0,3,False
1784695200.865646,control2,fd70d20b4d,MOSEK,soc,True,42,168,0,20,-0.008857094969537665,156.86890524850202,0.7606542110443115,0.0,9,False
1784695200.8706472,control2,fd70d20b4d,MOSEK,soc,True,42,168,1,10,-0.11231231013229094,156.86890524850202,0.7606542110443115,0.0,4,False
1784695201.416247,control2,fd70d20b4d,MOSEK,soc,True,42,169,0,20,-0.006414164233252886,156.61536288806738,0.533071756362915,0.0010013580322265625,8,False
1784695201.421937,control2,fd70d20b4d,MOSEK,soc,True,42,169,1,10,-0.030552337934486702,156.61536288806738,0.533071756362915,0.0,3,False
1784695202.0159738,control2,fd70d20b4d,MOSEK,soc,True,42,170,0,20,-0.004278925305345244,156.47791308739357,0.5790090560913086,0.0010006427764892578,8,False
1784695202.0215552,control2,fd70d20b4d,MOSEK,soc,True,42,170,1,10,-0.07439066700322931,156.47791308739357,0.5790090560913086,0.0,4,False
1784695202.6322212,control2,fd70d20b4d,MOSEK,soc,True,42,171,0,20,-0.008170207390500787,156.0506290191334,0.5951993465423584,0.0,8,False
1784695202.6372218,control2,fd70d20b4d,MOSEK,soc,True,42,171,1,10,-0.07616402178643779,156.0506290191334,0.5951993465423584,0.0009839534759521484,4,False
1784695203.2436993,control2,fd70d20b4d,MOSEK,soc,True,42,172,0,20,-0.006623838964017024,155.80405143201654,0.5934288501739502,0.0010156631469726562,8,False
1784695203.2486815,control2,fd70d20b4d,MOSEK,soc,True,42,172,1,10,-0.06396605620100498,155.80405143201654,0.5934288501739502,0.0,3,False
1784695203.791066,control2,fd70d20b4d,MOSEK,soc,True,42,173,0,20,-0.0047852329056773096,155.66910461149314,0.5302112102508545,0.0010018348693847656,7,False
1784695203.7963035,control2,fd70d20b4d,MOSEK,soc,True,42,173,1,10,-0.06269021908996324,155.66910461149314,0.5302112102508545,0.0,4,False
1784695204.3368394,control2,fd70d20b4d,MOSEK,soc,True,42,174,0,20,-0.005561029815659126,155.38626451751588,0.5275261402130127,0.0,7,False
1784695204.3423932,control2,fd70d20b4d,MOSEK,soc,True,42,174,1,10,-0.10845635765956455,155.38626451751588,0.5275261402130127,0.0,3,False
1784695204.9398685,control2,fd70d20b4d,MOSEK,soc,True,42,175,0,20,-0.007087265558901141,155.0519035401975,0.5874528884887695,0.0,8,False
1784695204.9468706,control2,fd70d20b4d,MOSEK,soc,True,42,175,1,10,-0.15698175852210794,155.0519035401975,0.5874528884887695,0.0,4,False
1784695205.4645436,control2,fd70d20b4d,MOSEK,soc,True,42,176,0,20,-0.0051086219214785955,154.86882532723314,0.5038039684295654,0.001001119613647461,8,False
1784695205.4703484,control2,fd70d20b4d,MOSEK,soc,True,42,176,1,10,-0.04522656418145676,154.86882532723314,0.5038039684295654,0.0,4,False
1784695206.0265431,control2,fd70d20b4d,MOSEK,soc,True,42,177,0,20,-0.006425989944116909,154.51829295012055,0.5406792163848877,0.0,8,False
1784695206.0315788,control2,fd70d20b4d,MOSEK,soc,True,42,177,1,10,-0.12979248380623185,154.51829295012055,0.5406792163848877,0.0,4,False
1784695206.5890486,control2,fd70d20b4d,MOSEK,soc,True,42,178,0,20,-0.004570474833615828,154.24853309563272,0.5445120334625244,0.0008656978607177734,8,False
1784695206.5941515,control2,fd70d20b4d,MOSEK,soc,True,42,178,1,10,-0.18336205487867166,154.24853309563272,0.5445120334625244,0.0,3,False
1784695207.2020879,control2,fd70d20b4d,MOSEK,soc,True,42,179,0,20,-0.004983774058772722,153.4605730514665,0.5939364433288574,0.0009963512420654297,7,False
1784695207.2072227,control2,fd70d20b4d,MOSEK,soc,True,42,179,1,10,-0.14448404894381384,153.4605730514665,0.5939364433288574,0.0010001659393310547,3,False
1784695207.7755692,control2,fd70d20b4d,MOSEK,soc,True,42,180,0,20,-0.0072149275338169805,152.95949209127025,0.5553483963012695,0.0,7,False
1784695207.7815382,control2,fd70d20b4d,MOSEK,soc,True,42,180,1,10,-0.18415367323377407,152.95949209127025,0.5553483963012695,0.0,5,False
1784695208.4353185,control2,fd70d20b4d,MOSEK,soc,True,42,181,0,20,-0.006561260059162347,152.11646357193405,0.6404027938842773,0.0010046958923339844,8,False
1784695208.4410436,control2,fd70d20b4d,MOSEK,soc,True,42,181,1,10,-0.1534949942078521,152.11646357193405,0.6404027938842773,0.0,4,False
1784695209.0182052,control2,fd70d20b4d,MOSEK,soc,True,42,182,0,20,-0.005856569784054996,151.6276974806099,0.5643651485443115,0.0,7,False
1784695209.0236008,control2,fd70d20b4d,MOSEK,soc,True,42,182,1,10,-0.08614199387791942,151.6276974806099,0.5643651485443115,0.0,3,False
1784695209.647528,control2,fd70d20b4d,MOSEK,soc,True,42,183,0,20,-0.006183466344603264,151.33707281016984,0.6121511459350586,0.0,7,False
1784695209.6535227,control2,fd70d20b4d,MOSEK,soc,True,42,183,1,10,-0.189494524436722,151.33707281016984,0.6121511459350586,0.0009052753448486328,4,False
1784695210.2229013,control2,fd70d20b4d,MOSEK,soc,True,42,184,0,20,-0.005382315878452692,151.07408745110388,0.5560376644134521,0.001033782958984375,9,False
1784695210.226621,control2,fd70d20b4d,MOSEK,soc,True,42,184,1,10,-0.03196750556052049,151.07408745110388,0.5560376644134521,0.0009522438049316406,4,False
1784695210.9126663,control2,fd70d20b4d,MOSEK,soc,True,42,185,0,20,-0.004104587144531085,150.6981156726444,0.667752742767334,6.699562072753906e-05,8,False
1784695210.918723,control2,fd70d20b4d,MOSEK,soc,True,42,185,1,10,-0.07860967885550402,150.6981156726444,0.667752742767334,0.0,3,False
1784695211.5320287,control2,fd70d20b4d,MOSEK,soc,True,42,186,0,20,-0.004182913007198784,150.39657928241039,0.6005923748016357,0.0,8,False
1784695211.5381763,control2,fd70d20b4d,MOSEK,soc,True,42,186,1,10,-0.07767436122141474,150.39657928241039,0.6005923748016357,0.0,3,False
1784695212.1808674,control2,fd70d20b4d,MOSEK,soc,True,42,187,0,20,-0.0034255721622986654,150.18896337837415,0.6290574073791504,0.0,7,False
1784695212.1860566,control2,fd70d20b4d,MOSEK,soc,True,42,187,1,10,-0.08032682610432784,150.18896337837415,0.6290574073791504,0.0009295940399169922,3,False
1784695212.8050172,control2,fd70d20b4d,MOSEK,soc,True,42,188,0,20,-0.004248217726924696,149.9108303710716,0.6039383411407471,0.0009818077087402344,8,False
1784695212.8096921,control2,fd70d20b4d,MOSEK,soc,True,42,188,1,10,-0.033214120430759664,149.9108303710716,0.6039383411407471,0.0,4,False
1784695213.3907154,control2,fd70d20b4d,MOSEK,soc,True,42,189,0,20,-0.005404869712394525,149.5209922737119,0.5665168762207031,0.0,7,False
1784695213.3957126,control2,fd70d20b4d,MOSEK,soc,True,42,189,1,10,-0.031962204451619916,149.5209922737119,0.5665168762207031,0.0,3,False
1784695214.0598948,control2,fd70d20b4d,MOSEK,soc,True,42,190,0,20,-0.009681648070822552,149.0223154785561,0.6242697238922119,0.0,9,False
1784695214.0662062,control2,fd70d20b4d,MOSEK,soc,True,42,190,1,10,-0.03928555686260742,149.0223154785561,0.6242697238922119,0.0009620189666748047,4,False
1784695214.6514444,control2,fd70d20b4d,MOSEK,soc,True,42,191,0,20,-0.009203854065832937,148.62115218408766,0.5702362060546875,0.0,8,False
1784695214.6565359,control2,fd70d20b4d,MOSEK,soc,True,42,191,1,10,-0.022113145466652374,148.62115218408766,0.5702362060546875,0.0,3,False
1784695215.2711525,control2,fd70d20b4d,MOSEK,soc,True,42,192,0,20,-0.006267180507568874,148.34556902654427,0.59956955909729,0.0,8,False
1784695215.2761693,control2,fd70d20b4d,MOSEK,soc,True,42,192,1,10,-0.021889276984195478,148.34556902654427,0.59956955909729,0.0,4,False
1784695215.8988047,control2,fd70d20b4d,MOSEK,soc,True,42,193,0,20,-0.00496137138891145,148.17984299839623,0.6100444793701172,0.0,7,False
1784695215.9031854,control2,fd70d20b4d,MOSEK,soc,True,42,193,1,10,-0.10494822058155015,148.17984299839623,0.6100444793701172,0.0,3,False
1784695216.5208511,control2,fd70d20b4d,MOSEK,soc,True,42,194,0,20,-0.006218680753896356,147.90533819030878,0.6046159267425537,0.0011413097381591797,8,False
1784695216.5260086,control2,fd70d20b4d,MOSEK,soc,True,42,194,1,10,-0.0478688342300775,147.90533819030878,0.6046159267425537,0.0,4,False
1784695217.413415,control2,fd70d20b4d,MOSEK,soc,True,42,195,0,20,-0.004628529861130683,147.38067411538734,0.8735721111297607,0.0,9,False
1784695217.4184227,control2,fd70d20b4d,MOSEK,soc,True,42,195,1,10,-0.051626077532703776,147.38067411538734,0.8735721111297607,0.0009050369262695312,4,False
1784695218.095506,control2,fd70d20b4d,MOSEK,soc,True,42,196,0,20,-0.00419832974041669,147.16176306586817,0.6632516384124756,0.0,8,False
1784695218.1015568,control2,fd70d20b4d,MOSEK,soc,True,42,196,1,10,-0.048997487013378735,147.16176306586817,0.6632516384124756,0.0,4,False
1784695218.759603,control2,fd70d20b4d,MOSEK,soc,True,42,197,0,20,-0.005405103337178356,146.8978766481219,0.6435964107513428,0.0011157989501953125,8,False
1784695218.7662036,control2,fd70d20b4d,MOSEK,soc,True,42,197,1,10,-0.03765698268393633,146.8978766481219,0.6435964107513428,0.0,3,False
1784695219.3693717,control2,fd70d20b4d,MOSEK,soc,True,42,198,0,20,-0.006367461852774202,146.50127435768968,0.5890107154846191,0.0,8,False
1784695219.3754878,control2,fd70d20b4d,MOSEK,soc,True,42,198,1,10,-0.09301945360324075,146.50127435768968,0.5890107154846191,0.0,4,False
1784695220.0387733,control2,fd70d20b4d,MOSEK,soc,True,42,199,0,20,-0.004386192916253281,146.3380495069133,0.6462531089782715,0.0,8,False
1784695220.0444038,control2,fd70d20b4d,MOSEK,soc,True,42,199,1,10,-0.02063621126110496,146.3380495069133,0.6462531089782715,0.0009391307830810547,4,False
1784695220.705736,control2,fd70d20b4d,MOSEK,soc,True,42,200,0,20,-0.0035479492681266492,146.11738749093257,0.6474921703338623,0.0,8,False
1784695220.7131095,control2,fd70d20b4d,MOSEK,soc,True,42,200,1,10,-0.024133392580838717,146.11738749093257,0.6474921703338623,0.0,4,False
1784695221.351993,control2,fd70d20b4d,MOSEK,soc,True,42,201,0,20,-0.003316425366587194,145.94163233884643,0.624234676361084,0.0010645389556884766,7,False
1784695221.3574274,control2,fd70d20b4d,MOSEK,soc,True,42,201,1,10,-0.021006094131414046,145.94163233884643,0.624234676361084,0.0010333061218261719,4,False
1784695222.2833967,control2,fd70d20b4d,MOSEK,soc,True,42,202,0,20,-0.007245480382693954,145.78286893544032,0.9111313819885254,0.0,8,False
1784695222.2884054,control2,fd70d20b4d,MOSEK,soc,True,42,202,1,10,-0.035324087660054175,145.78286893544032,0.9111313819885254,0.001079559326171875,4,False
1784695223.3009744,control2,fd70d20b4d,MOSEK,soc,True,42,203,0,20,-0.004864268541009953,145.4033949203539,0.9978609085083008,0.0,8,False
1784695223.3056734,control2,fd70d20b4d,MOSEK,soc,True,42,203,1,10,-0.03928422188995934,145.4033949203539,0.9978609085083008,0.0,4,False
1784695224.075901,control2,fd70d20b4d,MOSEK,soc,True,42,204,0,20,-0.005149449838516234,145.11278196270734,0.7553813457489014,0.0,7,False
1784695224.0789118,control2,fd70d20b4d,MOSEK,soc,True,42,204,1,10,-0.1917442595293964,145.11278196270734,0.7553813457489014,0.0,4,False
1784695224.8146212,control2,fd70d20b4d,MOSEK,soc,True,42,205,0,20,-0.004931038968905646,144.65553795526085,0.717703104019165,0.0009992122650146484,7,False
1784695224.8205721,control2,fd70d20b4d,MOSEK,soc,True,42,205,1,10,-0.08207452371926822,144.65553795526085,0.717703104019165,0.0006031990051269531,4,False
1784695225.525159,control2,fd70d20b4d,MOSEK,soc,True,42,206,0,20,-0.004665858942893896,144.36852700274017,0.6903185844421387,0.0,8,False
1784695225.5311902,control2,fd70d20b4d,MOSEK,soc,True,42,206,1,10,-0.11025594064058714,144.36852700274017,0.6903185844421387,0.0,3,False
1784695226.2450361,control2,fd70d20b4d,MOSEK,soc,True,42,207,0,20,-0.00440836176569541,144.0140935731788,0.7006857395172119,0.0,8,False
1784695226.2509716,control2,fd70d20b4d,MOSEK,soc,True,42,207,1,10,-0.040271820592403265,144.0140935731788,0.7006857395172119,0.0,4,False
1784695226.9631913,control2,fd70d20b4d,MOSEK,soc,True,42,208,0,20,-0.004579232071718209,143.70604974952653,0.6958367824554443,0.0,8,False
1784695226.9675133,control2,fd70d20b4d,MOSEK,soc,True,42,208,1,10,-0.04720279589888089,143.70604974952653,0.6958367824554443,0.0,3,False
1784695227.6294127,control2,fd70d20b4d,MOSEK,soc,True,42,209,0,20,-0.003517082584904811,143.58027873489524,0.6465747356414795,0.0,8,False
1784695227.6343756,control2,fd70d20b4d,MOSEK,soc,True,42,209,1,10,-0.034889292346621706,143.58027873489524,0.6465747356414795,0.0,4,False
1784695228.3381023,control2,fd70d20b4d,MOSEK,soc,True,42,210,0,20,-0.003201743168817196,143.29981050454177,0.6896193027496338,0.0,8,False
1784695228.3441308,control2,fd70d20b4d,MOSEK,soc,True,42,210,1,10,-0.05649248901729638,143.29981050454177,0.6896193027496338,0.0,4,False
1784695229.083575,control2,fd70d20b4d,MOSEK,soc,True,42,211,0,20,-0.0056412385107386855,143.02495621292167,0.7244017124176025,0.0009987354278564453,8,False
1784695229.0895767,control2,fd70d20b4d,MOSEK,soc,True,42,211,1,10,-0.04496328591070541,143.02495621292167,0.7244017124176025,0.0,4,False
1784695229.7217376,control2,fd70d20b4d,MOSEK,soc,True,42,212,0,20,-0.008751133204811736,142.6095193728014,0.6184372901916504,0.0009968280792236328,9,False
1784695229.7277532,control2,fd70d20b4d,MOSEK,soc,True,42,212,1,10,-0.0643010277789515,142.6095193728014,0.6184372901916504,0.0,4,False
1784695230.4294255,control2,fd70d20b4d,MOSEK,soc,True,42,213,0,20,-0.005808725615494106,142.41461695489562,0.6879057884216309,0.0,8,False
1784695230.4350758,control2,fd70d20b4d,MOSEK,soc,True,42,213,1,10,-0.04948299434528937,142.41461695489562,0.6879057884216309,0.0,5,False
1784695231.1234403,control2,fd70d20b4d,MOSEK,soc,True,42,214,0,20,-0.011242370869582193,141.7464463415498,0.6728882789611816,0.0011599063873291016,7,False
1784695231.1284766,control2,fd70d20b4d,MOSEK,soc,True,42,214,1,10,-0.050516281155296265,141.7464463415498,0.6728882789611816,0.0,3,False
1784695231.8264804,control2,fd70d20b4d,MOSEK,soc,True,42,215,0,20,-0.006228948100296412,141.52340364468705,0.6822066307067871,0.0,8,False
1784695231.832609,control2,fd70d20b4d,MOSEK,soc,True,42,215,1,10,-0.033900663310147745,141.52340364468705,0.6822066307067871,0.0,4,False
1784695232.704907,control2,fd70d20b4d,MOSEK,soc,True,42,216,0,20,-0.007191535723756575,141.12551225675702,0.8512370586395264,0.0,8,False
1784695232.711422,control2,fd70d20b4d,MOSEK,soc,True,42,216,1,10,-0.05993395644636472,141.12551225675702,0.8512370586395264,0.0,4,False
1784695233.624255,control2,fd70d20b4d,MOSEK,soc,True,42,217,0,20,-0.007273771769295145,140.63689410514786,0.8947036266326904,0.0016334056854248047,7,False
1784695233.6299803,control2,fd70d20b4d,MOSEK,soc,True,42,217,1,10,-0.08263185388032063,140.63689410514786,0.8947036266326904,0.0,4,False
1784695234.3329878,control2,fd70d20b4d,MOSEK,soc,True,42,218,0,20,-0.005825523705713037,140.47811967097294,0.690025806427002,0.0,7,False
1784695234.3383799,control2,fd70d20b4d,MOSEK,soc,True,42,218,1,10,-0.038292861421887564,140.47811967097294,0.690025806427002,0.0,4,False
1784695235.1931934,control2,fd70d20b4d,MOSEK,soc,True,42,219,0,20,-0.005198227856107905,139.9744345195611,0.8335261344909668,0.0,7,False
1784695235.1989017,control2,fd70d20b4d,MOSEK,soc,True,42,219,1,10,-0.04841663621165609,139.9744345195611,0.8335261344909668,0.0,3,False
1784695235.9488533,control2,fd70d20b4d,MOSEK,soc,True,42,220,0,20,-0.003946507414597458,139.80316977918463,0.7370607852935791,0.0,7,False
1784695235.9545643,control2,fd70d20b4d,MOSEK,soc,True,42,220,1,10,-0.030209093571702383,139.80316977918463,0.7370607852935791,0.0,4,False
1784695236.6924915,control2,fd70d20b4d,MOSEK,soc,True,42,221,0,20,-0.0034857951286154753,139.46259404801793,0.7154309749603271,0.0,7,False
1784695236.6967251,control2,fd70d20b4d,MOSEK,soc,True,42,221,1,10,-0.04776911949687324,139.46259404801793,0.7154309749603271,0.0,4,False
1784695237.5135136,control2,fd70d20b4d,MOSEK,soc,True,42,222,0,20,-0.005020986700802319,139.02129101060322,0.8012206554412842,0.0010037422180175781,7,False
1784695237.5189347,control2,fd70d20b4d,MOSEK,soc,True,42,222,1,10,-0.09695914541679666,139.02129101060322,0.8012206554412842,0.0,4,False
1784695238.2325978,control2,fd70d20b4d,MOSEK,soc,True,42,223,0,20,-0.00535043744933584,138.44832869447492,0.6987762451171875,0.0010666847229003906,8,False
1784695238.2401066,control2,fd70d20b4d,MOSEK,soc,True,42,223,1,10,-0.05199925567136694,138.44832869447492,0.6987762451171875,0.0,4,False
1784695239.0186136,control2,fd70d20b4d,MOSEK,soc,True,42,224,0,20,-0.004835611290727067,138.18391667040837,0.763333797454834,0.0,8,False
1784695239.024583,control2,fd70d20b4d,MOSEK,soc,True,42,224,1,10,-0.04218363770523397,138.18391667040837,0.763333797454834,0.0,4,False
1784695239.9064765,control2,fd70d20b4d,MOSEK,soc,True,42,225,0,20,-0.007610937979570895,137.98165559226285,0.8673865795135498,0.0,8,False
1784695239.912214,control2,fd70d20b4d,MOSEK,soc,True,42,225,1,10,-0.0561372275290826,137.98165559226285,0.8673865795135498,0.0,4,False
1784695240.6635802,control2,fd70d20b4d,MOSEK,soc,True,42,226,0,20,-0.003370105404720192,137.8075647972669,0.7325301170349121,0.0,8,False
1784695240.6689363,control2,fd70d20b4d,MOSEK,soc,True,42,226,1,10,-0.03851954842980055,137.8075647972669,0.7325301170349121,0.0,4,False
1784695241.4757853,control2,fd70d20b4d,MOSEK,soc,True,42,227,0,20,-0.00488872976040361,137.35079450326924,0.7913546562194824,0.0011026859283447266,9,False
1784695241.4808998,control2,fd70d20b4d,MOSEK,soc,True,42,227,1,10,-0.03259083858690364,137.35079450326924,0.7913546562194824,0.0009684562683105469,4,False
1784695242.2710633,control2,fd70d20b4d,MOSEK,soc,True,42,228,0,20,-0.007593466727772044,137.15209926136322,0.7755639553070068,0.0,8,False
1784695242.2753844,control2,fd70d20b4d,MOSEK,soc,True,42,228,1,10,-0.026165041767205494,137.15209926136322,0.7755639553070068,0.0,4,False
1784695243.158609,control2,fd70d20b4d,MOSEK,soc,True,42,229,0,20,-0.006130016719688851,136.775001283466,0.8680672645568848,0.0,8,False
1784695243.1621246,control2,fd70d20b4d,MOSEK,soc,True,42,229,1,10,-0.04753226581187524,136.775001283466,0.8680672645568848,0.0,4,False
1784695243.8727546,control2,fd70d20b4d,MOSEK,soc,True,42,230,0,20,-0.003337102252574753,136.49173195682675,0.6967208385467529,0.0009868144989013672,8,False
1784695243.878414,control2,fd70d20b4d,MOSEK,soc,True,42,230,1,10,-0.023624648888766968,136.49173195682675,0.6967208385467529,0.0,4,False
1784695244.6393077,control2,fd70d20b4d,MOSEK,soc,True,42,231,0,20,-0.004631510010528685,136.14147150492192,0.7429709434509277,0.0,7,False
1784695244.6463547,control2,fd70d20b4d,MOSEK,soc,True,42,231,1,10,-0.024212339994474447,136.14147150492192,0.7429709434509277,0.0,4,False
1784695245.7177064,control2,fd70d20b4d,MOSEK,soc,True,42,232,0,20,-0.006971798180938214,135.77368514702124,1.0534732341766357,0.0,8,False
1784695245.7227824,control2,fd70d20b4d,MOSEK,soc,True,42,232,1,10,-0.016145048357578795,135.77368514702124,1.0534732341766357,0.0,3,False
1784695246.581475,control2,fd70d20b4d,MOSEK,soc,True,42,233,0,20,-0.005167464624024969,135.57314016104948,0.8430001735687256,0.0,8,False
1784695246.5864747,control2,fd70d20b4d,MOSEK,soc,True,42,233,1,10,-0.026584116849742104,135.57314016104948,0.8430001735687256,0.0,3,False
1784695247.3312268,control2,fd70d20b4d,MOSEK,soc,True,42,234,0,20,-0.0045218058248402745,135.3556639660422,0.7284679412841797,0.0,8,False
1784695247.33623,control2,fd70d20b4d,MOSEK,soc,True,42,234,1,10,-0.038865149583011134,135.3556639660422,0.7284679412841797,0.0,4,False
1784695248.1787775,control2,fd70d20b4d,MOSEK,soc,True,42,235,0,20,-0.007013431730561279,135.0376232605825,0.8262126445770264,0.0,8,False
1784695248.1837165,control2,fd70d20b4d,MOSEK,soc,True,42,235,1,10,-0.028992472075969798,135.0376232605825,0.8262126445770264,0.001516580581665039,4,False
1784695249.0171113,control2,fd70d20b4d,MOSEK,soc,True,42,236,0,20,-0.007081843392051704,134.83088352793303,0.8159072399139404,0.00099945068359375,7,False
1784695249.0238013,control2,fd70d20b4d,MOSEK,soc,True,42,236,1,10,-0.03686545822959298,134.83088352793303,0.8159072399139404,0.0,4,False
1784695249.8636882,control2,fd70d20b4d,MOSEK,soc,True,42,237,0,20,-0.005925479540614026,134.690241812215,0.8221054077148438,0.0,7,False
1784695249.8702192,control2,fd70d20b4d,MOSEK,soc,True,42,237,1,10,-0.019851660520840083,134.690241812215,0.8221054077148438,0.0,4,False
1784695250.6474898,control2,fd70d20b4d,MOSEK,soc,True,42,238,0,20,-0.0044009382737939156,134.5390364040514,0.75826096534729,0.0,8,False
1784695250.652497,control2,fd70d20b4d,MOSEK,soc,True,42,238,1,10,-0.06817666370649741,134.5390364040514,0.75826096534729,0.0,4,False
1784695251.4672542,control2,fd70d20b4d,MOSEK,soc,True,42,239,0,20,-0.0052689226058148,134.38248354324304,0.7990431785583496,0.0,7,False
1784695251.4729571,control2,fd70d20b4d,MOSEK,soc,True,42,239,1,10,-0.04730313339158266,134.38248354324304,0.7990431785583496,0.0009515285491943359,4,False
1784695252.2757838,control2,fd70d20b4d,MOSEK,soc,True,42,240,0,20,-0.00603299954573702,134.18829131748032,0.7845969200134277,0.0,8,False
1784695252.2817824,control2,fd70d20b4d,MOSEK,soc,True,42,240,1,10,-0.03676311135681233,134.18829131748032,0.7845969200134277,0.0,4,False
1784695253.2634368,control2,fd70d20b4d,MOSEK,soc,True,42,241,0,20,-0.004324181584497971,133.96916658121663,0.950927734375,0.00010204315185546875,8,False
1784695253.2741191,control2,fd70d20b4d,MOSEK,soc,True,42,241,1,10,-0.02455866190527574,133.96916658121663,0.950927734375,0.0,4,False
1784695254.3714244,control2,fd70d20b4d,MOSEK,soc,True,42,242,0,20,-0.0033638416271126047,133.82740016055388,1.080148696899414,0.0,7,False
1784695254.3768566,control2,fd70d20b4d,MOSEK,soc,True,42,242,1,10,-0.025540219119360864,133.82740016055388,1.080148696899414,0.0,4,False
1784695255.1730115,control2,fd70d20b4d,MOSEK,soc,True,42,243,0,20,-0.00482412660832898,133.6790949651924,0.7813067436218262,0.0,7,False
1784695255.180051,control2,fd70d20b4d,MOSEK,soc,True,42,243,1,10,-0.018323345412205136,133.6790949651924,0.7813067436218262,0.0008819103240966797,4,False
1784695256.020877,control2,fd70d20b4d,MOSEK,soc,True,42,244,0,20,-0.0028615968728525356,133.57885875180844,0.8254055976867676,0.0,7,False
1784695256.0266874,control2,fd70d20b4d,MOSEK,soc,True,42,244,1,10,-0.009015663652034213,133.57885875180844,0.8254055976867676,0.0008928775787353516,4,False
1784695256.8569915,control2,fd70d20b4d,MOSEK,soc,True,42,245,0,20,-0.0060193929811958626,133.48121705220174,0.8157927989959717,0.0,7,False
1784695256.8635669,control2,fd70d20b4d,MOSEK,soc,True,42,245,1,10,-0.012113488277637486,133.48121705220174,0.8157927989959717,0.0,4,False
1784695257.778856,control2,fd70d20b4d,MOSEK,soc,True,42,246,0,20,-0.0029368369326632725,133.30008959183255,0.8993804454803467,0.0,7,False
1784695257.783865,control2,fd70d20b4d,MOSEK,soc,True,42,246,1,10,-0.021061217197185268,133.30008959183255,0.8993804454803467,0.0,4,False
1784695258.6571624,control2,fd70d20b4d,MOSEK,soc,True,42,247,0,20,-0.002789249742569958,133.1331789981198,0.856158971786499,0.0,7,False
1784695258.6640213,control2,fd70d20b4d,MOSEK,soc,True,42,247,1,10,-0.01690114347386109,133.1331789981198,0.856158971786499,0.0,3,False
1784695259.5028312,control2,fd70d20b4d,MOSEK,soc,True,42,248,0,20,-0.0023726586824354616,132.97724745365727,0.8152866363525391,0.0009865760803222656,7,False
1784695259.5081546,control2,fd70d20b4d,MOSEK,soc,True,42,248,1,10,-0.06518644775085768,132.97724745365727,0.8152866363525391,0.0,4,False
1784695260.3977697,control2,fd70d20b4d,MOSEK,soc,True,42,249,0,20,-0.006578024653800108,132.65223870945516,0.871870756149292,0.000946044921875,8,False
1784695260.4019408,control2,fd70d20b4d,MOSEK,soc,True,42,249,1,10,-0.010119831485625898,132.65223870945516,0.871870756149292,0.0,3,False
1784695261.271002,control2,fd70d20b4d,MOSEK,soc,True,42,250,0,20,-0.004215342262510148,132.37362690143902,0.8502070903778076,0.0010042190551757812,8,False
1784695261.2750034,control2,fd70d20b4d,MOSEK,soc,True,42,250,1,10,-0.0159348604559404,132.37362690143902,0.8502070903778076,0.0,4,False
1784695262.1408248,control2,fd70d20b4d,MOSEK,soc,True,42,251,0,20,-0.009479745794376677,131.87648197461863,0.8349175453186035,0.0009918212890625,8,False
1784695262.1478336,control2,fd70d20b4d,MOSEK,soc,True,42,251,1,10,-0.04485489589288887,131.87648197461863,0.8349175453186035,0.0009999275207519531,3,False
1784695263.0520515,control2,fd70d20b4d,MOSEK,soc,True,42,252,0,20,-0.0052404001665754376,131.63616331655072,0.8824417591094971,0.0,8,False
1784695263.0580573,control2,fd70d20b4d,MOSEK,soc,True,42,252,1,10,-0.06858275085252827,131.63616331655072,0.8824417591094971,0.0,4,False
1784695263.8901865,control2,fd70d20b4d,MOSEK,soc,True,42,253,0,20,-0.003573503921684218,131.4609324721005,0.8158156871795654,0.0,7,False
1784695263.896193,control2,fd70d20b4d,MOSEK,soc,True,42,253,1,10,-0.022430163494329514,131.4609324721005,0.8158156871795654,0.0,4,False
1784695264.7235641,control2,fd70d20b4d,MOSEK,soc,True,42,254,0,20,-0.003459508062584096,131.2730033795978,0.8100442886352539,0.0,7,False
1784695264.727793,control2,fd70d20b4d,MOSEK,soc,True,42,254,1,10,-0.045136698036810016,131.2730033795978,0.8100442886352539,0.0,4,False
1784695265.6783116,control2,fd70d20b4d,MOSEK,soc,True,42,255,0,20,-0.002996779357783539,131.00345023415233,0.9332709312438965,0.0,7,False
1784695265.6849508,control2,fd70d20b4d,MOSEK,soc,True,42,255,1,10,-0.09852416344572686,131.00345023415233,0.9332709312438965,0.0,4,False
1784695266.97173,control2,fd70d20b4d,MOSEK,soc,True,42,256,0,20,-0.0036497543658811733,130.9191940005877,1.268608808517456,0.0,8,False
1784695266.978003,control2,fd70d20b4d,MOSEK,soc,True,42,256,1,10,-0.054311347473029396,130.9191940005877,1.268608808517456,0.0,4,False
1784695267.8830504,control2,fd70d20b4d,MOSEK,soc,True,42,257,0,20,-0.007851443059092496,130.76877506368194,0.8874104022979736,0.0,7,False
1784695267.8881419,control2,fd70d20b4d,MOSEK,soc,True,42,257,1,10,-0.08777205934043439,130.76877506368194,0.8874104022979736,0.0010089874267578125,4,False
1784695268.8175929,control2,fd70d20b4d,MOSEK,soc,True,42,258,0,20,-0.003226439298280323,130.61163741208026,0.913093090057373,0.0,7,False
1784695268.8234155,control2,fd70d20b4d,MOSEK,soc,True,42,258,1,10,-0.017407529961042376,130.61163741208026,0.913093090057373,0.0,4,False
1784695269.7266898,control2,fd70d20b4d,MOSEK,soc,True,42,259,0,20,-0.003077875644579382,130.4990720884094,0.8891294002532959,0.0,7,False
1784695269.7316968,control2,fd70d20b4d,MOSEK,soc,True,42,259,1,10,-0.025770138374350774,130.4990720884094,0.8891294002532959,0.0,4,False
1784695270.672009,control2,fd70d20b4d,MOSEK,soc,True,42,260,0,20,-0.003243167484532428,130.37147157883095,0.9209239482879639,0.0010004043579101562,8,False
1784695270.6785414,control2,fd70d20b4d,MOSEK,soc,True,42,260,1,10,-0.04817131466639102,130.37147157883095,0.9209239482879639,0.0,4,False
1784695271.6107354,control2,fd70d20b4d,MOSEK,soc,True,42,261,0,20,-0.006683807932330856,130.11436033866818,0.914893627166748,0.0,8,False
1784695271.6175606,control2,fd70d20b4d,MOSEK,soc,True,42,261,1,10,-0.043710348281096864,130.11436033866818,0.914893627166748,0.0,4,False
1784695272.4932096,control2,fd70d20b4d,MOSEK,soc,True,42,262,0,20,-0.004798889816381477,129.94475440070718,0.8589179515838623,0.0,8,False
1784695272.499226,control2,fd70d20b4d,MOSEK,soc,True,42,262,1,10,-0.02451058890992178,129.94475440070718,0.8589179515838623,0.0,4,False
1784695273.4132204,control2,fd70d20b4d,MOSEK,soc,True,42,263,0,20,-0.002811740929261451,129.85417217555172,0.8941872119903564,0.0,7,False
1784695273.4189982,control2,fd70d20b4d,MOSEK,soc,True,42,263,1,10,-0.00979631981349903,129.85417217555172,0.8941872119903564,0.0,4,False
1784695274.3699346,control2,fd70d20b4d,MOSEK,soc,True,42,264,0,20,-0.0020762035253203384,129.8137637017581,0.9371607303619385,0.0,6,False
1784695274.3759363,control2,fd70d20b4d,MOSEK,soc,True,42,264,1,10,-0.011828718258184457,129.8137637017581,0.9371607303619385,0.0,4,False
1784695275.2635965,control2,fd70d20b4d,MOSEK,soc,True,42,265,0,20,-0.01135104553027592,128.67032595189735,0.8698208332061768,0.0,9,False
1784695275.268912,control2,fd70d20b4d,MOSEK,soc,True,42,265,1,10,-0.06501014669312127,128.67032595189735,0.8698208332061768,0.0,4,False
1784695276.2085428,control2,fd70d20b4d,MOSEK,soc,True,42,266,0,20,-0.014098585725166262,127.78057892133202,0.9202632904052734,0.0,8,False
1784695276.214628,control2,fd70d20b4d,MOSEK,soc,True,42,266,1,10,-0.039385080451187715,127.78057892133202,0.9202632904052734,0.0,4,False
1784695277.3035903,control2,fd70d20b4d,MOSEK,soc,True,42,267,0,20,-0.011299110741519808,127.24694897194965,1.0709941387176514,0.0,8,False
1784695277.3091102,control2,fd70d20b4d,MOSEK,soc,True,42,267,1,10,-0.032954960140190045,127.24694897194965,1.0709941387176514,0.0,4,False
1784695278.2949562,control2,fd70d20b4d,MOSEK,soc,True,42,268,0,20,-0.006700330403066352,126.98573198826084,0.9686262607574463,0.0,7,False
1784695278.2996247,control2,fd70d20b4d,MOSEK,soc,True,42,268,1,10,-0.021951397312984067,126.98573198826084,0.9686262607574463,0.0,4,False
1784695279.2401342,control2,fd70d20b4d,MOSEK,soc,True,42,269,0,20,-0.00598677129725756,126.60894515314546,0.9198968410491943,0.0,7,False
1784695279.2461157,control2,fd70d20b4d,MOSEK,soc,True,42,269,1,10,-0.023034292569654377,126.60894515314546,0.9198968410491943,0.0009832382202148438,4,False
1784695280.2383914,control2,fd70d20b4d,MOSEK,soc,True,42,270,0,20,-0.0044549128948090915,126.3461890029819,0.975059986114502,0.0,7,False
1784695280.2444284,control2,fd70d20b4d,MOSEK,soc,True,42,270,1,10,-0.015758687209580746,126.3461890029819,0.975059986114502,0.0,4,False
1784695281.1080506,control2,fd70d20b4d,MOSEK,soc,True,42,271,0,20,-0.00391954048619159,126.20795605366612,0.8470830917358398,0.0,6,False
1784695281.114139,control2,fd70d20b4d,MOSEK,soc,True,42,271,1,10,-0.021000699961746083,126.20795605366612,0.8470830917358398,0.0,5,False
1784695282.342484,control2,fd70d20b4d,MOSEK,soc,True,42,272,0,20,-0.006102242530917872,125.4994648977376,1.2127766609191895,0.0,8,False
1784695282.3475177,control2,fd70d20b4d,MOSEK,soc,True,42,272,1,10,-0.060910810687076974,125.4994648977376,1.2127766609191895,0.0,3,False
1784695283.291957,control2,fd70d20b4d,MOSEK,soc,True,42,273,0,20,-0.006123246744454406,125.3303341059551,0.9275734424591064,0.0,7,False
1784695283.296992,control2,fd70d20b4d,MOSEK,soc,True,42,273,1,10,-0.030846421318359338,125.3303341059551,0.9275734424591064,0.000982522964477539,3,False
1784695284.3190088,control2,fd70d20b4d,MOSEK,soc,True,42,274,0,20,-0.007182217056652451,124.7030909824552,1.0049140453338623,0.0010113716125488281,6,False
1784695284.323985,control2,fd70d20b4d,MOSEK,soc,True,42,274,1,10,-0.026818168108987076,124.7030909824552,1.0049140453338623,0.0010020732879638672,4,False
1784695285.5785365,control2,fd70d20b4d,MOSEK,soc,True,42,275,0,20,-0.007455510144615932,124.15975439167482,1.2390093803405762,0.0,7,False
1784695285.5833209,control2,fd70d20b4d,MOSEK,soc,True,42,275,1,10,-0.056976784658390706,124.15975439167482,1.2390093803405762,0.0,4,False
1784695286.7670605,control2,fd70d20b4d,MOSEK,soc,True,42,276,0,20,-0.006383293713362241,123.85672264114267,1.1643667221069336,0.0,7,False
1784695286.7710721,control2,fd70d20b4d,MOSEK,soc,True,42,276,1,10,-0.02576073517418804,123.85672264114267,1.1643667221069336,0.0,4,False
1784695287.793854,control2,fd70d20b4d,MOSEK,soc,True,42,277,0,20,-0.005164373969955037,123.72009270654578,1.0035414695739746,0.0,8,False
1784695287.8001244,control2,fd70d20b4d,MOSEK,soc,True,42,277,1,10,-0.019589695558608552,123.72009270654578,1.0035414695739746,0.0,4,False
1784695288.8632932,control2,fd70d20b4d,MOSEK,soc,True,42,278,0,20,-0.004164337051617071,123.6562240041506,1.0438292026519775,0.0,7,False
1784695288.868326,control2,fd70d20b4d,MOSEK,soc,True,42,278,1,10,-0.025544827442854332,123.6562240041506,1.0438292026519775,0.0,5,False
1784695289.9891372,control2,fd70d20b4d,MOSEK,soc,True,42,279,0,20,-0.007421577349489132,123.14038625602379,1.1011722087860107,0.0,8,False
1784695289.9931297,control2,fd70d20b4d,MOSEK,soc,True,42,279,1,10,-0.04829042962863979,123.14038625602379,1.1011722087860107,0.0,4,False
1784695291.0293992,control2,fd70d20b4d,MOSEK,soc,True,42,280,0,20,-0.005318790434131496,122.57996570581847,1.0184526443481445,0.0,7,False
1784695291.03441,control2,fd70d20b4d,MOSEK,soc,True,42,280,1,10,-0.07197055448607784,122.57996570581847,1.0184526443481445,0.0,3,False
1784695292.2051427,control2,fd70d20b4d,MOSEK,soc,True,42,281,0,20,-0.009188479253865378,122.02915267620011,1.1526808738708496,0.0,7,False
1784695292.209318,control2,fd70d20b4d,MOSEK,soc,True,42,281,1,10,-0.03748206449139396,122.02915267620011,1.1526808738708496,0.0,4,False
1784695293.3905425,control2,fd70d20b4d,MOSEK,soc,True,42,282,0,20,-0.005879237010804701,121.66795074610219,1.161133050918579,0.0005087852478027344,8,False
1784695293.3965964,control2,fd70d20b4d,MOSEK,soc,True,42,282,1,10,-0.06414053052502441,121.66795074610219,1.161133050918579,0.0,4,False
1784695294.4428015,control2,fd70d20b4d,MOSEK,soc,True,42,283,0,20,-0.010447065103725131,121.39663897749352,1.0298407077789307,0.0009829998016357422,7,False
1784695294.448844,control2,fd70d20b4d,MOSEK,soc,True,42,283,1,10,-0.030940773861300414,121.39663897749352,1.0298407077789307,0.0010159015655517578,4,False
1784695295.5799394,control2,fd70d20b4d,MOSEK,soc,True,42,284,0,20,-0.007724546613577263,121.07764318294753,1.1122322082519531,0.0003082752227783203,7,False
1784695295.585814,control2,fd70d20b4d,MOSEK,soc,True,42,284,1,10,-0.01709393538491421,121.07764318294753,1.1122322082519531,0.0,5,False
1784695296.6590867,control2,fd70d20b4d,MOSEK,soc,True,42,285,0,20,-0.012165848318077252,120.7797683273036,1.0567715167999268,0.001077890396118164,7,False
1784695296.6647034,control2,fd70d20b4d,MOSEK,soc,True,42,285,1,10,-0.013787906198037245,120.7797683273036,1.0567715167999268,0.0010068416595458984,4,False
1784695297.6786587,control2,fd70d20b4d,MOSEK,soc,True,42,286,0,20,-0.007102455632784584,120.6521893376289,0.9979264736175537,0.0,7,False
1784695297.6826594,control2,fd70d20b4d,MOSEK,soc,True,42,286,1,10,-0.024073697259939766,120.6521893376289,0.9979264736175537,0.0009424686431884766,3,False
1784695298.9149568,control2,fd70d20b4d,MOSEK,soc,True,42,287,0,20,-0.005192399814554932,120.57067062177885,1.2143149375915527,0.0009419918060302734,7,False
1784695298.9196913,control2,fd70d20b4d,MOSEK,soc,True,42,287,1,10,-0.026441899521037034,120.57067062177885,1.2143149375915527,0.001016855239868164,3,False
1784695299.9624853,control2,fd70d20b4d,MOSEK,soc,True,42,288,0,20,-0.005342719512794437,120.43961241785703,1.0207335948944092,0.0,7,False
1784695299.9690962,control2,fd70d20b4d,MOSEK,soc,True,42,288,1,10,-0.02427478209683599,120.43961241785703,1.0207335948944092,0.0,4,False
1784695301.0893443,control2,fd70d20b4d,MOSEK,soc,True,42,289,0,20,-0.005255757517394848,120.27400165730023,1.0992019176483154,0.0,6,False
1784695301.094805,control2,fd70d20b4d,MOSEK,soc,True,42,289,1,10,-0.014420605797647134,120.27400165730023,1.0992019176483154,0.0,4,False
1784695302.153821,control2,fd70d20b4d,MOSEK,soc,True,42,290,0,20,-0.003929985776386664,120.14853875930017,1.0400896072387695,0.0,7,False
1784695302.1600292,control2,fd70d20b4d,MOSEK,soc,True,42,290,1,10,-0.03450957054056973,120.14853875930017,1.0400896072387695,0.0,3,False
1784695303.2471821,control2,fd70d20b4d,MOSEK,soc,True,42,291,0,20,-0.004478995789961155,119.7452699470781,1.065692663192749,0.0,7,False
1784695303.2532454,control2,fd70d20b4d,MOSEK,soc,True,42,291,1,10,-0.03808881783945883,119.7452699470781,1.065692663192749,0.0,4,False
1784695304.5297756,control2,fd70d20b4d,MOSEK,soc,True,42,292,0,20,-0.005534504385170821,119.63488318988996,1.257847547531128,0.0,7,False
1784695304.533772,control2,fd70d20b4d,MOSEK,soc,True,42,292,1,10,-0.014824113049525347,119.63488318988996,1.257847547531128,0.0,4,False
1784695305.748498,control2,fd70d20b4d,MOSEK,soc,True,42,293,0,20,-0.0038534050338549404,119.51727156178828,1.1980438232421875,0.0,7,False
1784695305.753619,control2,fd70d20b4d,MOSEK,soc,True,42,293,1,10,-0.014171120794684595,119.51727156178828,1.1980438232421875,0.0,3,False
1784695306.9301825,control2,fd70d20b4d,MOSEK,soc,True,42,294,0,20,-0.0034379121057901583,119.37704232313888,1.1571705341339111,0.0009989738464355469,7,False
1784695306.9359703,control2,fd70d20b4d,MOSEK,soc,True,42,294,1,10,-0.012171644047222497,119.37704232313888,1.1571705341339111,0.0,3,False
1784695308.1019843,control2,fd70d20b4d,MOSEK,soc,True,42,295,0,20,-0.004797481378575056,119.27958005709239,1.1489653587341309,0.00098419189453125,7,False
1784695308.106981,control2,fd70d20b4d,MOSEK,soc,True,42,295,1,10,-0.074235051672602,119.27958005709239,1.1489653587341309,0.0,4,False
1784695309.1316795,control2,fd70d20b4d,MOSEK,soc,True,42,296,0,20,-0.003865033535605727,119.20888628407899,1.0027670860290527,0.0,8,False
1784695309.1377444,control2,fd70d20b4d,MOSEK,soc,True,42,296,1,10,-0.039353267720154295,119.20888628407899,1.0027670860290527,0.0,4,False
1784695310.2229338,control2,fd70d20b4d,MOSEK,soc,True,42,297,0,20,-0.0025344422125464718,119.02947903836147,1.0650866031646729,0.0,7,False
1784695310.2294343,control2,fd70d20b4d,MOSEK,soc,True,42,297,1,10,-0.044272102271613926,119.02947903836147,1.0650866031646729,0.0010089874267578125,4,False
1784695311.3126504,control2,fd70d20b4d,MOSEK,soc,True,42,298,0,20,-0.005538888225373868,118.91237005940803,1.0633676052093506,0.0,8,False
1784695311.3173637,control2,fd70d20b4d,MOSEK,soc,True,42,298,1,10,-0.035285149388158486,118.91237005940803,1.0633676052093506,0.0009996891021728516,4,False
1784695312.7667146,control2,fd70d20b4d,MOSEK,soc,True,42,299,0,20,-0.002885388727307715,118.76876210351458,1.43031907081604,0.0,6,False
1784695312.7722008,control2,fd70d20b4d,MOSEK,soc,True,42,299,1,10,-0.044699649268182665,118.76876210351458,1.43031907081604,0.0,4,False
1784695313.839899,control2,fd70d20b4d,MOSEK,soc,True,42,300,0,20,-0.011560638330480945,118.48991498285677,1.0402047634124756,0.0,7,False
1784695313.8459003,control2,fd70d20b4d,MOSEK,soc,True,42,300,1,10,-0.07641854832547898,118.48991498285677,1.0402047634124756,0.0,4,False
1784695314.992984,control2,fd70d20b4d,MOSEK,soc,True,42,301,0,20,-0.0064244670852734555,118.25876601212528,1.12654709815979,0.0,8,False
1784695314.9980006,control2,fd70d20b4d,MOSEK,soc,True,42,301,1,10,-0.14984440458125473,118.25876601212528,1.12654709815979,0.0,5,False
1784695316.2934608,control2,fd70d20b4d,MOSEK,soc,True,42,302,0,20,-0.005494463667995269,117.83553696292245,1.2728595733642578,0.0,6,False
1784695316.298446,control2,fd70d20b4d,MOSEK,soc,True,42,302,1,10,-0.03598571908352245,117.83553696292245,1.2728595733642578,0.0009965896606445312,3,False
1784695317.379641,control2,fd70d20b4d,MOSEK,soc,True,42,303,0,20,-0.006220933511723827,117.73030161144433,1.0641591548919678,0.0,7,False
1784695317.3845534,control2,fd70d20b4d,MOSEK,soc,True,42,303,1,10,-0.018807216990781868,117.73030161144433,1.0641591548919678,0.0,4,False
1784695318.6490054,control2,fd70d20b4d,MOSEK,soc,True,42,304,0,20,-0.005044553283117187,117.5650409059656,1.2459850311279297,0.0,7,False
1784695318.6540132,control2,fd70d20b4d,MOSEK,soc,True,42,304,1,10,-0.03898865979138139,117.5650409059656,1.2459850311279297,0.001039743423461914,4,False
1784695319.8225868,control2,fd70d20b4d,MOSEK,soc,True,42,305,0,20,-0.008224467848182607,117.45879426784276,1.1506860256195068,0.0,8,False
1784695319.828395,control2,fd70d20b4d,MOSEK,soc,True,42,305,1,10,-0.029527679426475658,117.45879426784276,1.1506860256195068,0.0,4,False
1784695321.0619497,control2,fd70d20b4d,MOSEK,soc,True,42,306,0,20,-0.0030658665318437374,117.3356462225378,1.2097344398498535,0.0,6,False
1784695321.068008,control2,fd70d20b4d,MOSEK,soc,True,42,306,1,10,-0.02643302748532207,117.3356462225378,1.2097344398498535,0.0,4,False
1784695322.3593976,control2,fd70d20b4d,MOSEK,soc,True,42,307,0,20,-0.006892108758007765,117.12272774575604,1.2676827907562256,0.0,8,False
1784695322.3663883,control2,fd70d20b4d,MOSEK,soc,True,42,307,1,10,-0.05362070279501384,117.12272774575604,1.2676827907562256,0.0010020732879638672,5,False
1784695323.5107558,control2,fd70d20b4d,MOSEK,soc,True,42,308,0,20,-0.004706222788736793,117.04438833742113,1.1241123676300049,0.0,7,False
1784695323.5157125,control2,fd70d20b4d,MOSEK,soc,True,42,308,1,10,-0.021001036284958544,117.04438833742113,1.1241123676300049,0.0,4,False
1784695324.6650739,control2,fd70d20b4d,MOSEK,soc,True,42,309,0,20,-0.0032584109592137546,116.98693279257314,1.1289591789245605,0.0,7,False
1784695324.6710672,control2,fd70d20b4d,MOSEK,soc,True,42,309,1,10,-0.032719253341454015,116.98693279257314,1.1289591789245605,0.0,4,False
1784695326.0450363,control2,fd70d20b4d,MOSEK,soc,True,42,310,0,20,-0.002838652092343628,116.8592624353769,1.3578577041625977,0.0,7,False
1784695326.0527055,control2,fd70d20b4d,MOSEK,soc,True,42,310,1,10,-0.017265594842726554,116.8592624353769,1.3578577041625977,0.0009768009185791016,4,False
1784695327.262779,control2,fd70d20b4d,MOSEK,soc,True,42,311,0,20,-0.0026742668535459767,116.77479729536937,1.1867492198944092,0.0,7,False
1784695327.2679954,control2,fd70d20b4d,MOSEK,soc,True,42,311,1,10,-0.02085094016872838,116.77479729536937,1.1867492198944092,0.0005478858947753906,4,False
1784695328.4344392,control2,fd70d20b4d,MOSEK,soc,True,42,312,0,20,-0.00236110995415023,116.69157282996504,1.1392366886138916,0.0,7,False
1784695328.4394548,control2,fd70d20b4d,MOSEK,soc,True,42,312,1,10,-0.02497992011447589,116.69157282996504,1.1392366886138916,0.0,4,False
1784695329.650497,control2,fd70d20b4d,MOSEK,soc,True,42,313,0,20,-0.002332432880105384,116.62150029424834,1.1948275566101074,0.0,7,False
1784695329.6560078,control2,fd70d20b4d,MOSEK,soc,True,42,313,1,10,-0.01429596887095011,116.62150029424834,1.1948275566101074,0.001653909683227539,4,False
1784695330.991325,control2,fd70d20b4d,MOSEK,soc,True,42,314,0,20,-0.006109150995060895,116.30003001747166,1.3139512538909912,0.0,7,False
1784695330.998256,control2,fd70d20b4d,MOSEK,soc,True,42,314,1,10,-0.063879320734068,116.30003001747166,1.3139512538909912,0.0,4,False
1784695332.1815674,control2,fd70d20b4d,MOSEK,soc,True,42,315,0,20,-0.004106378115369819,116.0555006049205,1.1645867824554443,0.0010399818420410156,7,False
1784695332.1859894,control2,fd70d20b4d,MOSEK,soc,True,42,315,1,10,-0.03514130627541184,116.0555006049205,1.1645867824554443,0.0,4,False
1784695333.3234563,control2,fd70d20b4d,MOSEK,soc,True,42,316,0,20,-0.0032113987156391272,115.875991689225,1.1160929203033447,0.0,7,False
1784695333.3284707,control2,fd70d20b4d,MOSEK,soc,True,42,316,1,10,-0.026936725415123867,115.875991689225,1.1160929203033447,0.0,3,False
1784695334.7911594,control2,fd70d20b4d,MOSEK,soc,True,42,317,0,20,-0.0023716130674500727,115.53837536694243,1.4398314952850342,0.0010585784912109375,7,False
1784695334.795171,control2,fd70d20b4d,MOSEK,soc,True,42,317,1,10,-0.21608167103148887,115.53837536694243,1.4398314952850342,0.0,4,False
1784695336.1013477,control2,fd70d20b4d,MOSEK,soc,True,42,318,0,20,-0.003365193496997021,115.39442880629032,1.2770161628723145,0.0,6,False
1784695336.1079862,control2,fd70d20b4d,MOSEK,soc,True,42,318,1,10,-0.0988926105512954,115.39442880629032,1.2770161628723145,0.0,3,False
1784695337.6069605,control2,fd70d20b4d,MOSEK,soc,True,42,319,0,20,-0.002735060584069768,115.03560822901284,1.4775629043579102,0.0,8,False
1784695337.6123374,control2,fd70d20b4d,MOSEK,soc,True,42,319,1,10,-0.05442465559375672,115.03560822901284,1.4775629043579102,0.0,4,False
1784695338.902983,control2,fd70d20b4d,MOSEK,soc,True,42,320,0,20,-0.0022099835294836696,114.88648009425762,1.2713191509246826,0.0,7,False
1784695338.908732,control2,fd70d20b4d,MOSEK,soc,True,42,320,1,10,-0.04178012494657192,114.88648009425762,1.2713191509246826,0.0,5,False
1784695340.2013116,control2,fd70d20b4d,MOSEK,soc,True,42,321,0,20,-0.005100238183730781,114.45479055432348,1.2670361995697021,0.0,7,False
1784695340.206325,control2,fd70d20b4d,MOSEK,soc,True,42,321,1,10,-0.08998175215076913,114.45479055432348,1.2670361995697021,0.0,3,False
1784695341.6144946,control2,fd70d20b4d,MOSEK,soc,True,42,322,0,20,-0.005643655408350343,114.06482648135443,1.3844683170318604,0.0,9,False
1784695341.6196055,control2,fd70d20b4d,MOSEK,soc,True,42,322,1,10,-0.04363901532895502,114.06482648135443,1.3844683170318604,0.0008802413940429688,4,False
1784695342.9147897,control2,fd70d20b4d,MOSEK,soc,True,42,323,0,20,-0.003585355280701319,113.97714786517147,1.2755587100982666,0.0009968280792236328,7,False
1784695342.920331,control2,fd70d20b4d,MOSEK,soc,True,42,323,1,10,-0.024165486789883624,113.97714786517147,1.2755587100982666,0.0,4,False
1784695344.3361375,control2,fd70d20b4d,MOSEK,soc,True,42,324,0,20,-0.004938324035555983,113.84567028909427,1.3977298736572266,0.0,7,False
1784695344.3421185,control2,fd70d20b4d,MOSEK,soc,True,42,324,1,10,-0.019792830831961237,113.84567028909427,1.3977298736572266,0.0009865760803222656,4,False
1784695345.6995316,control2,fd70d20b4d,MOSEK,soc,True,42,325,0,20,-0.006035903777342542,113.58751559275807,1.3364803791046143,0.0011451244354248047,8,False
1784695345.704536,control2,fd70d20b4d,MOSEK,soc,True,42,325,1,10,-0.02353461903716833,113.58751559275807,1.3364803791046143,0.0,4,False
1784695347.12897,control2,fd70d20b4d,MOSEK,soc,True,42,326,0,20,-0.0065701583751910314,113.40907615766947,1.403829574584961,0.0010037422180175781,7,False
1784695347.135259,control2,fd70d20b4d,MOSEK,soc,True,42,326,1,10,-0.07406996766974012,113.40907615766947,1.403829574584961,0.0,4,False
1784695348.6090224,control2,fd70d20b4d,MOSEK,soc,True,42,327,0,20,-0.00976488023933602,112.88106998870728,1.4541740417480469,0.0,7,False
1784695348.6131382,control2,fd70d20b4d,MOSEK,soc,True,42,327,1,10,-0.050668881917962434,112.88106998870728,1.4541740417480469,0.0009169578552246094,4,False
1784695349.847243,control2,fd70d20b4d,MOSEK,soc,True,42,328,0,20,-0.004069406593828023,112.54828931004471,1.2122318744659424,0.0,7,False
1784695349.85224,control2,fd70d20b4d,MOSEK,soc,True,42,328,1,10,-0.05079233133190612,112.54828931004471,1.2122318744659424,0.0009529590606689453,4,False
1784695351.3942873,control2,fd70d20b4d,MOSEK,soc,True,42,329,0,20,-0.006161603327826487,112.39555866943263,1.5232243537902832,0.0006549358367919922,7,False
1784695351.3992848,control2,fd70d20b4d,MOSEK,soc,True,42,329,1,10,-0.02670360446858478,112.39555866943263,1.5232243537902832,0.0,3,False
1784695353.237562,control2,fd70d20b4d,MOSEK,soc,True,42,330,0,20,-0.006309065941981794,112.21139077814401,1.8153502941131592,0.0,7,False
1784695353.2425716,control2,fd70d20b4d,MOSEK,soc,True,42,330,1,10,-0.09570465963482522,112.21139077814401,1.8153502941131592,0.0,4,False
1784695354.4819694,control2,fd70d20b4d,MOSEK,soc,True,42,331,0,20,-0.004545760568742484,111.76607443950459,1.2175962924957275,0.0,8,False
1784695354.488098,control2,fd70d20b4d,MOSEK,soc,True,42,331,1,10,-0.05394090760463998,111.76607443950459,1.2175962924957275,0.0,3,False
1784695356.0319695,control2,fd70d20b4d,MOSEK,soc,True,42,332,0,20,-0.004418414565498148,111.38983970397922,1.5220353603363037,0.0,7,False
1784695356.0378184,control2,fd70d20b4d,MOSEK,soc,True,42,332,1,10,-0.033093824172628517,111.38983970397922,1.5220353603363037,0.0,4,False
1784695357.3582623,control2,fd70d20b4d,MOSEK,soc,True,42,333,0,20,-0.004397188688100422,111.21294353697142,1.3015944957733154,0.0,7,False
1784695357.3640492,control2,fd70d20b4d,MOSEK,soc,True,42,333,1,10,-0.02502122418491836,111.21294353697142,1.3015944957733154,0.0,4,False
1784695358.7566755,control2,fd70d20b4d,MOSEK,soc,True,42,334,0,20,-0.003750824293839874,111.12933617645001,1.3677961826324463,0.0,6,False
1784695358.7626526,control2,fd70d20b4d,MOSEK,soc,True,42,334,1,10,-0.022131843394856215,111.12933617645001,1.3677961826324463,0.0,3,False
1784695360.217343,control2,fd70d20b4d,MOSEK,soc,True,42,335,0,20,-0.0063540035849052445,110.88547166624454,1.431727647781372,0.000997781753540039,8,False
1784695360.221905,control2,fd70d20b4d,MOSEK,soc,True,42,335,1,10,-0.02740375422069241,110.88547166624454,1.431727647781372,0.0,3,False
1784695361.6777308,control2,fd70d20b4d,MOSEK,soc,True,42,336,0,20,-0.012889993579649983,110.38825853682033,1.4324283599853516,0.0,8,False
1784695361.6840866,control2,fd70d20b4d,MOSEK,soc,True,42,336,1,10,-0.041011610064959944,110.38825853682033,1.4324283599853516,0.0,4,False
1784695362.9901626,control2,fd70d20b4d,MOSEK,soc,True,42,337,0,20,-0.006796999708576607,110.27008780377786,1.284517765045166,0.0008728504180908203,8,False
1784695362.9957192,control2,fd70d20b4d,MOSEK,soc,True,42,337,1,10,-0.02801265385131543,110.27008780377786,1.284517765045166,0.0,4,False
1784695364.1739745,control2,fd70d20b4d,MOSEK,soc,True,42,338,0,20,-0.005969253735359713,110.09771806271563,1.1568148136138916,0.0009696483612060547,8,False
1784695364.1789727,control2,fd70d20b4d,MOSEK,soc,True,42,338,1,10,-0.05274343892885569,110.09771806271563,1.1568148136138916,0.0,3,False
1784695365.4964597,control2,fd70d20b4d,MOSEK,soc,True,42,339,0,20,-0.003493028335118986,109.78120847059395,1.2947611808776855,0.0009448528289794922,8,False
1784695365.501438,control2,fd70d20b4d,MOSEK,soc,True,42,339,1,10,-0.015845331696979135,109.78120847059395,1.2947611808776855,0.0,3,False
1784695367.2117808,control2,fd70d20b4d,MOSEK,soc,True,42,340,0,20,-0.004768056842972816,109.6835468892539,1.6825041770935059,0.0,7,False
1784695367.2173724,control2,fd70d20b4d,MOSEK,soc,True,42,340,1,10,-0.018240960510544652,109.6835468892539,1.6825041770935059,0.0,4,False
1784695368.6601293,control2,fd70d20b4d,MOSEK,soc,True,42,341,0,20,-0.00398419594716911,109.57014283426247,1.421276330947876,0.0,7,False
1784695368.6660905,control2,fd70d20b4d,MOSEK,soc,True,42,341,1,10,-0.033856095484765224,109.57014283426247,1.421276330947876,0.0,4,False
1784695370.090005,control2,fd70d20b4d,MOSEK,soc,True,42,342,0,20,-0.006564849635678564,109.19923441152362,1.396092414855957,0.0,7,False
1784695370.0961492,control2,fd70d20b4d,MOSEK,soc,True,42,342,1,10,-0.018746264959991918,109.19923441152362,1.396092414855957,0.0,4,False
1784695371.6752036,control2,fd70d20b4d,MOSEK,soc,True,42,343,0,20,-0.00414400519633485,109.00450747178695,1.5545551776885986,0.0010035037994384766,8,False
1784695371.6811826,control2,fd70d20b4d,MOSEK,soc,True,42,343,1,10,-0.014453685870101632,109.00450747178695,1.5545551776885986,0.0,4,False
1784695373.0508125,control2,fd70d20b4d,MOSEK,soc,True,42,344,0,20,-0.004877786144632596,108.8793934722697,1.3456318378448486,0.0,8,False
1784695373.0566144,control2,fd70d20b4d,MOSEK,soc,True,42,344,1,10,-0.02918577727840564,108.8793934722697,1.3456318378448486,0.0,4,False
1784695374.5410764,control2,fd70d20b4d,MOSEK,soc,True,42,345,0,20,-0.0045580472516677205,108.60498045196823,1.4537971019744873,0.0009829998016357422,7,False
1784695374.5472739,control2,fd70d20b4d,MOSEK,soc,True,42,345,1,10,-0.01680047400955252,108.60498045196823,1.4537971019744873,0.0,5,False
1784695375.8185759,control2,fd70d20b4d,MOSEK,soc,True,42,346,0,20,-0.003883504056523222,108.46540167877203,1.242387056350708,0.0,7,False
1784695375.82469,control2,fd70d20b4d,MOSEK,soc,True,42,346,1,10,-0.02118962107111289,108.46540167877203,1.242387056350708,0.0,3,False
1784695377.1360571,control2,fd70d20b4d,MOSEK,soc,True,42,347,0,20,-0.006555878717797559,108.1263478414937,1.2880768775939941,0.001001596450805664,7,False
1784695377.1415281,control2,fd70d20b4d,MOSEK,soc,True,42,347,1,10,-0.016877777165056323,108.1263478414937,1.2880768775939941,0.0010962486267089844,5,False
1784695378.468259,control2,fd70d20b4d,MOSEK,soc,True,42,348,0,20,-0.004159808375132766,107.91436884466765,1.3052868843078613,0.0,7,False
1784695378.4732623,control2,fd70d20b4d,MOSEK,soc,True,42,348,1,10,-0.047033027911425676,107.91436884466765,1.3052868843078613,0.0008873939514160156,5,False
1784695379.770442,control2,fd70d20b4d,MOSEK,soc,True,42,349,0,20,-0.0026007093692627502,107.72279016332877,1.2706620693206787,0.0,7,False
1784695379.7756374,control2,fd70d20b4d,MOSEK,soc,True,42,349,1,10,-0.021171221206213058,107.72279016332877,1.2706620693206787,0.0,4,False
1784695381.2598917,control2,fd70d20b4d,MOSEK,soc,True,42,350,0,20,-0.004739897458354025,107.281326817709,1.458416223526001,0.0,7,False
1784695381.2656467,control2,fd70d20b4d,MOSEK,soc,True,42,350,1,10,-0.016619353062040376,107.281326817709,1.458416223526001,0.0,4,False
1784695382.6981962,control2,fd70d20b4d,MOSEK,soc,True,42,351,0,20,-0.0057118358690544085,107.02225537066556,1.4067792892456055,0.0,7,False
1784695382.7049117,control2,fd70d20b4d,MOSEK,soc,True,42,351,1,10,-0.035450149934158494,107.02225537066556,1.4067792892456055,0.0011968612670898438,5,False
1784695384.0330596,control2,fd70d20b4d,MOSEK,soc,True,42,352,0,20,-0.010080692106557867,106.91808871627649,1.3068900108337402,0.0010039806365966797,7,False
1784695384.0382087,control2,fd70d20b4d,MOSEK,soc,True,42,352,1,10,-0.026362593239258054,106.91808871627649,1.3068900108337402,0.0009999275207519531,4,False
1784695385.614778,control2,fd70d20b4d,MOSEK,soc,True,42,353,0,20,-0.008555695112170815,106.32779810289034,1.5500116348266602,0.0,7,False
1784695385.6199121,control2,fd70d20b4d,MOSEK,soc,True,42,353,1,10,-0.02169950176160717,106.32779810289034,1.5500116348266602,0.001007080078125,4,False
1784695386.9738424,control2,fd70d20b4d,MOSEK,soc,True,42,354,0,20,-0.007562503367314408,106.10110723972255,1.3314478397369385,0.0,7,False
1784695386.9788394,control2,fd70d20b4d,MOSEK,soc,True,42,354,1,10,-0.028126741182929557,106.10110723972255,1.3314478397369385,0.0010144710540771484,4,False
1784695388.3810525,control2,fd70d20b4d,MOSEK,soc,True,42,355,0,20,-0.0039045951797387155,105.96942078718175,1.3764581680297852,0.0009713172912597656,7,False
1784695388.388103,control2,fd70d20b4d,MOSEK,soc,True,42,355,1,10,-0.016575952764657738,105.96942078718175,1.3764581680297852,0.0,4,False
1784695389.802447,control2,fd70d20b4d,MOSEK,soc,True,42,356,0,20,-0.008300551791977095,105.74371656466641,1.3898274898529053,0.0010235309600830078,7,False
1784695389.808473,control2,fd70d20b4d,MOSEK,soc,True,42,356,1,10,-0.010330441712664026,105.74371656466641,1.3898274898529053,0.0,5,False
1784695391.1795995,control2,fd70d20b4d,MOSEK,soc,True,42,357,0,20,-0.005330184738794147,105.63821608722114,1.3496794700622559,0.0011138916015625,7,False
1784695391.184588,control2,fd70d20b4d,MOSEK,soc,True,42,357,1,10,-0.01325170086231493,105.63821608722114,1.3496794700622559,0.0,4,False
1784695392.473521,control2,fd70d20b4d,MOSEK,soc,True,42,358,0,20,-0.004696898921074896,105.44567721356287,1.263594388961792,0.0,8,False
1784695392.4795187,control2,fd70d20b4d,MOSEK,soc,True,42,358,1,10,-0.025456019908432926,105.44567721356287,1.263594388961792,0.0,5,False
1784695393.8379745,control2,fd70d20b4d,MOSEK,soc,True,42,359,0,20,-0.0024955880497070934,105.34151387835212,1.3375029563903809,0.0,7,False
1784695393.8480716,control2,fd70d20b4d,MOSEK,soc,True,42,359,1,10,-0.011992182522744822,105.34151387835212,1.3375029563903809,0.0,4,False
1784695395.4348938,control2,fd70d20b4d,MOSEK,soc,True,42,360,0,20,-0.002401215784336901,105.27418405078596,1.5562207698822021,0.0,6,False
1784695395.4417484,control2,fd70d20b4d,MOSEK,soc,True,42,360,1,10,-0.008814324677953199,105.27418405078596,1.5562207698822021,0.0,4,False
1784695396.820715,control2,fd70d20b4d,MOSEK,soc,True,42,361,0,20,-0.0045063024804074675,104.57534048707572,1.356370210647583,0.0,8,False
1784695396.8274431,control2,fd70d20b4d,MOSEK,soc,True,42,361,1,10,-0.054166085643749244,104.57534048707572,1.356370210647583,0.0,4,False
1784695398.2064297,control2,fd70d20b4d,MOSEK,soc,True,42,362,0,20,-0.0033291876122668583,104.39957285632475,1.355750322341919,0.0,8,False
1784695398.2116377,control2,fd70d20b4d,MOSEK,soc,True,42,362,1,10,-0.030091146660442034,104.39957285632475,1.355750322341919,0.0,3,False
1784695399.5679028,control2,fd70d20b4d,MOSEK,soc,True,42,363,0,20,-0.004450650447367182,103.74348486427841,1.3311290740966797,0.0,8,False
1784695399.5743492,control2,fd70d20b4d,MOSEK,soc,True,42,363,1,10,-0.040168527696185896,103.74348486427841,1.3311290740966797,0.0,4,False
1784695400.9798324,control2,fd70d20b4d,MOSEK,soc,True,42,364,0,20,-0.0032476840342036384,103.64017565507979,1.3813364505767822,0.0,7,False
1784695400.9858048,control2,fd70d20b4d,MOSEK,soc,True,42,364,1,10,-0.01598374717031133,103.64017565507979,1.3813364505767822,0.0009670257568359375,4,False
1784695402.4263515,control2,fd70d20b4d,MOSEK,soc,True,42,365,0,20,-0.005943153604596256,103.31373469120689,1.4177672863006592,0.0,7,False
1784695402.432099,control2,fd70d20b4d,MOSEK,soc,True,42,365,1,10,-0.012333440270650673,103.31373469120689,1.4177672863006592,0.0005099773406982422,4,False
1784695403.8047526,control2,fd70d20b4d,MOSEK,soc,True,42,366,0,20,-0.0037093382339058703,103.20370990112853,1.3518733978271484,0.0,7,False
1784695403.810621,control2,fd70d20b4d,MOSEK,soc,True,42,366,1,10,-0.01597894931256292,103.20370990112853,1.3518733978271484,0.0006511211395263672,4,False
1784695405.571717,control2,fd70d20b4d,MOSEK,soc,True,42,367,0,20,-0.0036650644541011855,102.91743549758175,1.7381417751312256,0.0,6,False
1784695405.5766933,control2,fd70d20b4d,MOSEK,soc,True,42,367,1,10,-0.028403896286885014,102.91743549758175,1.7381417751312256,0.0,3,False
1784695407.132415,control2,fd70d20b4d,MOSEK,soc,True,42,368,0,20,-0.0022943593638246485,102.82784978124315,1.531188726425171,0.0,7,False
1784695407.1375413,control2,fd70d20b4d,MOSEK,soc,True,42,368,1,10,-0.05398267621472126,102.82784978124315,1.531188726425171,0.0,4,False
1784695408.8259726,control2,fd70d20b4d,MOSEK,soc,True,42,369,0,20,-0.004146656888214518,102.60112740433567,1.6612093448638916,0.0009250640869140625,6,False
1784695408.8319576,control2,fd70d20b4d,MOSEK,soc,True,42,369,1,10,-0.025276523648528396,102.60112740433567,1.6612093448638916,0.0009293556213378906,4,False
1784695410.608822,control2,fd70d20b4d,MOSEK,soc,True,42,370,0,20,-0.0032082503987869424,102.34062001555802,1.755208969116211,0.0,8,False
1784695410.614236,control2,fd70d20b4d,MOSEK,soc,True,42,370,1,10,-0.018186305674469837,102.34062001555802,1.755208969116211,0.0,4,False
1784695412.0230284,control2,fd70d20b4d,MOSEK,soc,True,42,371,0,20,-0.004425956850814088,101.9703511257842,1.377875566482544,0.0,8,False
1784695412.0270276,control2,fd70d20b4d,MOSEK,soc,True,42,371,1,10,-0.02037158068197424,101.9703511257842,1.377875566482544,0.0,4,False
1784695413.9758701,control2,fd70d20b4d,MOSEK,soc,True,42,372,0,20,-0.0024982483712695635,101.71572730748721,1.9237170219421387,0.0010097026824951172,7,False
1784695413.981167,control2,fd70d20b4d,MOSEK,soc,True,42,372,1,10,-0.025295461540751393,101.71572730748721,1.9237170219421387,0.0008633136749267578,4,False
1784695415.5451658,control2,fd70d20b4d,MOSEK,soc,True,42,373,0,20,-0.0017358878340880798,101.46552191807098,1.5328247547149658,0.0010166168212890625,7,False
1784695415.549181,control2,fd70d20b4d,MOSEK,soc,True,42,373,1,10,-0.00846521152757717,101.46552191807098,1.5328247547149658,0.0010228157043457031,4,False
1784695416.96465,control2,fd70d20b4d,MOSEK,soc,True,42,374,0,20,-0.00444899563213432,100.82916985711012,1.390939474105835,0.001026153564453125,7,False
1784695416.9696476,control2,fd70d20b4d,MOSEK,soc,True,42,374,1,10,-0.04259423665580113,100.82916985711012,1.390939474105835,0.0009396076202392578,4,False
1784695418.6238418,control2,fd70d20b4d,MOSEK,soc,True,42,375,0,20,-0.004073819835450034,100.12557286817521,1.6319537162780762,0.001003265380859375,7,False
1784695418.6305277,control2,fd70d20b4d,MOSEK,soc,True,42,375,1,10,-0.02506484775798187,100.12557286817521,1.6319537162780762,0.0,4,False
1784695420.1280386,control2,fd70d20b4d,MOSEK,soc,True,42,376,0,20,-0.008189590984266668,99.89255359045215,1.4716408252716064,0.0,7,False
1784695420.1330454,control2,fd70d20b4d,MOSEK,soc,True,42,376,1,10,-0.016647751054289717,99.89255359045215,1.4716408252716064,0.0,4,False
1784695421.7519298,control2,fd70d20b4d,MOSEK,soc,True,42,377,0,20,-0.004846514797007468,99.50112813212289,1.5930650234222412,0.0,8,False
1784695421.7569263,control2,fd70d20b4d,MOSEK,soc,True,42,377,1,10,-0.020725812050340686,99.50112813212289,1.5930650234222412,0.0,4,False
1784695423.4375942,control2,fd70d20b4d,MOSEK,soc,True,42,378,0,20,-0.0035781166737075694,99.36757982912138,1.660395622253418,0.0,7,False
1784695423.4443917,control2,fd70d20b4d,MOSEK,soc,True,42,378,1,10,-0.01399061209482947,99.36757982912138,1.660395622253418,0.0,4,False
1784695425.273295,control2,fd70d20b4d,MOSEK,soc,True,42,379,0,20,-0.0022468387811850235,99.26260046159508,1.7915422916412354,0.0005435943603515625,6,False
1784695425.2793162,control2,fd70d20b4d,MOSEK,soc,True,42,379,1,10,-0.014775179131147969,99.26260046159508,1.7915422916412354,0.0,4,False
1784695426.9026039,control2,fd70d20b4d,MOSEK,soc,True,42,380,0,20,-0.00460812537952206,98.87883583779131,1.5989937782287598,0.0,6,False
1784695426.9087918,control2,fd70d20b4d,MOSEK,soc,True,42,380,1,10,-0.019681619903916744,98.87883583779131,1.5989937782287598,0.0,4,False
1784695428.3267999,control2,fd70d20b4d,MOSEK,soc,True,42,381,0,20,-0.004299746348640695,98.80291153995498,1.3954651355743408,0.0,6,False
1784695428.3326864,control2,fd70d20b4d,MOSEK,soc,True,42,381,1,10,-0.010047768882479368,98.80291153995498,1.3954651355743408,0.0,5,False
1784695430.270787,control2,fd70d20b4d,MOSEK,soc,True,42,382,0,20,-0.0031940190793676325,98.63978194441518,1.9153838157653809,0.0,7,False
1784695430.27602,control2,fd70d20b4d,MOSEK,soc,True,42,382,1,10,-0.015746806127364146,98.63978194441518,1.9153838157653809,0.0010557174682617188,3,False
1784695431.9564452,control2,fd70d20b4d,MOSEK,soc,True,42,383,0,20,-0.003355359057240892,98.51562055543937,1.6467196941375732,0.0,6,False
1784695431.9628835,control2,fd70d20b4d,MOSEK,soc,True,42,383,1,10,-0.0073942910161628,98.51562055543937,1.6467196941375732,0.0,4,False
1784695433.8489099,control2,fd70d20b4d,MOSEK,soc,True,42,384,0,20,-0.0050419294625236675,98.36471646078101,1.8631951808929443,0.0,6,False
1784695433.85451,control2,fd70d20b4d,MOSEK,soc,True,42,384,1,10,-0.018078642379342397,98.36471646078101,1.8631951808929443,0.0003275871276855469,4,False
1784695435.5744467,control2,fd70d20b4d,MOSEK,soc,True,42,385,0,20,-0.004190626856095836,98.26236462927167,1.689197063446045,0.001001119613647461,6,False
1784695435.580074,control2,fd70d20b4d,MOSEK,soc,True,42,385,1,10,-0.014694819421920318,98.26236462927167,1.689197063446045,0.0009493827819824219,4,False
1784695436.9636796,control2,fd70d20b4d,MOSEK,soc,True,42,386,0,20,-0.004573956592546732,98.13791182652719,1.3593733310699463,0.0010509490966796875,6,False
1784695436.9686646,control2,fd70d20b4d,MOSEK,soc,True,42,386,1,10,-0.009353373683860002,98.13791182652719,1.3593733310699463,0.0,4,False
1784695438.6510053,control2,fd70d20b4d,MOSEK,soc,True,42,387,0,20,-0.005751801444952782,98.04102151440564,1.6586382389068604,0.0,6,False
1784695438.6560178,control2,fd70d20b4d,MOSEK,soc,True,42,387,1,10,-0.007577939112454615,98.04102151440564,1.6586382389068604,0.0,4,False
1784695440.3813138,control2,fd70d20b4d,MOSEK,soc,True,42,388,0,20,-0.005282933024800026,97.9434980838473,1.6935365200042725,0.0,7,False
1784695440.3876333,control2,fd70d20b4d,MOSEK,soc,True,42,388,1,10,-0.010012982895103039,97.9434980838473,1.6935365200042725,0.0,4,False
1784695442.1133878,control2,fd70d20b4d,MOSEK,soc,True,42,389,0,20,-0.003906610914277372,97.89042520551439,1.6945955753326416,0.0,6,False
1784695442.118386,control2,fd70d20b4d,MOSEK,soc,True,42,389,1,10,-0.015288027537437621,97.89042520551439,1.6945955753326416,0.0,4,False
1784695443.8518717,control2,fd70d20b4d,MOSEK,soc,True,42,390,0,20,-0.003890246119857272,97.81297425485505,1.7064478397369385,0.0,7,False
1784695443.8584323,control2,fd70d20b4d,MOSEK,soc,True,42,390,1,10,-0.014874461901244918,97.81297425485505,1.7064478397369385,0.0,4,False
1784695445.5720448,control2,fd70d20b4d,MOSEK,soc,True,42,391,0,20,-0.006896156703603881,97.18944098794327,1.685387134552002,0.0,7,False
1784695445.5774176,control2,fd70d20b4d,MOSEK,soc,True,42,391,1,10,-0.05459770099394932,97.18944098794327,1.685387134552002,0.0,4,False
1784695447.415404,control2,fd70d20b4d,MOSEK,soc,True,42,392,0,20,-0.005022629495288925,96.96465532482429,1.8132882118225098,0.0009891986846923828,8,False
1784695447.4210432,control2,fd70d20b4d,MOSEK,soc,True,42,392,1,10,-0.028672415667800683,96.96465532482429,1.8132882118225098,0.0010614395141601562,4,False
1784695449.2096136,control2,fd70d20b4d,MOSEK,soc,True,42,393,0,20,-0.004691371913644107,96.79689132830953,1.7651426792144775,0.0,7,False
1784695449.2170186,control2,fd70d20b4d,MOSEK,soc,True,42,393,1,10,-0.01752932887758705,96.79689132830953,1.7651426792144775,0.0009746551513671875,5,False
1784695450.9333115,control2,fd70d20b4d,MOSEK,soc,True,42,394,0,20,-0.003096266976428294,96.6736492055083,1.685434341430664,0.0,8,False
1784695450.9400406,control2,fd70d20b4d,MOSEK,soc,True,42,394,1,10,-0.012657637319874444,96.6736492055083,1.685434341430664,0.0,4,False
1784695452.8001635,control2,fd70d20b4d,MOSEK,soc,True,42,395,0,20,-0.005276068331465291,96.3958043295192,1.8395814895629883,0.0,8,False
1784695452.8061602,control2,fd70d20b4d,MOSEK,soc,True,42,395,1,10,-0.016348948691031016,96.3958043295192,1.8395814895629883,0.0,3,False
1784695454.8197637,control2,fd70d20b4d,MOSEK,soc,True,42,396,0,20,-0.00655131048693231,96.32430696604516,1.9906256198883057,0.0,8,False
1784695454.8257606,control2,fd70d20b4d,MOSEK,soc,True,42,396,1,10,-0.00875812959038422,96.32430696604516,1.9906256198883057,0.0009593963623046875,3,False
1784695456.6510935,control2,fd70d20b4d,MOSEK,soc,True,42,397,0,20,-0.002259732817974043,96.02789910691493,1.8049545288085938,0.0005216598510742188,7,False
1784695456.6570222,control2,fd70d20b4d,MOSEK,soc,True,42,397,1,10,-0.023815254534602984,96.02789910691493,1.8049545288085938,0.0,4,False
1784695458.453848,control2,fd70d20b4d,MOSEK,soc,True,42,398,0,20,-0.00916922572381494,95.740118862363,1.7666997909545898,0.0,6,False
1784695458.4598744,control2,fd70d20b4d,MOSEK,soc,True,42,398,1,10,-0.03546805588750521,95.740118862363,1.7666997909545898,0.0015518665313720703,4,False
1784695460.118099,control2,fd70d20b4d,MOSEK,soc,True,42,399,0,20,-0.006380560037685004,95.51397308046259,1.6395373344421387,0.0,7,False
1784695460.124347,control2,fd70d20b4d,MOSEK,soc,True,42,399,1,10,-0.020260259208629457,95.51397308046259,1.6395373344421387,0.0005695819854736328,4,False
1784695462.095919,control2,fd70d20b4d,MOSEK,soc,True,42,400,0,20,-0.004173621505650439,95.35048247669313,1.9466090202331543,0.0011394023895263672,7,False
1784695462.1019263,control2,fd70d20b4d,MOSEK,soc,True,42,400,1,10,-0.021442689453632296,95.35048247669313,1.9466090202331543,0.0,4,False
1784695463.8733175,control2,fd70d20b4d,MOSEK,soc,True,42,401,0,20,-0.00788289921015143,94.89446093080647,1.7452201843261719,0.0,8,False
1784695463.878345,control2,fd70d20b4d,MOSEK,soc,True,42,401,1,10,-0.04220311086872563,94.89446093080647,1.7452201843261719,0.0,4,False
1784695466.1761403,control2,fd70d20b4d,MOSEK,soc,True,42,402,0,20,-0.015765059588522333,94.70461381607859,2.2754154205322266,0.0010073184967041016,8,False
1784695466.1853805,control2,fd70d20b4d,MOSEK,soc,True,42,402,1,10,-0.027590584587105133,94.70461381607859,2.2754154205322266,0.0,3,False
1784695467.8262324,control2,fd70d20b4d,MOSEK,soc,True,42,403,0,20,-0.007360892991967204,94.57279829474022,1.6106898784637451,0.0009932518005371094,7,False
1784695467.8328886,control2,fd70d20b4d,MOSEK,soc,True,42,403,1,10,-0.011427978494541066,94.57279829474022,1.6106898784637451,0.0009572505950927734,3,False
1784695469.5295734,control2,fd70d20b4d,MOSEK,soc,True,42,404,0,20,-0.011092969716602107,93.9316853012992,1.6702098846435547,0.0,7,False
1784695469.5345576,control2,fd70d20b4d,MOSEK,soc,True,42,404,1,10,-0.05288568759171859,93.9316853012992,1.6702098846435547,0.0,4,False
1784695471.436508,control2,fd70d20b4d,MOSEK,soc,True,42,405,0,20,-0.007821274990023913,93.13056705106906,1.868027687072754,0.001055002212524414,7,False
1784695471.4425325,control2,fd70d20b4d,MOSEK,soc,True,42,405,1,10,-0.02532504918747023,93.13056705106906,1.868027687072754,0.0,4,False
1784695473.4520972,control2,fd70d20b4d,MOSEK,soc,True,42,406,0,20,-0.012118628088199076,92.86942922284001,1.9872264862060547,0.001005411148071289,7,False
1784695473.4571135,control2,fd70d20b4d,MOSEK,soc,True,42,406,1,10,-0.03522733989100028,92.86942922284001,1.9872264862060547,0.0010247230529785156,4,False
1784695475.3080175,control2,fd70d20b4d,MOSEK,soc,True,42,407,0,20,-0.007918263175681213,92.63408944563574,1.8264267444610596,0.0010149478912353516,7,False
1784695475.3128512,control2,fd70d20b4d,MOSEK,soc,True,42,407,1,10,-0.042009601481072446,92.63408944563574,1.8264267444610596,0.0,4,False
1784695477.3918114,control2,fd70d20b4d,MOSEK,soc,True,42,408,0,20,-0.005508176235719078,92.57895322602437,2.0492892265319824,0.0012977123260498047,6,False
1784695477.3968205,control2,fd70d20b4d,MOSEK,soc,True,42,408,1,10,-0.017602284273933896,92.57895322602437,2.0492892265319824,0.0,4,False
1784695479.3347516,control2,fd70d20b4d,MOSEK,soc,True,42,409,0,20,-0.0039906478456982405,92.48329979748934,1.9106132984161377,0.0,7,False
1784695479.3398876,control2,fd70d20b4d,MOSEK,soc,True,42,409,1,10,-0.01332910105222029,92.48329979748934,1.9106132984161377,0.0009160041809082031,3,False
1784695480.9527476,control2,fd70d20b4d,MOSEK,soc,True,42,410,0,20,-0.00376146475386392,92.37131634808284,1.5869767665863037,0.0,7,False
1784695480.9583642,control2,fd70d20b4d,MOSEK,soc,True,42,410,1,10,-0.012190114892468634,92.37131634808284,1.5869767665863037,0.0,3,False
1784695483.067993,control2,fd70d20b4d,MOSEK,soc,True,42,411,0,20,-0.0031902702223338044,92.22176487967664,2.0829784870147705,0.0,7,False
1784695483.0707684,control2,fd70d20b4d,MOSEK,soc,True,42,411,1,10,-0.030217001402029292,92.22176487967664,2.0829784870147705,0.0,4,False
1784695484.8956769,control2,fd70d20b4d,MOSEK,soc,True,42,412,0,20,-0.0019499008992668748,92.12845729289269,1.801621913909912,0.0,8,False
1784695484.902422,control2,fd70d20b4d,MOSEK,soc,True,42,412,1,10,-0.017660139541915837,92.12845729289269,1.801621913909912,0.0,4,False
1784695487.2164147,control2,fd70d20b4d,MOSEK,soc,True,42,413,0,20,-0.00336689209926752,92.01511817294363,2.288135051727295,0.0009942054748535156,7,False
1784695487.2212262,control2,fd70d20b4d,MOSEK,soc,True,42,413,1,10,-0.02393052844371635,92.01511817294363,2.288135051727295,0.0,4,False
1784695489.0485077,control2,fd70d20b4d,MOSEK,soc,True,42,414,0,20,-0.003426708326494156,91.99014978778263,1.8051259517669678,0.0010249614715576172,7,False
1784695489.0535154,control2,fd70d20b4d,MOSEK,soc,True,42,414,1,10,-0.010665744204162527,91.99014978778263,1.8051259517669678,0.0,4,False
1784695491.3223765,control2,fd70d20b4d,MOSEK,soc,True,42,415,0,20,-0.006380202062408741,91.7762118094082,2.2459332942962646,0.0,8,False
1784695491.328883,control2,fd70d20b4d,MOSEK,soc,True,42,415,1,10,-0.023123762693029706,91.7762118094082,2.2459332942962646,0.0,3,False
1784695493.356139,control2,fd70d20b4d,MOSEK,soc,True,42,416,0,20,-0.007726087174052425,91.49626492500396,2.003587484359741,0.0010006427764892578,7,False
1784695493.3607962,control2,fd70d20b4d,MOSEK,soc,True,42,416,1,10,-0.03133426638362039,91.49626492500396,2.003587484359741,0.0,4,False
1784695495.355061,control2,fd70d20b4d,MOSEK,soc,True,42,417,0,20,-0.004004028531568852,91.32356915496692,1.960770845413208,0.0,7,False
1784695495.3583486,control2,fd70d20b4d,MOSEK,soc,True,42,417,1,10,-0.02624605830291014,91.32356915496692,1.960770845413208,0.0,4,False
1784695497.3793054,control2,fd70d20b4d,MOSEK,soc,True,42,418,0,20,-0.004660752182449786,91.23517395297648,1.9926252365112305,0.0010104179382324219,6,False
1784695497.3851562,control2,fd70d20b4d,MOSEK,soc,True,42,418,1,10,-0.020125340741862185,91.23517395297648,1.9926252365112305,0.0,3,False
1784695499.5098772,control2,fd70d20b4d,MOSEK,soc,True,42,419,0,20,-0.006567968302297859,91.09638372064818,2.0928256511688232,0.0009925365447998047,7,False
1784695499.5149834,control2,fd70d20b4d,MOSEK,soc,True,42,419,1,10,-0.027605597683853466,91.09638372064818,2.0928256511688232,0.0,4,False
1784695501.4688046,control2,fd70d20b4d,MOSEK,soc,True,42,420,0,20,-0.0030743661640316913,90.99990256096791,1.9287779331207275,0.0,7,False
1784695501.4738095,control2,fd70d20b4d,MOSEK,soc,True,42,420,1,10,-0.018330049745556774,90.99990256096791,1.9287779331207275,0.0,4,False
1784695503.5373268,control2,fd70d20b4d,MOSEK,soc,True,42,421,0,20,-0.0019434650464970854,90.94327027054615,2.0374374389648438,0.0,6,False
1784695503.5423207,control2,fd70d20b4d,MOSEK,soc,True,42,421,1,10,-0.028598007018756706,90.94327027054615,2.0374374389648438,0.0009374618530273438,3,False
1784695505.4650154,control2,fd70d20b4d,MOSEK,soc,True,42,422,0,20,-0.004710548852887944,90.75323587894744,1.889847993850708,0.0,7,False
1784695505.4693298,control2,fd70d20b4d,MOSEK,soc,True,42,422,1,10,-0.034365351056792996,90.75323587894744,1.889847993850708,0.0,3,False
1784695507.521123,control2,fd70d20b4d,MOSEK,soc,True,42,423,0,20,-0.0038680427251737474,90.64982850628031,2.0214223861694336,0.0,7,False
1784695507.526217,control2,fd70d20b4d,MOSEK,soc,True,42,423,1,10,-0.015956358147140914,90.64982850628031,2.0214223861694336,0.0,4,False
1784695509.2982337,control2,fd70d20b4d,MOSEK,soc,True,42,424,0,20,-0.002473074220363181,90.60442944641889,1.7491161823272705,0.0010085105895996094,7,False
1784695509.3042324,control2,fd70d20b4d,MOSEK,soc,True,42,424,1,10,-0.01902942856032784,90.60442944641889,1.7491161823272705,0.000919342041015625,5,False
1784695511.2679162,control2,fd70d20b4d,MOSEK,soc,True,42,425,0,20,-0.0018067141377610537,90.53157173070639,1.935084581375122,0.0,6,False
1784695511.2736533,control2,fd70d20b4d,MOSEK,soc,True,42,425,1,10,-0.021349214597662373,90.53157173070639,1.935084581375122,0.0,4,False
1784695513.3660307,control2,fd70d20b4d,MOSEK,soc,True,42,426,0,20,-0.001583621843137689,90.42730704284091,2.065434694290161,0.0,7,False
1784695513.372085,control2,fd70d20b4d,MOSEK,soc,True,42,426,1,10,-0.016871815174770786,90.42730704284091,2.065434694290161,0.0,4,False
1784695515.4462495,control2,fd70d20b4d,MOSEK,soc,True,42,427,0,20,-0.0016770737910333671,90.33002840140657,2.045182466506958,0.0,6,False
1784695515.4522555,control2,fd70d20b4d,MOSEK,soc,True,42,427,1,10,-0.010456383347135485,90.33002840140657,2.045182466506958,0.0,3,False
1784695518.0668268,control2,fd70d20b4d,MOSEK,soc,True,42,428,0,20,-0.0019092148201791403,90.26319903000794,2.5875277519226074,0.0,7,False
1784695518.0722601,control2,fd70d20b4d,MOSEK,soc,True,42,428,1,10,-0.015021103688209555,90.26319903000794,2.5875277519226074,0.0,5,False
1784695520.100015,control2,fd70d20b4d,MOSEK,soc,True,42,429,0,20,-0.009280504501655564,89.82383219023649,1.9966511726379395,0.0,8,False
1784695520.104986,control2,fd70d20b4d,MOSEK,soc,True,42,429,1,10,-0.024278688056994936,89.82383219023649,1.9966511726379395,0.0008974075317382812,4,False
1784695522.597146,control2,fd70d20b4d,MOSEK,soc,True,42,430,0,20,-0.0066597073179509745,89.57539073710691,2.4610354900360107,0.0,6,False
1784695522.6042585,control2,fd70d20b4d,MOSEK,soc,True,42,430,1,10,-0.05774788636597871,89.57539073710691,2.4610354900360107,0.0,5,False
1784695524.6563916,control2,fd70d20b4d,MOSEK,soc,True,42,431,0,20,-0.005954279485516666,89.24109235389527,2.0186851024627686,0.0010004043579101562,7,False
1784695524.6614423,control2,fd70d20b4d,MOSEK,soc,True,42,431,1,10,-0.048507750345729336,89.24109235389527,2.0186851024627686,0.0,3,False
1784695526.4059033,control2,fd70d20b4d,MOSEK,soc,True,42,432,0,20,-0.0033246672514311766,89.07227616885149,1.7195532321929932,0.0010623931884765625,6,False
1784695526.4107459,control2,fd70d20b4d,MOSEK,soc,True,42,432,1,10,-0.021613929753970418,89.07227616885149,1.7195532321929932,0.0,3,False
1784695528.3942456,control2,fd70d20b4d,MOSEK,soc,True,42,433,0,20,-0.0026398816392015356,88.882657301445,1.9579837322235107,0.0009989738464355469,6,False
1784695528.3992782,control2,fd70d20b4d,MOSEK,soc,True,42,433,1,10,-0.016301487223502033,88.882657301445,1.9579837322235107,0.0,3,False
1784695530.409383,control2,fd70d20b4d,MOSEK,soc,True,42,434,0,20,-0.002859692202981928,88.75141635469623,1.9804739952087402,0.0,7,False
1784695530.413588,control2,fd70d20b4d,MOSEK,soc,True,42,434,1,10,-0.01800898170782802,88.75141635469623,1.9804739952087402,0.0,3,False
1784695532.7533214,control2,fd70d20b4d,MOSEK,soc,True,42,435,0,20,-0.0024626824141434837,88.54882720797573,2.3044497966766357,0.0010001659393310547,6,False
1784695532.7591698,control2,fd70d20b4d,MOSEK,soc,True,42,435,1,10,-0.03117379079302068,88.54882720797573,2.3044497966766357,0.0005071163177490234,3,False
1784695534.6840487,control2,fd70d20b4d,MOSEK,soc,True,42,436,0,20,-0.0020072423159770937,88.34880380363046,1.8914575576782227,0.0,6,False
1784695534.6890473,control2,fd70d20b4d,MOSEK,soc,True,42,436,1,10,-0.016451819689934796,88.34880380363046,1.8914575576782227,0.0,4,False
1784695536.705615,control2,fd70d20b4d,MOSEK,soc,True,42,437,0,20,-0.01021279122370523,88.00913826099232,1.985532522201538,0.0,7,False
1784695536.7121308,control2,fd70d20b4d,MOSEK,soc,True,42,437,1,10,-0.010565165528524715,88.00913826099232,1.985532522201538,0.0010077953338623047,4,False
1784695538.8598297,control2,fd70d20b4d,MOSEK,soc,True,42,438,0,20,-0.010444439751348206,87.62334224978592,2.11816668510437,0.0,8,False
1784695538.8650863,control2,fd70d20b4d,MOSEK,soc,True,42,438,1,10,-0.03009725286818234,87.62334224978592,2.11816668510437,0.0,4,False
1784695541.079477,control2,fd70d20b4d,MOSEK,soc,True,42,439,0,20,-0.006514656591224315,87.52898116731151,2.191483497619629,0.0,7,False
1784695541.085481,control2,fd70d20b4d,MOSEK,soc,True,42,439,1,10,-0.01415279220547244,87.52898116731151,2.191483497619629,0.0,3,False
1784695543.0401404,control2,fd70d20b4d,MOSEK,soc,True,42,440,0,20,-0.007973388198062942,87.3486705864659,1.9280295372009277,0.0,7,False
1784695543.044205,control2,fd70d20b4d,MOSEK,soc,True,42,440,1,10,-0.02618334125440181,87.3486705864659,1.9280295372009277,0.0010170936584472656,4,False
1784695545.3879397,control2,fd70d20b4d,MOSEK,soc,True,42,441,0,20,-0.012140393155534888,87.13377961616268,2.315171241760254,0.0,7,False
1784695545.3929226,control2,fd70d20b4d,MOSEK,soc,True,42,441,1,10,-0.015009011687611602,87.13377961616268,2.315171241760254,0.0,4,False
1784695547.5530884,control2,fd70d20b4d,MOSEK,soc,True,42,442,0,20,-0.008318928933549312,86.68694391620518,2.1310834884643555,0.0,7,False
1784695547.557094,control2,fd70d20b4d,MOSEK,soc,True,42,442,1,10,-0.021826697335285694,86.68694391620518,2.1310834884643555,0.0,4,False
1784695549.8433845,control2,fd70d20b4d,MOSEK,soc,True,42,443,0,20,-0.005153117719762373,86.60924437778134,2.2575175762176514,0.0,7,False
1784695549.849049,control2,fd70d20b4d,MOSEK,soc,True,42,443,1,10,-0.01463395253461695,86.60924437778134,2.2575175762176514,0.0010485649108886719,3,False
1784695552.1145134,control2,fd70d20b4d,MOSEK,soc,True,42,444,0,20,-0.0037426165133533852,86.48493243369369,2.2423932552337646,0.0,6,False
1784695552.119626,control2,fd70d20b4d,MOSEK,soc,True,42,444,1,10,-0.015392534272969157,86.48493243369369,2.2423932552337646,0.0,3,False
1784695554.409801,control2,fd70d20b4d,MOSEK,soc,True,42,445,0,20,-0.0021383826143303295,86.34898250062543,2.259446859359741,0.0,7,False
1784695554.4159505,control2,fd70d20b4d,MOSEK,soc,True,42,445,1,10,-0.013887277604640882,86.34898250062543,2.259446859359741,0.0,4,False
1784695556.7813911,control2,fd70d20b4d,MOSEK,soc,True,42,446,0,20,-0.003731646313997416,86.31418754374187,2.3362505435943604,0.0,7,False
1784695556.7865121,control2,fd70d20b4d,MOSEK,soc,True,42,446,1,10,-0.006255036239249727,86.31418754374187,2.3362505435943604,0.0009810924530029297,3,False
1784695558.743677,control2,fd70d20b4d,MOSEK,soc,True,42,447,0,20,-0.005412945351587916,86.15815259368836,1.9305698871612549,0.0,6,False
1784695558.7496881,control2,fd70d20b4d,MOSEK,soc,True,42,447,1,10,-0.04779875287943635,86.15815259368836,1.9305698871612549,0.0,4,False
1784695561.295194,control2,fd70d20b4d,MOSEK,soc,True,42,448,0,20,-0.013465348913059028,85.93234869298479,2.5117576122283936,0.0,8,False
1784695561.300201,control2,fd70d20b4d,MOSEK,soc,True,42,448,1,10,-0.029630542063930915,85.93234869298479,2.5117576122283936,0.0,4,False
1784695563.3792915,control2,fd70d20b4d,MOSEK,soc,True,42,449,0,20,-0.004720176775216103,85.712731195,2.0509207248687744,0.0,7,False
1784695563.3852851,control2,fd70d20b4d,MOSEK,soc,True,42,449,1,10,-0.03056596808676895,85.712731195,2.0509207248687744,0.0,4,False
1784695565.3302243,control2,fd70d20b4d,MOSEK,soc,True,42,450,0,20,-0.004171127132432329,85.55806708019604,1.918700933456421,0.0,7,False
1784695565.335336,control2,fd70d20b4d,MOSEK,soc,True,42,450,1,10,-0.016584521210942477,85.55806708019604,1.918700933456421,0.0,4,False
1784695567.505881,control2,fd70d20b4d,MOSEK,soc,True,42,451,0,20,-0.0011812141879477122,85.50182044557786,2.140207529067993,0.0,6,False
1784695567.5113475,control2,fd70d20b4d,MOSEK,soc,True,42,451,1,10,-0.02164077504858535,85.50182044557786,2.140207529067993,0.0005090236663818359,4,False
1784695569.4702454,control2,fd70d20b4d,MOSEK,soc,True,42,452,0,20,-0.0030615419788110497,85.44059460879302,1.935366153717041,0.0,6,False
1784695569.4749534,control2,fd70d20b4d,MOSEK,soc,True,42,452,1,10,-0.014891696641445792,85.44059460879302,1.935366153717041,0.0,4,False
1784695571.8103876,control2,fd70d20b4d,MOSEK,soc,True,42,453,0,20,-0.0014496002840335045,85.37839376581847,2.2980403900146484,0.0,6,False
1784695571.8164473,control2,fd70d20b4d,MOSEK,soc,True,42,453,1,10,-0.01463222821513648,85.37839376581847,2.2980403900146484,0.0,4,False
1784695574.039374,control2,fd70d20b4d,MOSEK,soc,True,42,454,0,20,-0.0020384964098475906,85.29532418730464,2.1975488662719727,0.0,7,False
1784695574.0444932,control2,fd70d20b4d,MOSEK,soc,True,42,454,1,10,-0.014617901530072284,85.29532418730464,2.1975488662719727,0.0,3,False
1784695576.2850673,control2,fd70d20b4d,MOSEK,soc,True,42,455,0,20,-0.0014255058181823165,85.25879624777963,2.2068700790405273,0.0,7,False
1784695576.2888258,control2,fd70d20b4d,MOSEK,soc,True,42,455,1,10,-0.013565746649732136,85.25879624777963,2.2068700790405273,0.0,3,False
1784695578.4446442,control2,fd70d20b4d,MOSEK,soc,True,42,456,0,20,-0.001225682880288956,85.20521867565353,2.1309289932250977,0.0,7,False
1784695578.4500887,control2,fd70d20b4d,MOSEK,soc,True,42,456,1,10,-0.013545774989269909,85.20521867565353,2.1309289932250977,0.001024484634399414,3,False
1784695581.1114078,control2,fd70d20b4d,MOSEK,soc,True,42,457,0,20,-0.006344655154434572,85.04209430435245,2.627598762512207,0.001001596450805664,7,False
1784695581.1174078,control2,fd70d20b4d,MOSEK,soc,True,42,457,1,10,-0.01653211311342796,85.04209430435245,2.627598762512207,0.0,3,False
1784695583.4084413,control2,fd70d20b4d,MOSEK,soc,True,42,458,0,20,-0.0035530640250465042,84.95170849874066,2.2573463916778564,0.0,8,False
1784695583.4135506,control2,fd70d20b4d,MOSEK,soc,True,42,458,1,10,-0.024283903641097566,84.95170849874066,2.2573463916778564,0.0009272098541259766,4,False
1784695585.7838957,control2,fd70d20b4d,MOSEK,soc,True,42,459,0,20,-0.0030592747810040876,84.87575226054035,2.3324246406555176,0.0,7,False
1784695585.7899923,control2,fd70d20b4d,MOSEK,soc,True,42,459,1,10,-0.01024090249400941,84.87575226054035,2.3324246406555176,0.0,4,False
1784695588.0605044,control2,fd70d20b4d,MOSEK,soc,True,42,460,0,20,-0.003142208982982218,84.82338680030148,2.240483283996582,0.0,7,False
1784695588.0652237,control2,fd70d20b4d,MOSEK,soc,True,42,460,1,10,-0.01924352616575257,84.82338680030148,2.240483283996582,5.841255187988281e-05,5,False
1784695590.521747,control2,fd70d20b4d,MOSEK,soc,True,42,461,0,20,-0.006578240327868633,84.68715261361629,2.4030845165252686,0.0,8,False
1784695590.5287483,control2,fd70d20b4d,MOSEK,soc,True,42,461,1,10,-0.010747932212769491,84.68715261361629,2.4030845165252686,0.0,4,False
1784695593.1720128,control2,fd70d20b4d,MOSEK,soc,True,42,462,0,20,-0.006016691008420019,84.46626633621091,2.6128485202789307,0.0,7,False
1784695593.1769378,control2,fd70d20b4d,MOSEK,soc,True,42,462,1,10,-0.007937761575662474,84.46626633621091,2.6128485202789307,0.0,4,False
1784695595.674399,control2,fd70d20b4d,MOSEK,soc,True,42,463,0,20,-0.00473045015572122,84.35377488102678,2.4625279903411865,0.0,7,False
1784695595.679787,control2,fd70d20b4d,MOSEK,soc,True,42,463,1,10,-0.0074988500681389255,84.35377488102678,2.4625279903411865,0.0,5,False
1784695597.6605253,control2,fd70d20b4d,MOSEK,soc,True,42,464,0,20,-0.008628092090919033,84.05982360809497,1.9529199600219727,0.0009913444519042969,8,False
1784695597.6645374,control2,fd70d20b4d,MOSEK,soc,True,42,464,1,10,-0.03286641424834026,84.05982360809497,1.9529199600219727,0.0,4,False
1784695599.689124,control2,fd70d20b4d,MOSEK,soc,True,42,465,0,20,-0.005486946771071179,83.6495802150199,1.995436191558838,0.0,7,False
1784695599.6957414,control2,fd70d20b4d,MOSEK,soc,True,42,465,1,10,-0.01760829339892386,83.6495802150199,1.995436191558838,0.0,4,False
1784695602.4852085,control2,fd70d20b4d,MOSEK,soc,True,42,466,0,20,-0.008867938031662668,83.22908257252301,2.7618792057037354,0.0,8,False
1784695602.49147,control2,fd70d20b4d,MOSEK,soc,True,42,466,1,10,-0.02072876480497731,83.22908257252301,2.7618792057037354,0.0009057521820068359,4,False
1784695604.8291075,control2,fd70d20b4d,MOSEK,soc,True,42,467,0,20,-0.01148246317617471,83.08962091648469,2.310211420059204,0.0,7,False
1784695604.8343918,control2,fd70d20b4d,MOSEK,soc,True,42,467,1,10,-0.03980575848168703,83.08962091648469,2.310211420059204,0.0005402565002441406,3,False
1784695607.1716354,control2,fd70d20b4d,MOSEK,soc,True,42,468,0,20,-0.01073155773393596,82.85561216957963,2.3122754096984863,0.0,6,False
1784695607.1786232,control2,fd70d20b4d,MOSEK,soc,True,42,468,1,10,-0.02400288798305153,82.85561216957963,2.3122754096984863,0.0009179115295410156,4,False
1784695609.948568,control2,fd70d20b4d,MOSEK,soc,True,42,469,0,20,-0.00696990350071792,82.71459222934783,2.7449443340301514,0.0,7,False
1784695609.954672,control2,fd70d20b4d,MOSEK,soc,True,42,469,1,10,-0.021314334730988826,82.71459222934783,2.7449443340301514,0.0,3,False
1784695612.2842672,control2,fd70d20b4d,MOSEK,soc,True,42,470,0,20,-0.005161660180720003,82.67665491754448,2.303476572036743,0.0,6,False
1784695612.2892544,control2,fd70d20b4d,MOSEK,soc,True,42,470,1,10,-0.010098766098393896,82.67665491754448,2.303476572036743,0.0008988380432128906,4,False
1784695615.3057365,control2,fd70d20b4d,MOSEK,soc,True,42,471,0,20,-0.005645216866005759,82.6036610225182,2.986147165298462,0.001622915267944336,7,False
1784695615.3100758,control2,fd70d20b4d,MOSEK,soc,True,42,471,1,10,-0.02430679524002193,82.6036610225182,2.986147165298462,0.0,4,False
1784695617.890673,control2,fd70d20b4d,MOSEK,soc,True,42,472,0,20,-0.0029619625260662074,82.52590799574818,2.54585599899292,0.0011355876922607422,7,False
1784695617.8957584,control2,fd70d20b4d,MOSEK,soc,True,42,472,1,10,-0.02064776246884725,82.52590799574818,2.54585599899292,0.0,4,False
1784695620.4541261,control2,fd70d20b4d,MOSEK,soc,True,42,473,0,20,-0.003300262863091439,82.47855697813479,2.534559726715088,0.0,7,False
1784695620.4605236,control2,fd70d20b4d,MOSEK,soc,True,42,473,1,10,-0.020671317231817393,82.47855697813479,2.534559726715088,0.0009102821350097656,5,False
1784695623.0607235,control2,fd70d20b4d,MOSEK,soc,True,42,474,0,20,-0.0021649050918857923,82.44957299910153,2.5694332122802734,0.0010063648223876953,6,False
1784695623.0670269,control2,fd70d20b4d,MOSEK,soc,True,42,474,1,10,-0.009401784009760175,82.44957299910153,2.5694332122802734,0.0,4,False
1784695625.482344,control2,fd70d20b4d,MOSEK,soc,True,42,475,0,20,-0.002595309745533891,82.35757628214766,2.381178855895996,0.0,6,False
1784695625.488578,control2,fd70d20b4d,MOSEK,soc,True,42,475,1,10,-0.015473082300775138,82.35757628214766,2.381178855895996,0.0005075931549072266,3,False
1784695628.439271,control2,fd70d20b4d,MOSEK,soc,True,42,476,0,20,-0.006233638393228163,82.28578431892826,2.9249846935272217,0.0,7,False
1784695628.4432085,control2,fd70d20b4d,MOSEK,soc,True,42,476,1,10,-0.006410972023214992,82.28578431892826,2.9249846935272217,0.0009005069732666016,3,False
1784695631.781037,control2,fd70d20b4d,MOSEK,soc,True,42,477,0,20,-0.003397148194797592,82.26478777087166,3.3042490482330322,0.0,6,False
1784695631.7876403,control2,fd70d20b4d,MOSEK,soc,True,42,477,1,10,-0.011428721139257813,82.26478777087166,3.3042490482330322,0.0,4,False
1784695634.3118804,control2,fd70d20b4d,MOSEK,soc,True,42,478,0,20,-0.007971111108713284,82.17920817230612,2.4990899562835693,0.0,7,False
1784695634.3158853,control2,fd70d20b4d,MOSEK,soc,True,42,478,1,10,-0.022712772425247708,82.17920817230612,2.4990899562835693,0.0,3,False
1784695637.297973,control2,fd70d20b4d,MOSEK,soc,True,42,479,0,20,-0.00534716585838636,82.00717072683815,2.957274913787842,0.0,7,False
1784695637.3039775,control2,fd70d20b4d,MOSEK,soc,True,42,479,1,10,-0.015145972702893242,82.00717072683815,2.957274913787842,0.0,4,False
1784695640.145142,control2,fd70d20b4d,MOSEK,soc,True,42,480,0,20,-0.007584877857485301,81.92297745735809,2.800309658050537,0.0,7,False
1784695640.151143,control2,fd70d20b4d,MOSEK,soc,True,42,480,1,10,-0.012414190515972073,81.92297745735809,2.800309658050537,0.0009877681732177734,4,False
1784695643.0697958,control2,fd70d20b4d,MOSEK,soc,True,42,481,0,20,-0.0056039683382748595,81.88717682124731,2.890796184539795,0.0,6,False
1784695643.075331,control2,fd70d20b4d,MOSEK,soc,True,42,481,1,10,-0.014509689974617915,81.88717682124731,2.890796184539795,0.0,4,False
1784695645.8184397,control2,fd70d20b4d,MOSEK,soc,True,42,482,0,20,-0.0025963359874860846,81.74067030328635,2.6955175399780273,0.0,6,False
1784695645.823799,control2,fd70d20b4d,MOSEK,soc,True,42,482,1,10,-0.022862445535630358,81.74067030328635,2.6955175399780273,0.0,3,False
1784695648.351369,control2,fd70d20b4d,MOSEK,soc,True,42,483,0,20,-0.013685775446124556,81.52787092943774,2.4938852787017822,0.0011582374572753906,8,False
1784695648.357173,control2,fd70d20b4d,MOSEK,soc,True,42,483,1,10,-0.038236309728391524,81.52787092943774,2.4938852787017822,0.0008902549743652344,4,False
1784695650.6418166,control2,fd70d20b4d,MOSEK,soc,True,42,484,0,20,-0.004961017517137417,81.4775838918812,2.2372171878814697,0.0,7,False
1784695650.646986,control2,fd70d20b4d,MOSEK,soc,True,42,484,1,10,-0.015247615985649766,81.4775838918812,2.2372171878814697,0.0,3,False
1784695653.396825,control2,fd70d20b4d,MOSEK,soc,True,42,485,0,20,-0.00548315371042037,81.34122412065457,2.7202248573303223,0.0,7,False
1784695653.4034123,control2,fd70d20b4d,MOSEK,soc,True,42,485,1,10,-0.013816875480276644,81.34122412065457,2.7202248573303223,0.0010552406311035156,3,False
1784695655.8715634,control2,fd70d20b4d,MOSEK,soc,True,42,486,0,20,-0.004530976429488123,81.14978054765149,2.441976547241211,0.0,7,False
1784695655.8795636,control2,fd70d20b4d,MOSEK,soc,True,42,486,1,10,-0.027256005595282545,81.14978054765149,2.441976547241211,0.0009751319885253906,4,False
1784695658.7496264,control2,fd70d20b4d,MOSEK,soc,True,42,487,0,20,-0.003319819811434998,81.06080037506729,2.841549873352051,0.0,6,False
1784695658.7546215,control2,fd70d20b4d,MOSEK,soc,True,42,487,1,10,-0.01812708870917213,81.06080037506729,2.841549873352051,0.0,3,False
1784695660.995967,control2,fd70d20b4d,MOSEK,soc,True,42,488,0,20,-0.0030914017760680147,80.8695407740111,2.208444595336914,0.0011029243469238281,6,False
1784695661.0020707,control2,fd70d20b4d,MOSEK,soc,True,42,488,1,10,-0.025041911857515226,80.8695407740111,2.208444595336914,0.0,4,False
1784695663.7097738,control2,fd70d20b4d,MOSEK,soc,True,42,489,0,20,-0.0028814265525545116,80.82688799054972,2.666921377182007,0.0,6,False
1784695663.7149138,control2,fd70d20b4d,MOSEK,soc,True,42,489,1,10,-0.02612268802242527,80.82688799054972,2.666921377182007,0.0,4,False
1784695666.5374906,control2,fd70d20b4d,MOSEK,soc,True,42,490,0,20,-0.004208579957297598,80.51313002307775,2.7923552989959717,0.0,6,False
1784695666.5424774,control2,fd70d20b4d,MOSEK,soc,True,42,490,1,10,-0.027135451336163005,80.51313002307775,2.7923552989959717,0.001012563705444336,4,False
1784695668.8312407,control2,fd70d20b4d,MOSEK,soc,True,42,491,0,20,-0.0027878682843387914,80.31078229762272,2.259106159210205,0.0009942054748535156,7,False
1784695668.83598,control2,fd70d20b4d,MOSEK,soc,True,42,491,1,10,-0.01750586405333576,80.31078229762272,2.259106159210205,0.0,4,False
1784695671.2326272,control2,fd70d20b4d,MOSEK,soc,True,42,492,0,20,-0.0021701100898002482,80.16165281551358,2.36384916305542,0.0,7,False
1784695671.2386158,control2,fd70d20b4d,MOSEK,soc,True,42,492,1,10,-0.017014282223854774,80.16165281551358,2.36384916305542,0.0,3,False
1784695673.9539692,control2,fd70d20b4d,MOSEK,soc,True,42,493,0,20,-0.0015215919822159044,80.04343446745135,2.6898841857910156,0.0009961128234863281,7,False
1784695673.9588022,control2,fd70d20b4d,MOSEK,soc,True,42,493,1,10,-0.027886432540227744,80.04343446745135,2.6898841857910156,0.0,4,False
1784695677.4025016,control2,fd70d20b4d,MOSEK,soc,True,42,494,0,20,-0.0014668692523933768,79.94427614393746,3.418830633163452,0.0,6,False
1784695677.40765,control2,fd70d20b4d,MOSEK,soc,True,42,494,1,10,-0.013350026817514038,79.94427614393746,3.418830633163452,0.0,4,False
1784695680.3232806,control2,fd70d20b4d,MOSEK,soc,True,42,495,0,20,-0.009201750554643362,79.45925903513273,2.8768038749694824,0.0,8,False
1784695680.329274,control2,fd70d20b4d,MOSEK,soc,True,42,495,1,10,-0.010158901890595767,79.45925903513273,2.8768038749694824,0.0,4,False
1784695682.9271917,control2,fd70d20b4d,MOSEK,soc,True,42,496,0,20,-0.008100483196121076,79.38450039833381,2.564192533493042,0.0,7,False
1784695682.9328773,control2,fd70d20b4d,MOSEK,soc,True,42,496,1,10,-0.019312527069313423,79.38450039833381,2.564192533493042,0.0010082721710205078,4,False
1784695685.3446534,control2,fd70d20b4d,MOSEK,soc,True,42,497,0,20,-0.003569579542637645,79.08166164067174,2.3876991271972656,0.0,8,False
1784695685.3506467,control2,fd70d20b4d,MOSEK,soc,True,42,497,1,10,-0.016166796840157857,79.08166164067174,2.3876991271972656,0.0,4,False
1784695687.6505494,control2,fd70d20b4d,MOSEK,soc,True,42,498,0,20,-0.00789221369126417,78.98606231058096,2.2636353969573975,0.0009987354278564453,7,False
1784695687.655242,control2,fd70d20b4d,MOSEK,soc,True,42,498,1,10,-0.02032817357960987,78.98606231058096,2.2636353969573975,0.0,4,False
1784695690.13754,control2,fd70d20b4d,MOSEK,soc,True,42,499,0,20,-0.010404807549067734,78.49846322744595,2.4484400749206543,0.0,7,False
1784695690.1443436,control2,fd70d20b4d,MOSEK,soc,True,42,499,1,10,-0.02781975266096872,78.49846322744595,2.4484400749206543,0.0009691715240478516,4,False
1784695692.6468065,control2,fd70d20b4d,MOSEK,soc,True,42,500,0,20,-0.009608393545946241,78.06784943246139,2.4682748317718506,0.0,7,False
1784695692.6508055,control2,fd70d20b4d,MOSEK,soc,True,42,500,1,10,-0.02280432102341681,78.06784943246139,2.4682748317718506,0.0,3,False
1784695699.4171345,control6,ab9d8392d9,MOSEK,linear,False,42,1,0,60,-0.29723940281507333,2794.7013871070403,1.1062471866607666,0.003139972686767578,25,False
1784695699.4201343,control6,ab9d8392d9,MOSEK,linear,False,42,1,1,30,-31.09732778808546,2794.7013871070403,1.1062471866607666,0.0,4,False
1784695700.114781,control6,ab9d8392d9,MOSEK,linear,False,42,2,0,60,-0.2596847997952353,2075.5727529858896,0.6836891174316406,0.0005412101745605469,29,False
1784695700.1197789,control6,ab9d8392d9,MOSEK,linear,False,42,2,1,30,-45.19382701953607,2075.5727529858896,0.6836891174316406,0.0,7,False
1784695700.966887,control6,ab9d8392d9,MOSEK,linear,False,42,3,0,60,-0.2551950364205893,1608.9629285532546,0.8296210765838623,0.000985860824584961,29,False
1784695700.971333,control6,ab9d8392d9,MOSEK,linear,False,42,3,1,30,-62.84942064607233,1608.9629285532546,0.8296210765838623,0.0,9,False
1784695702.001924,control6,ab9d8392d9,MOSEK,linear,False,42,4,0,60,-0.24020779507481835,1348.2420817860736,1.017829179763794,0.0015459060668945312,30,False
1784695702.0096543,control6,ab9d8392d9,MOSEK,linear,False,42,4,1,30,-79.0709770265776,1348.2420817860736,1.017829179763794,0.0,10,False
1784695703.2818542,control6,ab9d8392d9,MOSEK,linear,False,42,5,0,60,-0.24085229562993352,1197.0314474586548,1.2591300010681152,0.0010585784912109375,30,False
1784695703.286633,control6,ab9d8392d9,MOSEK,linear,False,42,5,1,30,-66.9849159763958,1197.0314474586548,1.2591300010681152,0.0,12,False
1784695704.8649235,control6,ab9d8392d9,MOSEK,linear,False,42,6,0,60,-0.2336889278965954,1105.742980546655,1.559708833694458,0.0011072158813476562,29,False
1784695704.871745,control6,ab9d8392d9,MOSEK,linear,False,42,6,1,30,-79.78752858019956,1105.742980546655,1.559708833694458,0.0,12,False
1784695706.480882,control6,ab9d8392d9,MOSEK,linear,False,42,7,0,60,-0.23095443273144933,1050.6557589895915,1.5938317775726318,0.0,29,False
1784695706.4878669,control6,ab9d8392d9,MOSEK,linear,False,42,7,1,30,-74.38122778601809,1050.6557589895915,1.5938317775726318,0.0009846687316894531,12,False
1784695708.208299,control6,ab9d8392d9,MOSEK,linear,False,42,8,0,60,-0.21541394491745225,1013.162589363704,1.703465223312378,0.0009996891021728516,28,False
1784695708.2146773,control6,ab9d8392d9,MOSEK,linear,False,42,8,1,30,-68.03882876078079,1013.162589363704,1.703465223312378,0.0,12,False
1784695710.1298966,control6,ab9d8392d9,MOSEK,linear,False,42,9,0,60,-0.21469114106223608,989.7494493889451,1.898566722869873,0.0010018348693847656,29,False
1784695710.1354704,control6,ab9d8392d9,MOSEK,linear,False,42,9,1,30,-54.28694766424077,989.7494493889451,1.898566722869873,0.0,13,False
1784695712.282839,control6,ab9d8392d9,MOSEK,linear,False,42,10,0,60,-0.17500020217058276,974.6931065210429,2.105184555053711,0.0020067691802978516,29,False
1784695712.2938573,control6,ab9d8392d9,MOSEK,linear,False,42,10,1,30,-59.30446366981743,974.6931065210429,2.105184555053711,0.0009996891021728516,13,False
1784695714.715572,control6,ab9d8392d9,MOSEK,linear,False,42,11,0,60,-0.16199252638919673,965.4484014387276,2.400481939315796,0.0009953975677490234,29,False
1784695714.7215633,control6,ab9d8392d9,MOSEK,linear,False,42,11,1,30,-59.48757336247446,965.4484014387276,2.400481939315796,0.00095367431640625,12,False
1784695717.2636418,control6,ab9d8392d9,MOSEK,linear,False,42,12,0,60,-0.15423682004761874,956.8496459348321,2.506103992462158,0.0009930133819580078,29,False
1784695717.2704291,control6,ab9d8392d9,MOSEK,linear,False,42,12,1,30,-37.64995299537379,956.8496459348321,2.506103992462158,0.0,13,False
1784695720.1021812,control6,ab9d8392d9,MOSEK,linear,False,42,13,0,60,-0.17508625126414296,949.867101661215,2.8093032836914062,0.0009627342224121094,29,False
1784695720.1144128,control6,ab9d8392d9,MOSEK,linear,False,42,13,1,30,-45.17873367053093,949.867101661215,2.8093032836914062,0.0005223751068115234,12,False
1784695724.0060678,control6,ab9d8392d9,MOSEK,linear,False,42,14,0,60,-0.16931878908723516,942.989746331048,3.868823528289795,0.0,30,False
1784695724.0121899,control6,ab9d8392d9,MOSEK,linear,False,42,14,1,30,-51.721202992239334,942.989746331048,3.868823528289795,0.0,12,False
1784695729.4920266,control6,ab9d8392d9,MOSEK,linear,False,42,15,0,60,-0.1444052838988486,935.6803526511005,5.45718789100647,0.0005524158477783203,29,False
1784695729.4990315,control6,ab9d8392d9,MOSEK,linear,False,42,15,1,30,-41.08545649185716,935.6803526511005,5.45718789100647,0.0009844303131103516,12,False
1784695735.123537,control6,ab9d8392d9,MOSEK,linear,False,42,16,0,60,-0.15703598241599437,929.0513525862145,5.601785182952881,0.0009989738464355469,29,False
1784695735.1294024,control6,ab9d8392d9,MOSEK,linear,False,42,16,1,30,-45.810232525958966,929.0513525862145,5.601785182952881,0.0,12,False
1784695741.1710844,control6,ab9d8392d9,MOSEK,linear,False,42,17,0,60,-0.1389659115593915,921.522562039311,6.007802486419678,0.0010008811950683594,28,False
1784695741.177129,control6,ab9d8392d9,MOSEK,linear,False,42,17,1,30,-42.36979827880166,921.522562039311,6.007802486419678,0.001012563705444336,12,False
1784695747.7395244,control6,ab9d8392d9,MOSEK,linear,False,42,18,0,60,-0.1325315764510011,913.0472808800256,6.536357879638672,0.0010025501251220703,29,False
1784695747.7456424,control6,ab9d8392d9,MOSEK,linear,False,42,18,1,30,-41.571316659890925,913.0472808800256,6.536357879638672,0.0009720325469970703,12,False
1784695754.809934,control6,ab9d8392d9,MOSEK,linear,False,42,19,0,60,-0.13832284618378507,906.8031647844472,7.0383946895599365,0.0,30,False
1784695754.8143203,control6,ab9d8392d9,MOSEK,linear,False,42,19,1,30,-37.879560716744784,906.8031647844472,7.0383946895599365,0.0,12,False
1784695761.869529,control6,ab9d8392d9,MOSEK,linear,False,42,20,0,60,-0.1377367793570254,900.7475008826402,7.024746656417847,0.001003265380859375,29,False
1784695761.8763356,control6,ab9d8392d9,MOSEK,linear,False,42,20,1,30,-37.25355288845158,900.7475008826402,7.024746656417847,0.0,12,False
1784695768.7541735,control6,ab9d8392d9,MOSEK,linear,False,42,21,0,60,-0.12582306026858117,895.8494652269987,6.851294040679932,0.0009894371032714844,29,False
1784695768.7598126,control6,ab9d8392d9,MOSEK,linear,False,42,21,1,30,-39.277447836532346,895.8494652269987,6.851294040679932,0.0,13,False
1784695777.1625643,control6,ab9d8392d9,MOSEK,linear,False,42,22,0,60,-0.1269837617680349,890.9416620723941,8.375733137130737,0.0009758472442626953,29,False
1784695777.1693237,control6,ab9d8392d9,MOSEK,linear,False,42,22,1,30,-37.74014194407386,890.9416620723941,8.375733137130737,0.0,12,False
1784695785.7813318,control6,ab9d8392d9,MOSEK,linear,False,42,23,0,60,-0.11932236756650172,886.628294633322,8.585832118988037,0.0,29,False
1784695785.7872553,control6,ab9d8392d9,MOSEK,linear,False,42,23,1,30,-33.646121222899,886.628294633322,8.585832118988037,0.0009527206420898438,13,False
1784695795.5045466,control6,ab9d8392d9,MOSEK,linear,False,42,24,0,60,-0.1147398071883237,881.6331143928802,9.677869081497192,0.0009789466857910156,29,False
1784695795.5091686,control6,ab9d8392d9,MOSEK,linear,False,42,24,1,30,-38.687251639742,881.6331143928802,9.677869081497192,0.0009226799011230469,12,False
1784695804.2280676,control6,ab9d8392d9,MOSEK,linear,False,42,25,0,60,-0.10332089221795464,877.4262016912833,8.68326187133789,0.0010151863098144531,29,False
1784695804.2339323,control6,ab9d8392d9,MOSEK,linear,False,42,25,1,30,-29.494602610402897,877.4262016912833,8.68326187133789,0.0006535053253173828,12,False
1784695812.583615,control6,ab9d8392d9,MOSEK,linear,False,42,26,0,60,-0.10990441396708675,873.5166826643091,8.310550689697266,0.0009791851043701172,30,False
1784695812.5908754,control6,ab9d8392d9,MOSEK,linear,False,42,26,1,30,-29.182209466191587,873.5166826643091,8.310550689697266,0.0009577274322509766,12,False
1784695823.5658734,control6,ab9d8392d9,MOSEK,linear,False,42,27,0,60,-0.09846122042411717,869.6567724292231,10.92803692817688,0.0020203590393066406,29,False
1784695823.5716686,control6,ab9d8392d9,MOSEK,linear,False,42,27,1,30,-24.991591835668498,869.6567724292231,10.92803692817688,0.0,11,False
1784695834.0421476,control6,ab9d8392d9,MOSEK,linear,False,42,28,0,60,-0.11376091625140189,866.341761009384,10.424744844436646,0.0009958744049072266,29,False
1784695834.0492516,control6,ab9d8392d9,MOSEK,linear,False,42,28,1,30,-27.478531008947265,866.341761009384,10.424744844436646,0.0009405612945556641,12,False
1784695845.6915672,control6,ab9d8392d9,MOSEK,linear,False,42,29,0,60,-0.09898454875033366,863.4627539947774,11.596842765808105,0.0011296272277832031,30,False
1784695845.6972642,control6,ab9d8392d9,MOSEK,linear,False,42,29,1,30,-22.293657795860938,863.4627539947774,11.596842765808105,0.0009918212890625,12,False
1784695857.46134,control6,ab9d8392d9,MOSEK,linear,False,42,30,0,60,-0.09648345796136261,860.4441254853398,11.71945595741272,0.0014066696166992188,29,False
1784695857.4660938,control6,ab9d8392d9,MOSEK,linear,False,42,30,1,30,-26.310320047358534,860.4441254853398,11.71945595741272,0.0,12,False
1784695868.4644427,control6,ab9d8392d9,MOSEK,linear,False,42,31,0,60,-0.09500743469206849,857.5680232292937,10.95789647102356,0.0009989738464355469,29,False
1784695868.4714346,control6,ab9d8392d9,MOSEK,linear,False,42,31,1,30,-24.24284130368008,857.5680232292937,10.95789647102356,0.0009541511535644531,12,False
1784695881.333759,control6,ab9d8392d9,MOSEK,linear,False,42,32,0,60,-0.08583618649214132,854.5733696660432,12.824706315994263,0.0010194778442382812,30,False
1784695881.3403776,control6,ab9d8392d9,MOSEK,linear,False,42,32,1,30,-25.5662878861552,854.5733696660432,12.824706315994263,0.0009114742279052734,12,False
1784695894.577807,control6,ab9d8392d9,MOSEK,linear,False,42,33,0,60,-0.10786753922023327,851.7629344212817,13.187233686447144,0.0010013580322265625,30,False
1784695894.583812,control6,ab9d8392d9,MOSEK,linear,False,42,33,1,30,-23.047879765164264,851.7629344212817,13.187233686447144,0.0009958744049072266,11,False
1784695906.342336,control6,ab9d8392d9,MOSEK,linear,False,42,34,0,60,-0.08249601343671256,848.713756203922,11.71700382232666,0.0010097026824951172,29,False
1784695906.3494616,control6,ab9d8392d9,MOSEK,linear,False,42,34,1,30,-26.62951733490779,848.713756203922,11.71700382232666,0.0,12,False
1784695919.4528701,control6,ab9d8392d9,MOSEK,linear,False,42,35,0,60,-0.08319753816331008,846.0829885674319,13.052780151367188,0.0009729862213134766,30,False
1784695919.4584577,control6,ab9d8392d9,MOSEK,linear,False,42,35,1,30,-23.474057328131693,846.0829885674319,13.052780151367188,0.0,12,False
1784695934.6498444,control6,ab9d8392d9,MOSEK,linear,False,42,36,0,60,-0.08603442845137216,843.2966438343256,15.1346755027771,0.0,30,False
1784695934.655573,control6,ab9d8392d9,MOSEK,linear,False,42,36,1,30,-23.58746953528497,843.2966438343256,15.1346755027771,0.0010046958923339844,11,False
1784695948.625755,control6,ab9d8392d9,MOSEK,linear,False,42,37,0,60,-0.08021453707403836,840.6482735414872,13.917786121368408,0.0009951591491699219,29,False
1784695948.631761,control6,ab9d8392d9,MOSEK,linear,False,42,37,1,30,-24.305889085711648,840.6482735414872,13.917786121368408,0.0,12,False
1784695962.6419723,control6,ab9d8392d9,MOSEK,linear,False,42,38,0,60,-0.08059593129937537,837.9126597874343,13.957570552825928,0.0009918212890625,28,False
1784695962.6495128,control6,ab9d8392d9,MOSEK,linear,False,42,38,1,30,-26.17856548142948,837.9126597874343,13.957570552825928,0.0006282329559326172,11,False
1784695977.5408077,control6,ab9d8392d9,MOSEK,linear,False,42,39,0,60,-0.07812122218227434,834.8014830357467,14.834107875823975,0.0009810924530029297,29,False
1784695977.546987,control6,ab9d8392d9,MOSEK,linear,False,42,39,1,30,-22.27319134992289,834.8014830357467,14.834107875823975,0.0009148120880126953,12,False
1784695991.3876863,control6,ab9d8392d9,MOSEK,linear,False,42,40,0,60,-0.08304343658526425,832.1995882807898,13.782108068466187,0.0009112358093261719,28,False
1784695991.393794,control6,ab9d8392d9,MOSEK,linear,False,42,40,1,30,-22.053774201248995,832.1995882807898,13.782108068466187,0.0,12,False
1784696005.4352102,control6,ab9d8392d9,MOSEK,linear,False,42,41,0,60,-0.08525382776324766,829.845836579156,13.97854471206665,0.0010008811950683594,29,False
1784696005.441079,control6,ab9d8392d9,MOSEK,linear,False,42,41,1,30,-21.772913715745915,829.845836579156,13.97854471206665,0.0,13,False
1784696022.3374069,control6,ab9d8392d9,MOSEK,linear,False,42,42,0,60,-0.07105658946638742,827.2902160855314,16.838326930999756,0.0,29,False
1784696022.3424397,control6,ab9d8392d9,MOSEK,linear,False,42,42,1,30,-19.25503793043481,827.2902160855314,16.838326930999756,0.0,11,False
1784696037.8334992,control6,ab9d8392d9,MOSEK,linear,False,42,43,0,60,-0.08491621290232425,824.6650743771676,15.416541576385498,0.0010018348693847656,30,False
1784696037.840516,control6,ab9d8392d9,MOSEK,linear,False,42,43,1,30,-22.342157151773584,824.6650743771676,15.416541576385498,0.0,12,False
1784696055.3770335,control6,ab9d8392d9,MOSEK,linear,False,42,44,0,60,-0.0776125499247,822.1351835155037,17.45934820175171,0.0010051727294921875,28,False
1784696055.3830419,control6,ab9d8392d9,MOSEK,linear,False,42,44,1,30,-22.485499236719278,822.1351835155037,17.45934820175171,0.0010061264038085938,12,False
1784696070.917705,control6,ab9d8392d9,MOSEK,linear,False,42,45,0,60,-0.08212280166841757,819.8532566660072,15.457958936691284,0.0009930133819580078,29,False
1784696070.9236755,control6,ab9d8392d9,MOSEK,linear,False,42,45,1,30,-20.389613425909538,819.8532566660072,15.457958936691284,0.0,11,False
1784696087.4227796,control6,ab9d8392d9,MOSEK,linear,False,42,46,0,60,-0.07181816275593528,817.8561147998207,16.42913293838501,0.0010056495666503906,30,False
1784696087.4306035,control6,ab9d8392d9,MOSEK,linear,False,42,46,1,30,-19.68659510101065,817.8561147998207,16.42913293838501,0.0,12,False
1784696105.6945014,control6,ab9d8392d9,MOSEK,linear,False,42,47,0,60,-0.07990940131851447,815.5441394315794,18.191872596740723,0.0016694068908691406,29,False
1784696105.7004998,control6,ab9d8392d9,MOSEK,linear,False,42,47,1,30,-23.232125110001693,815.5441394315794,18.191872596740723,0.0,12,False
1784696122.9010751,control6,ab9d8392d9,MOSEK,linear,False,42,48,0,60,-0.07618354103386547,813.3580626103497,17.126572132110596,0.0011057853698730469,29,False
1784696122.9067252,control6,ab9d8392d9,MOSEK,linear,False,42,48,1,30,-22.59919529191366,813.3580626103497,17.126572132110596,0.0,12,False
1784696141.2055566,control6,ab9d8392d9,MOSEK,linear,False,42,49,0,60,-0.06993625821009297,810.964410290725,18.229600429534912,0.0009739398956298828,30,False
1784696141.2131703,control6,ab9d8392d9,MOSEK,linear,False,42,49,1,30,-22.113610425890283,810.964410290725,18.229600429534912,0.001071929931640625,11,False
1784696160.431112,control6,ab9d8392d9,MOSEK,linear,False,42,50,0,60,-0.07505883391391746,808.7911754327966,19.125873804092407,0.0009484291076660156,30,False
1784696160.4371033,control6,ab9d8392d9,MOSEK,linear,False,42,50,1,30,-20.723430316392754,808.7911754327966,19.125873804092407,0.0010085105895996094,10,False
1784696180.081747,control6,ab9d8392d9,MOSEK,linear,False,42,51,0,60,-0.07208065005186079,806.6176041282374,19.559620141983032,0.0020072460174560547,29,False
1784696180.0867443,control6,ab9d8392d9,MOSEK,linear,False,42,51,1,30,-18.602088546289714,806.6176041282374,19.559620141983032,0.0009219646453857422,11,False
1784696200.2833972,control6,ab9d8392d9,MOSEK,linear,False,42,52,0,60,-0.07248733818164757,804.3595963963072,20.109936952590942,0.0010073184967041016,29,False
1784696200.2931142,control6,ab9d8392d9,MOSEK,linear,False,42,52,1,30,-16.901620394861023,804.3595963963072,20.109936952590942,0.0,12,False
1784696223.027906,control6,ab9d8392d9,MOSEK,linear,False,42,53,0,60,-0.06300175036129871,801.9674977730201,22.637866258621216,0.000986337661743164,30,False
1784696223.0355225,control6,ab9d8392d9,MOSEK,linear,False,42,53,1,30,-17.496683401295982,801.9674977730201,22.637866258621216,0.0,11,False
1784696245.688544,control6,ab9d8392d9,MOSEK,linear,False,42,54,0,60,-0.06413319176946661,800.0027312644918,22.566407442092896,0.0009906291961669922,30,False
1784696245.6936615,control6,ab9d8392d9,MOSEK,linear,False,42,54,1,30,-18.70745288389953,800.0027312644918,22.566407442092896,0.0,10,False
1784696269.108763,control6,ab9d8392d9,MOSEK,linear,False,42,55,0,60,-0.05995257362791771,797.9719339920109,23.31608819961548,0.0006470680236816406,29,False
1784696269.1148636,control6,ab9d8392d9,MOSEK,linear,False,42,55,1,30,-18.04738281674572,797.9719339920109,23.31608819961548,0.0,11,False
1784696292.29537,control6,ab9d8392d9,MOSEK,linear,False,42,56,0,60,-0.06514970647169982,795.9915996932336,23.098368406295776,0.0,28,False
1784696292.3014927,control6,ab9d8392d9,MOSEK,linear,False,42,56,1,30,-18.531529767972216,795.9915996932336,23.098368406295776,0.000946044921875,12,False
1784696319.1131563,control6,ab9d8392d9,MOSEK,linear,False,42,57,0,60,-0.0729291576942354,794.000986527871,26.713829040527344,0.0009951591491699219,29,False
1784696319.1193366,control6,ab9d8392d9,MOSEK,linear,False,42,57,1,30,-23.47932821759432,794.000986527871,26.713829040527344,0.0,11,False
1784696339.5257757,control6,ab9d8392d9,MOSEK,linear,False,42,58,0,60,-0.06439791329282601,792.3306579182208,20.32050371170044,0.0009996891021728516,29,False
1784696339.532458,control6,ab9d8392d9,MOSEK,linear,False,42,58,1,30,-15.737202647337647,792.3306579182208,20.32050371170044,0.0010695457458496094,12,False
1784696361.3858645,control6,ab9d8392d9,MOSEK,linear,False,42,59,0,60,-0.06334531184652958,790.6573759982313,21.724236726760864,0.0010004043579101562,29,False
1784696361.391872,control6,ab9d8392d9,MOSEK,linear,False,42,59,1,30,-17.472138295870685,790.6573759982313,21.724236726760864,0.0010018348693847656,11,False
1784696383.2519035,control6,ab9d8392d9,MOSEK,linear,False,42,60,0,60,-0.06813792650085199,788.8251025833846,21.77176260948181,0.001009225845336914,28,False
1784696383.2594569,control6,ab9d8392d9,MOSEK,linear,False,42,60,1,30,-17.12540928597856,788.8251025833846,21.77176260948181,0.0010237693786621094,11,False
1784696406.6125495,control6,ab9d8392d9,MOSEK,linear,False,42,61,0,60,-0.05900448192324036,786.9028007832635,23.268890142440796,0.0,28,False
1784696406.6176994,control6,ab9d8392d9,MOSEK,linear,False,42,61,1,30,-15.423973582826765,786.9028007832635,23.268890142440796,0.0010061264038085938,11,False
1784696429.5005336,control6,ab9d8392d9,MOSEK,linear,False,42,62,0,60,-0.05933888003217304,785.1006675073456,22.793933868408203,0.0010974407196044922,30,False
1784696429.5060778,control6,ab9d8392d9,MOSEK,linear,False,42,62,1,30,-15.622824014619011,785.1006675073456,22.793933868408203,0.001032114028930664,12,False
1784696451.9276307,control6,ab9d8392d9,MOSEK,linear,False,42,63,0,60,-0.0598483431829172,783.2561638228565,22.321183919906616,0.0,29,False
1784696451.9354782,control6,ab9d8392d9,MOSEK,linear,False,42,63,1,30,-16.347701984110515,783.2561638228565,22.321183919906616,0.0010232925415039062,12,False
1784696490.4549208,control6,ab9d8392d9,MOSEK,linear,False,42,64,0,60,-0.054594367782153305,781.2706797921436,38.43525791168213,0.00099945068359375,29,False
1784696490.462198,control6,ab9d8392d9,MOSEK,linear,False,42,64,1,30,-14.752031109861637,781.2706797921436,38.43525791168213,0.0,12,False
1784696516.0182686,control6,ab9d8392d9,MOSEK,linear,False,42,65,0,60,-0.06153086072978227,779.2372198108387,25.467822790145874,0.0010001659393310547,30,False
1784696516.0231347,control6,ab9d8392d9,MOSEK,linear,False,42,65,1,30,-17.00941266431651,779.2372198108387,25.467822790145874,0.0,11,False
1784696543.5419865,control6,ab9d8392d9,MOSEK,linear,False,42,66,0,60,-0.0525302088811508,777.6284177363048,27.42480754852295,0.0010137557983398438,30,False
1784696543.5467763,control6,ab9d8392d9,MOSEK,linear,False,42,66,1,30,-15.191404431508438,777.6284177363048,27.42480754852295,0.0005049705505371094,11,False
1784696568.6130855,control6,ab9d8392d9,MOSEK,linear,False,42,67,0,60,-0.054137744119661706,776.0755875389493,24.96667981147766,0.0010077953338623047,30,False
1784696568.6209183,control6,ab9d8392d9,MOSEK,linear,False,42,67,1,30,-13.088005448273302,776.0755875389493,24.96667981147766,0.0,11,False
1784696592.3446538,control6,ab9d8392d9,MOSEK,linear,False,42,68,0,60,-0.05376522035913064,774.4095888761651,23.626166582107544,0.0010154247283935547,29,False
1784696592.349553,control6,ab9d8392d9,MOSEK,linear,False,42,68,1,30,-13.9343514554765,774.4095888761651,23.626166582107544,0.0,10,False
1784696615.9353473,control6,ab9d8392d9,MOSEK,linear,False,42,69,0,60,-0.05041138246638744,772.9123623777806,23.48885989189148,0.0010044574737548828,29,False
1784696615.9413028,control6,ab9d8392d9,MOSEK,linear,False,42,69,1,30,-11.327262569589664,772.9123623777806,23.48885989189148,0.0010080337524414062,11,False
1784696634.6417904,control6,ab9d8392d9,MOSEK,linear,False,42,70,0,60,-0.048786136641278864,771.450116493866,18.60064125061035,0.0010035037994384766,29,False
1784696634.6474981,control6,ab9d8392d9,MOSEK,linear,False,42,70,1,30,-13.281418016266104,771.450116493866,18.60064125061035,0.0,11,False
1784696658.5523522,control6,ab9d8392d9,MOSEK,linear,False,42,71,0,60,-0.04346880220280683,769.9674399410292,23.812546968460083,0.0010826587677001953,29,False
1784696658.5563555,control6,ab9d8392d9,MOSEK,linear,False,42,71,1,30,-11.02043768156657,769.9674399410292,23.812546968460083,0.0008978843688964844,12,False
1784696727.9466047,control6,ab9d8392d9,MOSEK,linear,False,42,72,0,60,-0.04765261371049518,768.2678566831967,69.29042863845825,0.0,29,False
1784696727.9513335,control6,ab9d8392d9,MOSEK,linear,False,42,72,1,30,-10.398576194060846,768.2678566831967,69.29042863845825,0.0,12,False
1784696752.5356126,control6,ab9d8392d9,MOSEK,linear,False,42,73,0,60,-0.04998233774334186,766.6959155960601,24.487563848495483,0.0,30,False
1784696752.5416074,control6,ab9d8392d9,MOSEK,linear,False,42,73,1,30,-13.812728135951463,766.6959155960601,24.487563848495483,0.0009725093841552734,11,False
1784696787.7015946,control6,ab9d8392d9,MOSEK,linear,False,42,74,0,60,-0.05452917422825397,765.1883413145106,35.052074909210205,0.0010712146759033203,30,False
1784696787.7074013,control6,ab9d8392d9,MOSEK,linear,False,42,74,1,30,-12.276263042325432,765.1883413145106,35.052074909210205,0.0,11,False
1784696813.873418,control6,ab9d8392d9,MOSEK,linear,False,42,75,0,60,-0.04743211219000225,763.4296962218999,26.058652639389038,0.0011055469512939453,29,False
1784696813.880693,control6,ab9d8392d9,MOSEK,linear,False,42,75,1,30,-11.195658891294253,763.4296962218999,26.058652639389038,0.001010894775390625,10,False
1784696843.5986137,control6,ab9d8392d9,MOSEK,linear,False,42,76,0,60,-0.04926997106344353,761.586864821528,29.60926103591919,0.0010983943939208984,29,False
1784696843.603513,control6,ab9d8392d9,MOSEK,linear,False,42,76,1,30,-12.645187659289386,761.586864821528,29.60926103591919,0.0009999275207519531,10,False
1784696871.7063031,control6,ab9d8392d9,MOSEK,linear,False,42,77,0,60,-0.045726371931786476,759.6897138351201,28.001957654953003,0.0009520053863525391,29,False
1784696871.7116938,control6,ab9d8392d9,MOSEK,linear,False,42,77,1,30,-12.841722234679175,759.6897138351201,28.001957654953003,0.0,10,False
1784696901.5818422,control6,ab9d8392d9,MOSEK,linear,False,42,78,0,60,-0.048441821340194154,757.826801509541,29.755298137664795,0.0009813308715820312,28,False
1784696901.5879016,control6,ab9d8392d9,MOSEK,linear,False,42,78,1,30,-12.076606685870846,757.826801509541,29.755298137664795,0.0009882450103759766,11,False
1784696938.769046,control6,ab9d8392d9,MOSEK,linear,False,42,79,0,60,-0.04430082893490191,756.1425835787707,37.07353448867798,0.0010669231414794922,30,False
1784696938.7753026,control6,ab9d8392d9,MOSEK,linear,False,42,79,1,30,-12.898546711339627,756.1425835787707,37.07353448867798,0.0,11,False
1784696969.3139422,control6,ab9d8392d9,MOSEK,linear,False,42,80,0,60,-0.044552265631338545,754.2854305474568,30.42606282234192,0.0,29,False
1784696969.3197677,control6,ab9d8392d9,MOSEK,linear,False,42,80,1,30,-11.171823472983972,754.2854305474568,30.42606282234192,0.0,10,False
1784696989.6174364,control6,ab9d8392d9,MOSEK,linear,False,42,81,0,60,-0.0491783982346588,752.4189245246002,20.183072805404663,0.0010006427764892578,30,False
1784696989.6229138,control6,ab9d8392d9,MOSEK,linear,False,42,81,1,30,-12.112618933273328,752.4189245246002,20.183072805404663,0.001016855239868164,11,False
1784697010.7646155,control6,ab9d8392d9,MOSEK,linear,False,42,82,0,60,-0.049807225301752765,750.3188559228006,21.028467893600464,0.0010008811950683594,28,False
1784697010.7708478,control6,ab9d8392d9,MOSEK,linear,False,42,82,1,30,-12.272616780166098,750.3188559228006,21.028467893600464,0.0,10,False
1784697041.7116504,control6,ab9d8392d9,MOSEK,linear,False,42,83,0,60,-0.046950649008044076,748.2355975371552,30.82644772529602,0.0010061264038085938,30,False
1784697041.7188005,control6,ab9d8392d9,MOSEK,linear,False,42,83,1,30,-10.767892847315137,748.2355975371552,30.82644772529602,0.0010061264038085938,11,False
1784697070.572124,control6,ab9d8392d9,MOSEK,linear,False,42,84,0,60,-0.04446289728600519,746.2163924912988,28.737646341323853,0.0,29,False
1784697070.5801353,control6,ab9d8392d9,MOSEK,linear,False,42,84,1,30,-12.083141137267845,746.2163924912988,28.737646341323853,0.001010894775390625,10,False
1784697099.4939718,control6,ab9d8392d9,MOSEK,linear,False,42,85,0,60,-0.04224497928942333,744.3249993396071,28.78900933265686,0.0010001659393310547,29,False
1784697099.4998922,control6,ab9d8392d9,MOSEK,linear,False,42,85,1,30,-10.053681629017559,744.3249993396071,28.78900933265686,0.0010533332824707031,10,False
1784697130.2057118,control6,ab9d8392d9,MOSEK,linear,False,42,86,0,60,-0.04184254354532425,742.370576956904,30.59620761871338,0.0009999275207519531,29,False
1784697130.210419,control6,ab9d8392d9,MOSEK,linear,False,42,86,1,30,-10.900265120713517,742.370576956904,30.59620761871338,0.0,11,False
1784697158.1253297,control6,ab9d8392d9,MOSEK,linear,False,42,87,0,60,-0.04408244558123418,740.7930089321235,27.787452220916748,0.001018524169921875,29,False
1784697158.1316185,control6,ab9d8392d9,MOSEK,linear,False,42,87,1,30,-10.567683277110598,740.7930089321235,27.787452220916748,0.0,11,False
1784697200.8036277,control6,ab9d8392d9,MOSEK,linear,False,42,88,0,60,-0.04476707861132638,739.2364956901987,42.54630756378174,0.0012187957763671875,28,False
1784697200.8082123,control6,ab9d8392d9,MOSEK,linear,False,42,88,1,30,-10.862636402107096,739.2364956901987,42.54630756378174,0.0009484291076660156,10,False
1784697232.8138776,control6,ab9d8392d9,MOSEK,linear,False,42,89,0,60,-0.0432906058773156,737.5151725255184,31.888487339019775,0.0009999275207519531,30,False
1784697232.818169,control6,ab9d8392d9,MOSEK,linear,False,42,89,1,30,-9.38079121636898,737.5151725255184,31.888487339019775,0.0010068416595458984,10,False
1784697255.6874428,control6,ab9d8392d9,MOSEK,linear,False,42,90,0,60,-0.04093817832032356,735.8211079857565,22.739734172821045,0.0010063648223876953,30,False
1784697255.6940846,control6,ab9d8392d9,MOSEK,linear,False,42,90,1,30,-10.371825465878626,735.8211079857565,22.739734172821045,0.0010745525360107422,10,False
1784697281.7514093,control6,ab9d8392d9,MOSEK,linear,False,42,91,0,60,-0.03976906774154206,734.21705338238,25.919375896453857,0.0009951591491699219,29,False
1784697281.7585166,control6,ab9d8392d9,MOSEK,linear,False,42,91,1,30,-10.462208689795004,734.21705338238,25.919375896453857,0.0010232925415039062,10,False
1784697314.5297816,control6,ab9d8392d9,MOSEK,linear,False,42,92,0,60,-0.04280518124133325,732.8071479203484,32.64582633972168,0.0009949207305908203,28,False
1784697314.5337844,control6,ab9d8392d9,MOSEK,linear,False,42,92,1,30,-11.365891090061067,732.8071479203484,32.64582633972168,0.0,9,False
1784697339.9354668,control6,ab9d8392d9,MOSEK,linear,False,42,93,0,60,-0.037819073150495326,731.3632017677265,25.273768663406372,0.0009987354278564453,28,False
1784697339.940341,control6,ab9d8392d9,MOSEK,linear,False,42,93,1,30,-10.30922674552226,731.3632017677265,25.273768663406372,0.0,10,False
1784697373.2353575,control6,ab9d8392d9,MOSEK,linear,False,42,94,0,60,-0.03905275753574238,729.7456495680631,33.14863157272339,0.000997781753540039,29,False
1784697373.2397504,control6,ab9d8392d9,MOSEK,linear,False,42,94,1,30,-10.330210502774177,729.7456495680631,33.14863157272339,0.0,11,False
1784697409.4552178,control6,ab9d8392d9,MOSEK,linear,False,42,95,0,60,-0.038518322197954154,728.0112911979559,36.086466789245605,0.0010082721710205078,29,False
1784697409.4622257,control6,ab9d8392d9,MOSEK,linear,False,42,95,1,30,-11.654258320204558,728.0112911979559,36.086466789245605,0.0,10,False
1784697431.6696768,control6,ab9d8392d9,MOSEK,linear,False,42,96,0,60,-0.03924300173882257,726.6003113546082,22.079322338104248,0.001870870590209961,29,False
1784697431.6756248,control6,ab9d8392d9,MOSEK,linear,False,42,96,1,30,-8.627045736952802,726.6003113546082,22.079322338104248,0.0,11,False
1784697464.1618216,control6,ab9d8392d9,MOSEK,linear,False,42,97,0,60,-0.035045617330588426,725.1818182163593,32.357115030288696,0.0009999275207519531,30,False
1784697464.168045,control6,ab9d8392d9,MOSEK,linear,False,42,97,1,30,-9.041557762224555,725.1818182163593,32.357115030288696,0.0,11,False
1784697498.7815282,control6,ab9d8392d9,MOSEK,linear,False,42,98,0,60,-0.03800716859364552,723.6421402241042,34.47634482383728,0.0011191368103027344,29,False
1784697498.788541,control6,ab9d8392d9,MOSEK,linear,False,42,98,1,30,-10.795560587679375,723.6421402241042,34.47634482383728,0.0010547637939453125,10,False
1784697533.2895598,control6,ab9d8392d9,MOSEK,linear,False,42,99,0,60,-0.03800301803472634,721.9838151380665,34.36728262901306,0.0,30,False
1784697533.2956054,control6,ab9d8392d9,MOSEK,linear,False,42,99,1,30,-10.982714012468112,721.9838151380665,34.36728262901306,0.0,10,False
1784697565.261772,control6,ab9d8392d9,MOSEK,linear,False,42,100,0,60,-0.03817557592115818,720.5839562216554,31.830687046051025,0.0,29,False
1784697565.2669206,control6,ab9d8392d9,MOSEK,linear,False,42,100,1,30,-9.896581081098669,720.5839562216554,31.830687046051025,0.0,10,False
1784697598.7018025,control6,ab9d8392d9,MOSEK,linear,False,42,101,0,60,-0.03469610250495723,719.1223322681134,33.291735887527466,0.00020766258239746094,29,False
1784697598.7068148,control6,ab9d8392d9,MOSEK,linear,False,42,101,1,30,-9.460067734285083,719.1223322681134,33.291735887527466,0.0009653568267822266,11,False
1784697623.8364334,control6,ab9d8392d9,MOSEK,linear,False,42,102,0,60,-0.03718000237433942,717.6821608648122,24.986474752426147,0.002007007598876953,29,False
1784697623.841595,control6,ab9d8392d9,MOSEK,linear,False,42,102,1,30,-10.31196274093267,717.6821608648122,24.986474752426147,0.0,11,False
1784697656.0804732,control6,ab9d8392d9,MOSEK,linear,False,42,103,0,60,-0.033858916449732775,716.0540505886543,32.093971967697144,0.0011136531829833984,30,False
1784697656.087187,control6,ab9d8392d9,MOSEK,linear,False,42,103,1,30,-8.905999455672054,716.0540505886543,32.093971967697144,0.0010089874267578125,10,False
1784697693.7339554,control6,ab9d8392d9,MOSEK,linear,False,42,104,0,60,-0.034055411697939186,714.5342054988056,37.49766302108765,0.0008919239044189453,29,False
1784697693.7399135,control6,ab9d8392d9,MOSEK,linear,False,42,104,1,30,-8.806243688531865,714.5342054988056,37.49766302108765,0.0005054473876953125,11,False
1784697731.0552294,control6,ab9d8392d9,MOSEK,linear,False,42,105,0,60,-0.03650752629529074,712.7300466084423,37.17088007926941,0.0009958744049072266,29,False
1784697731.0626366,control6,ab9d8392d9,MOSEK,linear,False,42,105,1,30,-7.256971816615795,712.7300466084423,37.17088007926941,0.001007080078125,11,False
1784697767.3340752,control6,ab9d8392d9,MOSEK,linear,False,42,106,0,60,-0.03258912043443542,710.7332821767809,36.11850047111511,0.0,28,False
1784697767.3384197,control6,ab9d8392d9,MOSEK,linear,False,42,106,1,30,-8.134219658187002,710.7332821767809,36.11850047111511,0.0010075569152832031,11,False
1784697802.797723,control6,ab9d8392d9,MOSEK,linear,False,42,107,0,60,-0.036404866516642084,708.9851127368319,35.30984401702881,0.0,29,False
1784697802.8025796,control6,ab9d8392d9,MOSEK,linear,False,42,107,1,30,-8.338537658550388,708.9851127368319,35.30984401702881,0.0,10,False
1784697827.8562946,control6,ab9d8392d9,MOSEK,linear,False,42,108,0,60,-0.03266116388938619,707.2543584552111,24.897960662841797,0.0009853839874267578,29,False
1784697827.861025,control6,ab9d8392d9,MOSEK,linear,False,42,108,1,30,-7.9196740822872815,707.2543584552111,24.897960662841797,0.0,9,False
1784697869.9624333,control6,ab9d8392d9,MOSEK,linear,False,42,109,0,60,-0.03176596210064792,705.8937143423693,41.934492111206055,0.0011327266693115234,29,False
1784697869.9693618,control6,ab9d8392d9,MOSEK,linear,False,42,109,1,30,-7.831368818159599,705.8937143423693,41.934492111206055,0.0009033679962158203,11,False
1784697912.2299747,control6,ab9d8392d9,MOSEK,linear,False,42,110,0,60,-0.032653704487611145,704.4530817259293,42.11232542991638,0.0,29,False
1784697912.234501,control6,ab9d8392d9,MOSEK,linear,False,42,110,1,30,-7.8561507812045175,704.4530817259293,42.11232542991638,0.0,11,False
1784697944.021708,control6,ab9d8392d9,MOSEK,linear,False,42,111,0,60,-0.033720552817051955,703.1698449098654,31.63573694229126,0.0010046958923339844,29,False
1784697944.027005,control6,ab9d8392d9,MOSEK,linear,False,42,111,1,30,-8.92145374780019,703.1698449098654,31.63573694229126,0.0,10,False
1784697976.0448778,control6,ab9d8392d9,MOSEK,linear,False,42,112,0,60,-0.029208568440519757,701.948629965334,31.84852433204651,0.0,29,False
1784697976.0504155,control6,ab9d8392d9,MOSEK,linear,False,42,112,1,30,-8.786568704991543,701.948629965334,31.84852433204651,0.0,10,False
1784698010.4869225,control6,ab9d8392d9,MOSEK,linear,False,42,113,0,60,-0.03171061521960882,700.8190320691963,34.281384229660034,0.0,30,False
1784698010.4914494,control6,ab9d8392d9,MOSEK,linear,False,42,113,1,30,-8.560080324484762,700.8190320691963,34.281384229660034,0.0008349418640136719,10,False
1784698060.214301,control6,ab9d8392d9,MOSEK,linear,False,42,114,0,60,-0.033687514123885515,699.4787950106305,49.5578191280365,0.0010001659393310547,29,False
1784698060.2196693,control6,ab9d8392d9,MOSEK,linear,False,42,114,1,30,-6.757090984848479,699.4787950106305,49.5578191280365,0.0,10,False
1784698094.5437763,control6,ab9d8392d9,MOSEK,linear,False,42,115,0,60,-0.03303594309005104,698.0325123220409,34.15145397186279,0.0009999275207519531,29,False
1784698094.6132739,control6,ab9d8392d9,MOSEK,linear,False,42,115,1,30,-7.612847079897902,698.0325123220409,34.15145397186279,0.0005745887756347656,11,False
1784698134.0427387,control6,ab9d8392d9,MOSEK,linear,False,42,116,0,60,-0.02948156088867528,696.7751776970124,39.28331899642944,0.0010051727294921875,30,False
1784698134.0498633,control6,ab9d8392d9,MOSEK,linear,False,42,116,1,30,-6.760097354423675,696.7751776970124,39.28331899642944,0.0010292530059814453,10,False
1784698172.8004448,control6,ab9d8392d9,MOSEK,linear,False,42,117,0,60,-0.03197520533374586,695.594650624814,38.56703281402588,0.0009992122650146484,29,False
1784698172.8055582,control6,ab9d8392d9,MOSEK,linear,False,42,117,1,30,-8.735646818753434,695.594650624814,38.56703281402588,0.0,10,False
1784698202.3632896,control6,ab9d8392d9,MOSEK,linear,False,42,118,0,60,-0.030525423871300025,694.2978050409747,29.407537698745728,0.0009982585906982422,29,False
1784698202.3685937,control6,ab9d8392d9,MOSEK,linear,False,42,118,1,30,-7.136352684790605,694.2978050409747,29.407537698745728,0.0,11,False
1784698242.3543327,control6,ab9d8392d9,MOSEK,linear,False,42,119,0,60,-0.026861118206806086,693.0290989816478,39.82206726074219,0.0010001659393310547,28,False
1784698242.360585,control6,ab9d8392d9,MOSEK,linear,False,42,119,1,30,-6.007689565963898,693.0290989816478,39.82206726074219,0.0009315013885498047,10,False
1784698276.0674043,control6,ab9d8392d9,MOSEK,linear,False,42,120,0,60,-0.029621168383627695,691.9808331523657,33.54008388519287,0.0008900165557861328,30,False
1784698276.0726292,control6,ab9d8392d9,MOSEK,linear,False,42,120,1,30,-7.680832191395326,691.9808331523657,33.54008388519287,0.0009887218475341797,11,False
1784698310.4614546,control6,ab9d8392d9,MOSEK,linear,False,42,121,0,60,-0.027770729639931307,690.912310952436,34.22947454452515,0.0011053085327148438,29,False
1784698310.467863,control6,ab9d8392d9,MOSEK,linear,False,42,121,1,30,-6.43300816580076,690.912310952436,34.22947454452515,0.0005927085876464844,11,False
1784698352.6430943,control6,ab9d8392d9,MOSEK,linear,False,42,122,0,60,-0.02991500258212254,689.8254189541276,41.980584144592285,0.000995635986328125,30,False
1784698352.6501865,control6,ab9d8392d9,MOSEK,linear,False,42,122,1,30,-6.3775581558970895,689.8254189541276,41.980584144592285,0.0,11,False
1784698390.8588846,control6,ab9d8392d9,MOSEK,linear,False,42,123,0,60,-0.030360051162916714,688.5690010065844,38.04367661476135,0.0,29,False
1784698390.8642802,control6,ab9d8392d9,MOSEK,linear,False,42,123,1,30,-7.8047162800474394,688.5690010065844,38.04367661476135,0.0010302066802978516,10,False
1784698431.0539064,control6,ab9d8392d9,MOSEK,linear,False,42,124,0,60,-0.027572380983253677,687.2486532649827,40.020323753356934,0.0010073184967041016,30,False
1784698431.0616841,control6,ab9d8392d9,MOSEK,linear,False,42,124,1,30,-6.763896330410868,687.2486532649827,40.020323753356934,0.0009982585906982422,11,False
1784698476.567589,control6,ab9d8392d9,MOSEK,linear,False,42,125,0,60,-0.029541917426349214,685.8268023236394,45.33271789550781,0.0010023117065429688,28,False
1784698476.5724702,control6,ab9d8392d9,MOSEK,linear,False,42,125,1,30,-7.1147372519064,685.8268023236394,45.33271789550781,0.0,11,False
1784698518.620386,control6,ab9d8392d9,MOSEK,linear,False,42,126,0,60,-0.030181860638253646,684.5135505416386,41.87832999229431,0.0010983943939208984,28,False
1784698518.6254148,control6,ab9d8392d9,MOSEK,linear,False,42,126,1,30,-7.491358961250011,684.5135505416386,41.87832999229431,0.0,10,False
1784698560.351344,control6,ab9d8392d9,MOSEK,linear,False,42,127,0,60,-0.026890255320000733,683.0828385553718,41.55542969703674,0.001001119613647461,29,False
1784698560.3583446,control6,ab9d8392d9,MOSEK,linear,False,42,127,1,30,-6.011053663224919,683.0828385553718,41.55542969703674,0.0009522438049316406,11,False
1784698596.4515576,control6,ab9d8392d9,MOSEK,linear,False,42,128,0,60,-0.02848172177972031,681.677862838096,35.911397218704224,0.00110626220703125,28,False
1784698596.4574678,control6,ab9d8392d9,MOSEK,linear,False,42,128,1,30,-8.206656560872517,681.677862838096,35.911397218704224,0.0,11,False
1784698640.8731775,control6,ab9d8392d9,MOSEK,linear,False,42,129,0,60,-0.02928359583091146,680.2773672960178,44.23867964744568,0.0009987354278564453,28,False
1784698640.8781898,control6,ab9d8392d9,MOSEK,linear,False,42,129,1,30,-6.547413480349498,680.2773672960178,44.23867964744568,0.0,11,False
1784698677.0810373,control6,ab9d8392d9,MOSEK,linear,False,42,130,0,60,-0.02725697593955448,679.121903957127,36.02980947494507,0.001001596450805664,29,False
1784698677.0858774,control6,ab9d8392d9,MOSEK,linear,False,42,130,1,30,-5.6178350873033756,679.121903957127,36.02980947494507,0.001550912857055664,10,False
1784698720.608319,control6,ab9d8392d9,MOSEK,linear,False,42,131,0,60,-0.026869813550172605,677.8055037174402,43.35028624534607,0.0,29,False
1784698720.6135156,control6,ab9d8392d9,MOSEK,linear,False,42,131,1,30,-6.704278806140507,677.8055037174402,43.35028624534607,0.0005054473876953125,11,False
1784698766.969074,control6,ab9d8392d9,MOSEK,linear,False,42,132,0,60,-0.028993836144770243,676.4669881499434,46.176249265670776,0.0010304450988769531,28,False
1784698766.9747615,control6,ab9d8392d9,MOSEK,linear,False,42,132,1,30,-6.481699512160739,676.4669881499434,46.176249265670776,0.0,10,False
1784698797.0848105,control6,ab9d8392d9,MOSEK,linear,False,42,133,0,60,-0.029765713376364536,675.0601282950661,29.931798458099365,0.0,28,False
1784698797.0907993,control6,ab9d8392d9,MOSEK,linear,False,42,133,1,30,-6.247666448348189,675.0601282950661,29.931798458099365,0.0009701251983642578,11,False
1784698833.9907794,control6,ab9d8392d9,MOSEK,linear,False,42,134,0,60,-0.030423611121037284,673.7470987794582,36.70956468582153,0.001027822494506836,29,False
1784698833.996146,control6,ab9d8392d9,MOSEK,linear,False,42,134,1,30,-6.408386816822206,673.7470987794582,36.70956468582153,0.0,11,False
1784698872.6030524,control6,ab9d8392d9,MOSEK,linear,False,42,135,0,60,-0.025647318816339134,672.6262926727136,38.41610383987427,0.001607656478881836,28,False
1784698872.6071048,control6,ab9d8392d9,MOSEK,linear,False,42,135,1,30,-6.563202907190864,672.6262926727136,38.41610383987427,0.0,10,False
1784698915.8761752,control6,ab9d8392d9,MOSEK,linear,False,42,136,0,60,-0.02925051746767457,671.3358669966376,43.07749128341675,0.0,28,False
1784698915.8813922,control6,ab9d8392d9,MOSEK,linear,False,42,136,1,30,-6.446318454409209,671.3358669966376,43.07749128341675,0.0010235309600830078,11,False
1784698947.3592348,control6,ab9d8392d9,MOSEK,linear,False,42,137,0,60,-0.0292436860477032,670.1908803152629,31.268937587738037,0.0010008811950683594,28,False
1784698947.3654137,control6,ab9d8392d9,MOSEK,linear,False,42,137,1,30,-5.625976825292809,670.1908803152629,31.268937587738037,0.0,11,False
1784698992.3371644,control6,ab9d8392d9,MOSEK,linear,False,42,138,0,60,-0.028417556305722607,669.0899575364874,44.77541494369507,0.0010199546813964844,30,False
1784698992.34341,control6,ab9d8392d9,MOSEK,linear,False,42,138,1,30,-8.382932711938931,669.0899575364874,44.77541494369507,0.001009225845336914,9,False
1784699036.1786995,control6,ab9d8392d9,MOSEK,linear,False,42,139,0,60,-0.027625280726307,667.9079922345777,43.65882754325867,0.0010309219360351562,28,False
1784699036.18401,control6,ab9d8392d9,MOSEK,linear,False,42,139,1,30,-7.788205502886557,667.9079922345777,43.65882754325867,0.0,12,False
1784699076.897316,control6,ab9d8392d9,MOSEK,linear,False,42,140,0,60,-0.025767270295649788,666.7691016483133,40.51521110534668,0.0009992122650146484,29,False
1784699076.9043128,control6,ab9d8392d9,MOSEK,linear,False,42,140,1,30,-6.464313932647421,666.7691016483133,40.51521110534668,0.0009219646453857422,11,False
1784699108.1690476,control6,ab9d8392d9,MOSEK,linear,False,42,141,0,60,-0.025393354838079637,665.6184544190673,31.074618339538574,0.000949859619140625,29,False
1784699108.171874,control6,ab9d8392d9,MOSEK,linear,False,42,141,1,30,-5.643852552904742,665.6184544190673,31.074618339538574,0.0,10,False
1784699158.0070045,control6,ab9d8392d9,MOSEK,linear,False,42,142,0,60,-0.026760343246553343,664.6301633873678,49.63586401939392,0.0011141300201416016,29,False
1784699158.0131288,control6,ab9d8392d9,MOSEK,linear,False,42,142,1,30,-6.3385090652973295,664.6301633873678,49.63586401939392,0.0,11,False
1784699200.4739103,control6,ab9d8392d9,MOSEK,linear,False,42,143,0,60,-0.025008409982649263,663.6222950703616,42.2454993724823,0.0010001659393310547,29,False
1784699200.479411,control6,ab9d8392d9,MOSEK,linear,False,42,143,1,30,-6.004459057574541,663.6222950703616,42.2454993724823,0.0,10,False
1784699257.966887,control6,ab9d8392d9,MOSEK,linear,False,42,144,0,60,-0.02630187016245663,662.6395975587857,57.2592408657074,0.0,28,False
1784699257.9712648,control6,ab9d8392d9,MOSEK,linear,False,42,144,1,30,-6.371989730178173,662.6395975587857,57.2592408657074,0.0,11,False
1784699293.973673,control6,ab9d8392d9,MOSEK,linear,False,42,145,0,60,-0.02322043193735192,661.5835369024371,35.773550510406494,0.0009899139404296875,28,False
1784699293.9802094,control6,ab9d8392d9,MOSEK,linear,False,42,145,1,30,-6.883661962377281,661.5835369024371,35.773550510406494,0.0,11,False
1784699337.4959743,control6,ab9d8392d9,MOSEK,linear,False,42,146,0,60,-0.02411061496857015,660.3543440111073,43.30011773109436,0.0009634494781494141,28,False
1784699337.502709,control6,ab9d8392d9,MOSEK,linear,False,42,146,1,30,-6.619757832096877,660.3543440111073,43.30011773109436,0.000957489013671875,11,False
1784699378.759674,control6,ab9d8392d9,MOSEK,linear,False,42,147,0,60,-0.026926599773106276,659.0664965681013,41.017494916915894,0.0,29,False
1784699378.7670202,control6,ab9d8392d9,MOSEK,linear,False,42,147,1,30,-5.610035367014016,659.0664965681013,41.017494916915894,0.0,11,False
1784699431.7424595,control6,ab9d8392d9,MOSEK,linear,False,42,148,0,60,-0.025795132899764334,657.9474247132148,52.720335721969604,0.0,27,False
1784699431.7499058,control6,ab9d8392d9,MOSEK,linear,False,42,148,1,30,-4.9906493028221695,657.9474247132148,52.720335721969604,0.0010099411010742188,10,False
1784699476.918955,control6,ab9d8392d9,MOSEK,linear,False,42,149,0,60,-0.027782125891940457,657.0127621455447,44.95476269721985,0.0007328987121582031,29,False
1784699476.9249249,control6,ab9d8392d9,MOSEK,linear,False,42,149,1,30,-6.623555913667233,657.0127621455447,44.95476269721985,0.0,11,False
1784699526.6569242,control6,ab9d8392d9,MOSEK,linear,False,42,150,0,60,-0.026484211395479577,655.9939303507887,49.517369985580444,0.0009915828704833984,29,False
1784699526.6636903,control6,ab9d8392d9,MOSEK,linear,False,42,150,1,30,-6.807368734291761,655.9939303507887,49.517369985580444,0.001012563705444336,10,False
1784699568.9133785,control6,ab9d8392d9,MOSEK,linear,False,42,151,0,60,-0.025357932257070573,654.9610612811778,42.0292706489563,0.0009958744049072266,29,False
1784699568.919619,control6,ab9d8392d9,MOSEK,linear,False,42,151,1,30,-6.890926583443883,654.9610612811778,42.0292706489563,0.0010089874267578125,12,False
1784699624.8734176,control6,ab9d8392d9,MOSEK,linear,False,42,152,0,60,-0.025954327853809026,653.8161637363414,55.743587017059326,0.0,29,False
1784699624.8805094,control6,ab9d8392d9,MOSEK,linear,False,42,152,1,30,-5.148549545422681,653.8161637363414,55.743587017059326,0.0,10,False
1784699662.9251466,control6,ab9d8392d9,MOSEK,linear,False,42,153,0,60,-0.02456097082654264,652.9051665436357,37.81189775466919,0.0010046958923339844,28,False
1784699662.931121,control6,ab9d8392d9,MOSEK,linear,False,42,153,1,30,-5.460034095746189,652.9051665436357,37.81189775466919,0.0,10,False
1784699708.2320998,control6,ab9d8392d9,MOSEK,linear,False,42,154,0,60,-0.02467888730177781,651.7198692316837,45.104093074798584,0.00090789794921875,28,False
1784699708.239171,control6,ab9d8392d9,MOSEK,linear,False,42,154,1,30,-7.127077297474001,651.7198692316837,45.104093074798584,0.0,11,False
1784699754.4374735,control6,ab9d8392d9,MOSEK,linear,False,42,155,0,60,-0.026097096393759678,650.5227203764618,45.993147134780884,0.0,29,False
1784699754.443546,control6,ab9d8392d9,MOSEK,linear,False,42,155,1,30,-6.840329278788912,650.5227203764618,45.993147134780884,0.0,11,False
1784699808.2153494,control6,ab9d8392d9,MOSEK,linear,False,42,156,0,60,-0.023188568414917957,649.5323711529461,53.549586057662964,0.0009844303131103516,27,False
1784699808.220215,control6,ab9d8392d9,MOSEK,linear,False,42,156,1,30,-4.904566381619977,649.5323711529461,53.549586057662964,0.0,10,False
1784699866.8199968,control6,ab9d8392d9,MOSEK,linear,False,42,157,0,60,-0.023710634302537097,648.6890480547484,58.394288301467896,0.0009791851043701172,29,False
1784699866.8265555,control6,ab9d8392d9,MOSEK,linear,False,42,157,1,30,-5.760270340630002,648.6890480547484,58.394288301467896,0.0,11,False
1784699915.4114776,control6,ab9d8392d9,MOSEK,linear,False,42,158,0,60,-0.027689495557397744,647.7530218560803,48.33196711540222,0.0009996891021728516,28,False
1784699915.4190233,control6,ab9d8392d9,MOSEK,linear,False,42,158,1,30,-5.552469327271039,647.7530218560803,48.33196711540222,0.0,10,False
1784699960.3836143,control6,ab9d8392d9,MOSEK,linear,False,42,159,0,60,-0.023750996272284244,646.8409979765588,44.704744815826416,0.000993967056274414,29,False
1784699960.3886242,control6,ab9d8392d9,MOSEK,linear,False,42,159,1,30,-5.094551403332819,646.8409979765588,44.704744815826416,0.0,12,False
1784700011.3032732,control6,ab9d8392d9,MOSEK,linear,False,42,160,0,60,-0.0233168316304643,646.0206001144876,50.6729896068573,0.0010154247283935547,29,False
1784700011.311723,control6,ab9d8392d9,MOSEK,linear,False,42,160,1,30,-5.192903636252903,646.0206001144876,50.6729896068573,0.0,11,False
1784700050.5418875,control6,ab9d8392d9,MOSEK,linear,False,42,161,0,60,-0.024568880503840908,645.155069075568,38.996251583099365,0.0011053085327148438,28,False
1784700050.5469947,control6,ab9d8392d9,MOSEK,linear,False,42,161,1,30,-6.391440321876233,645.155069075568,38.996251583099365,0.0,10,False
1784700098.459321,control6,ab9d8392d9,MOSEK,linear,False,42,162,0,60,-0.024586784155650302,644.4308546624868,47.64918518066406,0.0008883476257324219,28,False
1784700098.465882,control6,ab9d8392d9,MOSEK,linear,False,42,162,1,30,-4.701149026658368,644.4308546624868,47.64918518066406,0.0010080337524414062,10,False
1784700146.3273277,control6,ab9d8392d9,MOSEK,linear,False,42,163,0,60,-0.024950138635080076,643.6096455213914,47.5848662853241,0.0,28,False
1784700146.333351,control6,ab9d8392d9,MOSEK,linear,False,42,163,1,30,-5.550202384986135,643.6096455213914,47.5848662853241,0.0008549690246582031,11,False
1784700187.8713725,control6,ab9d8392d9,MOSEK,linear,False,42,164,0,60,-0.024537658116477942,642.7459126333545,41.284809589385986,0.0011088848114013672,29,False
1784700187.8771267,control6,ab9d8392d9,MOSEK,linear,False,42,164,1,30,-6.19919464019882,642.7459126333545,41.284809589385986,0.0010342597961425781,11,False
1784700228.955777,control6,ab9d8392d9,MOSEK,linear,False,42,165,0,60,-0.023539696685926585,641.8979208940652,40.86340093612671,0.0,29,False
1784700228.9603624,control6,ab9d8392d9,MOSEK,linear,False,42,165,1,30,-6.700871101815924,641.8979208940652,40.86340093612671,0.0,9,False
1784700283.0361834,control6,ab9d8392d9,MOSEK,linear,False,42,166,0,60,-0.024024227455911797,640.9392153016379,53.837011098861694,0.0009791851043701172,27,False
1784700283.0410898,control6,ab9d8392d9,MOSEK,linear,False,42,166,1,30,-4.909376991988761,640.9392153016379,53.837011098861694,0.0,10,False
1784700328.7417839,control6,ab9d8392d9,MOSEK,linear,False,42,167,0,60,-0.022131008157927637,639.9465991424177,45.422646045684814,0.0010051727294921875,29,False
1784700328.747961,control6,ab9d8392d9,MOSEK,linear,False,42,167,1,30,-5.115349291817454,639.9465991424177,45.422646045684814,0.0,11,False
1784700374.6885436,control6,ab9d8392d9,MOSEK,linear,False,42,168,0,60,-0.023578662210959712,638.8516098561116,45.651495695114136,0.0010001659393310547,29,False
1784700374.693777,control6,ab9d8392d9,MOSEK,linear,False,42,168,1,30,-5.464891386196046,638.8516098561116,45.651495695114136,0.0,11,False
1784700424.6125627,control6,ab9d8392d9,MOSEK,linear,False,42,169,0,60,-0.023765283337346448,637.7398015668168,49.62174940109253,0.001001596450805664,29,False
1784700424.6176696,control6,ab9d8392d9,MOSEK,linear,False,42,169,1,30,-4.52626449949099,637.7398015668168,49.62174940109253,0.0,10,False
1784700466.251086,control6,ab9d8392d9,MOSEK,linear,False,42,170,0,60,-0.020086391345613047,636.7237236708105,41.38128352165222,0.0009961128234863281,28,False
1784700466.2550852,control6,ab9d8392d9,MOSEK,linear,False,42,170,1,30,-5.479736414057914,636.7237236708105,41.38128352165222,0.00098419189453125,10,False
1784700518.1512375,control6,ab9d8392d9,MOSEK,linear,False,42,171,0,60,-0.021863298800777912,635.7638912456689,51.6340229511261,0.0010001659393310547,28,False
1784700518.1553023,control6,ab9d8392d9,MOSEK,linear,False,42,171,1,30,-5.185378245972053,635.7638912456689,51.6340229511261,0.0010170936584472656,10,False
1784700566.0663927,control6,ab9d8392d9,MOSEK,linear,False,42,172,0,60,-0.022802655501657408,634.6420434284415,47.644763469696045,0.000988006591796875,28,False
1784700566.072001,control6,ab9d8392d9,MOSEK,linear,False,42,172,1,30,-5.261452182617895,634.6420434284415,47.644763469696045,0.0,11,False
1784700611.181712,control6,ab9d8392d9,MOSEK,linear,False,42,173,0,60,-0.021465702378802857,633.5985719958517,44.84911918640137,0.0010001659393310547,29,False
1784700611.1885095,control6,ab9d8392d9,MOSEK,linear,False,42,173,1,30,-4.569692706958,633.5985719958517,44.84911918640137,0.0,11,False
1784700660.4406805,control6,ab9d8392d9,MOSEK,linear,False,42,174,0,60,-0.02235486667638776,632.8198069410793,48.975727796554565,0.0010704994201660156,28,False
1784700660.4456375,control6,ab9d8392d9,MOSEK,linear,False,42,174,1,30,-5.2048958044754405,632.8198069410793,48.975727796554565,0.0,10,False
1784700714.8396804,control6,ab9d8392d9,MOSEK,linear,False,42,175,0,60,-0.023334964605352296,631.9045381117327,54.11334681510925,0.0010058879852294922,27,False
1784700714.8463566,control6,ab9d8392d9,MOSEK,linear,False,42,175,1,30,-6.4960096387989505,631.9045381117327,54.11334681510925,0.0,11,False
1784700766.1893919,control6,ab9d8392d9,MOSEK,linear,False,42,176,0,60,-0.02260046228512386,631.1586256345533,51.07003593444824,0.0010006427764892578,29,False
1784700766.196136,control6,ab9d8392d9,MOSEK,linear,False,42,176,1,30,-4.995874732435038,631.1586256345533,51.07003593444824,0.0011227130889892578,10,False
1784700813.8130717,control6,ab9d8392d9,MOSEK,linear,False,42,177,0,60,-0.021565283311637474,630.2794595666401,47.29930233955383,0.0010008811950683594,28,False
1784700813.8188467,control6,ab9d8392d9,MOSEK,linear,False,42,177,1,30,-4.540066850816745,630.2794595666401,47.29930233955383,0.0,10,False
1784700878.8006077,control6,ab9d8392d9,MOSEK,linear,False,42,178,0,60,-0.020526315717221827,629.532751245835,64.68526911735535,0.0010006427764892578,29,False
1784700878.8056803,control6,ab9d8392d9,MOSEK,linear,False,42,178,1,30,-4.008161758721332,629.532751245835,64.68526911735535,0.0,11,False
1784700931.606626,control6,ab9d8392d9,MOSEK,linear,False,42,179,0,60,-0.02197423222349333,628.8126356134051,52.47767782211304,0.0,29,False
1784700931.6132784,control6,ab9d8392d9,MOSEK,linear,False,42,179,1,30,-4.632220652935965,628.8126356134051,52.47767782211304,0.0,11,False
1784700982.5984237,control6,ab9d8392d9,MOSEK,linear,False,42,180,0,60,-0.020626856502014776,628.0723937384398,50.635416984558105,0.0,28,False
1784700982.605422,control6,ab9d8392d9,MOSEK,linear,False,42,180,1,30,-4.391401310311742,628.0723937384398,50.635416984558105,0.0,11,False
1784701039.4882245,control6,ab9d8392d9,MOSEK,linear,False,42,181,0,60,-0.02050424454074935,627.367949194836,56.53943920135498,0.0009989738464355469,28,False
1784701039.495137,control6,ab9d8392d9,MOSEK,linear,False,42,181,1,30,-4.5321733549705625,627.367949194836,56.53943920135498,0.0011990070343017578,10,False
1784701087.3532467,control6,ab9d8392d9,MOSEK,linear,False,42,182,0,60,-0.022127927742088504,626.6100213346404,47.56237173080444,0.0011072158813476562,29,False
1784701087.3594499,control6,ab9d8392d9,MOSEK,linear,False,42,182,1,30,-4.209687501221941,626.6100213346404,47.56237173080444,0.001009225845336914,11,False
1784701153.8794112,control6,ab9d8392d9,MOSEK,linear,False,42,183,0,60,-0.022032572771194327,625.9227523914661,66.20767736434937,0.00189208984375,29,False
1784701153.8844354,control6,ab9d8392d9,MOSEK,linear,False,42,183,1,30,-4.936535446935258,625.9227523914661,66.20767736434937,0.0,11,False
1784701205.7024832,control6,ab9d8392d9,MOSEK,linear,False,42,184,0,60,-0.022019019108125884,625.1430100653361,51.52991795539856,0.0011246204376220703,29,False
1784701205.7069623,control6,ab9d8392d9,MOSEK,linear,False,42,184,1,30,-4.513312588747485,625.1430100653361,51.52991795539856,0.0,11,False
1784701255.8339002,control6,ab9d8392d9,MOSEK,linear,False,42,185,0,60,-0.02118187871133985,624.3222998547267,49.83112812042236,0.001180410385131836,28,False
1784701255.8409076,control6,ab9d8392d9,MOSEK,linear,False,42,185,1,30,-4.489214197617127,624.3222998547267,49.83112812042236,0.0,10,False
1784701306.8651574,control6,ab9d8392d9,MOSEK,linear,False,42,186,0,60,-0.02289622014713953,623.5258623799768,50.74899506568909,0.0010008811950683594,29,False
1784701306.8711104,control6,ab9d8392d9,MOSEK,linear,False,42,186,1,30,-4.029345355708334,623.5258623799768,50.74899506568909,0.0,11,False
1784701367.5672345,control6,ab9d8392d9,MOSEK,linear,False,42,187,0,60,-0.022486574086188378,622.5251707227014,60.38776421546936,0.0010001659393310547,28,False
1784701367.5736036,control6,ab9d8392d9,MOSEK,linear,False,42,187,1,30,-5.563303092618709,622.5251707227014,60.38776421546936,0.0,11,False
1784701422.883621,control6,ab9d8392d9,MOSEK,linear,False,42,188,0,60,-0.020827076957870064,621.5340111816959,54.999600887298584,0.0,29,False
1784701422.8896208,control6,ab9d8392d9,MOSEK,linear,False,42,188,1,30,-4.747967273847669,621.5340111816959,54.999600887298584,0.0,10,False
1784701481.8934653,control6,ab9d8392d9,MOSEK,linear,False,42,189,0,60,-0.021442638827925208,620.732213865059,58.629372358322144,0.0011363029479980469,27,False
1784701481.9013636,control6,ab9d8392d9,MOSEK,linear,False,42,189,1,30,-4.780068812137987,620.732213865059,58.629372358322144,0.0,11,False
1784701556.6962905,control6,ab9d8392d9,MOSEK,linear,False,42,190,0,60,-0.02312198474172627,619.9326651858937,74.42662763595581,0.0,30,False
1784701556.7013662,control6,ab9d8392d9,MOSEK,linear,False,42,190,1,30,-4.158120493243656,619.9326651858937,74.42662763595581,0.0009999275207519531,10,False
1784701623.9031556,control6,ab9d8392d9,MOSEK,linear,False,42,191,0,60,-0.021126848624237676,619.1216361229422,66.80896544456482,0.001050710678100586,30,False
1784701623.910039,control6,ab9d8392d9,MOSEK,linear,False,42,191,1,30,-5.679074861864727,619.1216361229422,66.80896544456482,0.0010139942169189453,11,False
1784701684.2190976,control6,ab9d8392d9,MOSEK,linear,False,42,192,0,60,-0.0189536873391581,618.2912767003136,59.88706111907959,0.0,27,False
1784701684.2251987,control6,ab9d8392d9,MOSEK,linear,False,42,192,1,30,-4.648440790530456,618.2912767003136,59.88706111907959,0.0,10,False
1784701735.7309694,control6,ab9d8392d9,MOSEK,linear,False,42,193,0,60,-0.01994451199946427,617.4758805313757,51.13195323944092,0.0010039806365966797,28,False
1784701735.737221,control6,ab9d8392d9,MOSEK,linear,False,42,193,1,30,-4.1959948105525235,617.4758805313757,51.13195323944092,0.0,10,False
1784701800.9933171,control6,ab9d8392d9,MOSEK,linear,False,42,194,0,60,-0.018474291595265854,616.7920675526061,64.88305115699768,0.0010023117065429688,28,False
1784701801.000469,control6,ab9d8392d9,MOSEK,linear,False,42,194,1,30,-4.768571280394866,616.7920675526061,64.88305115699768,0.0009860992431640625,10,False
1784701862.8356738,control6,ab9d8392d9,MOSEK,linear,False,42,195,0,60,-0.01941195199133008,616.1465432674697,61.47275519371033,0.0010001659393310547,28,False
1784701862.8433197,control6,ab9d8392d9,MOSEK,linear,False,42,195,1,30,-4.424797282643323,616.1465432674697,61.47275519371033,0.001007080078125,11,False
1784701936.96453,control6,ab9d8392d9,MOSEK,linear,False,42,196,0,60,-0.020163317140114653,615.4766121307055,73.7270667552948,0.0009999275207519531,28,False
1784701936.9710445,control6,ab9d8392d9,MOSEK,linear,False,42,196,1,30,-4.346526522704719,615.4766121307055,73.7270667552948,0.0010075569152832031,10,False
1784702002.54375,control6,ab9d8392d9,MOSEK,linear,False,42,197,0,60,-0.019968624885688676,614.835637605189,65.16096067428589,0.0009999275207519531,28,False
1784702002.5567706,control6,ab9d8392d9,MOSEK,linear,False,42,197,1,30,-3.8731663743709928,614.835637605189,65.16096067428589,0.0010120868682861328,11,False
1784702082.5208852,control6,ab9d8392d9,MOSEK,linear,False,42,198,0,60,-0.019527452257592875,614.3258496209191,79.59043598175049,0.0010020732879638672,28,False
1784702082.525901,control6,ab9d8392d9,MOSEK,linear,False,42,198,1,30,-3.639067939985217,614.3258496209191,79.59043598175049,0.0,10,False
1784702153.9541173,control6,ab9d8392d9,MOSEK,linear,False,42,199,0,60,-0.02066829763925313,613.7567950027527,71.02852463722229,0.0009775161743164062,28,False
1784702153.9606273,control6,ab9d8392d9,MOSEK,linear,False,42,199,1,30,-4.972565595317644,613.7567950027527,71.02852463722229,0.0,11,False
1784702228.5621107,control6,ab9d8392d9,MOSEK,linear,False,42,200,0,60,-0.01922187034390258,613.2874601008596,74.19638657569885,0.001428842544555664,28,False
1784702228.5662131,control6,ab9d8392d9,MOSEK,linear,False,42,200,1,30,-4.291776877178008,613.2874601008596,74.19638657569885,0.0009503364562988281,11,False
1784702302.264357,control6,ab9d8392d9,MOSEK,linear,False,42,201,0,60,-0.020638573127083875,612.7072289828131,73.30236673355103,0.0016303062438964844,28,False
1784702302.2719738,control6,ab9d8392d9,MOSEK,linear,False,42,201,1,30,-3.5428718545722417,612.7072289828131,73.30236673355103,0.0010101795196533203,9,False
1784702378.0260093,control6,ab9d8392d9,MOSEK,linear,False,42,202,0,60,-0.018784707853731375,612.0919689050239,75.33564853668213,0.0011284351348876953,28,False
1784702378.03402,control6,ab9d8392d9,MOSEK,linear,False,42,202,1,30,-3.73631283563007,612.0919689050239,75.33564853668213,0.0,11,False
1784702473.9791176,control6,ab9d8392d9,MOSEK,linear,False,42,203,0,60,-0.020102375142366794,611.5255631238165,95.47437286376953,0.0009925365447998047,28,False
1784702473.9850955,control6,ab9d8392d9,MOSEK,linear,False,42,203,1,30,-3.98680041556973,611.5255631238165,95.47437286376953,0.0009918212890625,11,False
1784702573.696905,control6,ab9d8392d9,MOSEK,linear,False,42,204,0,60,-0.020503144840982895,610.7286187654664,99.0498378276825,0.002000093460083008,29,False
1784702573.7059064,control6,ab9d8392d9,MOSEK,linear,False,42,204,1,30,-3.968276300558031,610.7286187654664,99.0498378276825,0.0,10,False
1784702700.8094935,control6,ab9d8392d9,MOSEK,linear,False,42,205,0,60,-0.020193750227420162,610.0500499286632,126.3557436466217,0.0009996891021728516,28,False
1784702700.8181827,control6,ab9d8392d9,MOSEK,linear,False,42,205,1,30,-4.923694664824881,610.0500499286632,126.3557436466217,0.0010001659393310547,10,False
1784702796.4116545,control6,ab9d8392d9,MOSEK,linear,False,42,206,0,60,-0.02005067992976319,609.2897598178953,94.59523367881775,0.0021758079528808594,28,False
1784702796.4449165,control6,ab9d8392d9,MOSEK,linear,False,42,206,1,30,-4.116091609257725,609.2897598178953,94.59523367881775,0.0008382797241210938,11,False
1784702961.0565212,control6,ab9d8392d9,MOSEK,linear,False,42,207,0,60,-0.02081827597663937,608.501922816371,164.22049570083618,0.0011138916015625,28,False
1784702961.0620384,control6,ab9d8392d9,MOSEK,linear,False,42,207,1,30,-3.9934371684077496,608.501922816371,164.22049570083618,0.0,10,False
1784703011.4730022,control6,ab9d8392d9,MOSEK,linear,False,42,208,0,60,-0.018621857171564258,607.8082797399527,50.067858934402466,0.001001119613647461,28,False
1784703011.4796307,control6,ab9d8392d9,MOSEK,linear,False,42,208,1,30,-4.09784947246815,607.8082797399527,50.067858934402466,0.0010082721710205078,11,False
1784703074.6524017,control6,ab9d8392d9,MOSEK,linear,False,42,209,0,60,-0.018075233557282286,607.1476317692748,62.79852032661438,0.0,28,False
1784703074.6583965,control6,ab9d8392d9,MOSEK,linear,False,42,209,1,30,-3.73723014144375,607.1476317692748,62.79852032661438,0.0,11,False
1784703127.5329194,control6,ab9d8392d9,MOSEK,linear,False,42,210,0,60,-0.019179298616884465,606.4137628006079,52.525994539260864,0.0009992122650146484,28,False
1784703127.5390108,control6,ab9d8392d9,MOSEK,linear,False,42,210,1,30,-3.5425980683934,606.4137628006079,52.525994539260864,0.0,10,False
1784703195.446433,control6,ab9d8392d9,MOSEK,linear,False,42,211,0,60,-0.020979195364111015,605.7048522469172,67.50244212150574,0.0010993480682373047,28,False
1784703195.4517272,control6,ab9d8392d9,MOSEK,linear,False,42,211,1,30,-5.108473000505355,605.7048522469172,67.50244212150574,0.0010051727294921875,11,False
1784703259.4661555,control6,ab9d8392d9,MOSEK,linear,False,42,212,0,60,-0.01752362189498864,605.0026770012977,63.59963011741638,0.0008924007415771484,29,False
1784703259.472925,control6,ab9d8392d9,MOSEK,linear,False,42,212,1,30,-4.419891182951974,605.0026770012977,63.59963011741638,0.0005109310150146484,10,False
1784703328.691075,control6,ab9d8392d9,MOSEK,linear,False,42,213,0,60,-0.018428716727163084,604.1971022408451,68.84241819381714,0.0010058879852294922,29,False
1784703328.6980398,control6,ab9d8392d9,MOSEK,linear,False,42,213,1,30,-3.9345573326565946,604.1971022408451,68.84241819381714,0.001009225845336914,11,False
1784703386.8208685,control6,ab9d8392d9,MOSEK,linear,False,42,214,0,60,-0.018449414564738538,603.5067848734964,57.67263078689575,0.0010027885437011719,29,False
1784703386.8286061,control6,ab9d8392d9,MOSEK,linear,False,42,214,1,30,-5.075150231761658,603.5067848734964,57.67263078689575,0.0012154579162597656,11,False
1784703446.4500947,control6,ab9d8392d9,MOSEK,linear,False,42,215,0,60,-0.018136529956701928,602.8003296421729,59.21056938171387,0.0,27,False
1784703446.4563856,control6,ab9d8392d9,MOSEK,linear,False,42,215,1,30,-3.564697539329779,602.8003296421729,59.21056938171387,0.0,11,False
1784703508.963671,control6,ab9d8392d9,MOSEK,linear,False,42,216,0,60,-0.017917107351995438,601.9928550582016,62.10644745826721,0.0010399818420410156,28,False
1784703508.969675,control6,ab9d8392d9,MOSEK,linear,False,42,216,1,30,-3.5319411703643544,601.9928550582016,62.10644745826721,0.0010297298431396484,11,False
1784703570.2099028,control6,ab9d8392d9,MOSEK,linear,False,42,217,0,60,-0.01759534240361594,601.0848488784179,60.825847148895264,0.0,28,False
1784703570.2193427,control6,ab9d8392d9,MOSEK,linear,False,42,217,1,30,-3.837204749078121,601.0848488784179,60.825847148895264,0.0010139942169189453,11,False
1784703646.6997473,control6,ab9d8392d9,MOSEK,linear,False,42,218,0,60,-0.018907611578048975,600.2963597343821,76.1168475151062,0.0010004043579101562,27,False
1784703646.70609,control6,ab9d8392d9,MOSEK,linear,False,42,218,1,30,-5.119503670860062,600.2963597343821,76.1168475151062,0.0009708404541015625,10,False
1784703710.6331837,control6,ab9d8392d9,MOSEK,linear,False,42,219,0,60,-0.01865738305558677,599.6357168336394,63.51680874824524,0.0010216236114501953,28,False
1784703710.6381483,control6,ab9d8392d9,MOSEK,linear,False,42,219,1,30,-4.47227755131321,599.6357168336394,63.51680874824524,0.0010154247283935547,10,False
1784703763.033037,control6,ab9d8392d9,MOSEK,linear,False,42,220,0,60,-0.02115820150664259,598.826579169113,52.008586406707764,0.0015883445739746094,28,False
1784703763.0378187,control6,ab9d8392d9,MOSEK,linear,False,42,220,1,30,-5.481494160395269,598.826579169113,52.008586406707764,0.0,11,False
1784703834.5010679,control6,ab9d8392d9,MOSEK,linear,False,42,221,0,60,-0.019012722004385994,598.195955086981,71.07787203788757,0.0,28,False
1784703834.5083592,control6,ab9d8392d9,MOSEK,linear,False,42,221,1,30,-3.5786019529262107,598.195955086981,71.07787203788757,0.0,11,False
1784703902.101205,control6,ab9d8392d9,MOSEK,linear,False,42,222,0,60,-0.018174378838744742,597.5129781943845,67.2163634300232,0.0011444091796875,28,False
1784703902.1089902,control6,ab9d8392d9,MOSEK,linear,False,42,222,1,30,-4.083979774418479,597.5129781943845,67.2163634300232,0.0010554790496826172,10,False
1784703959.4675553,control6,ab9d8392d9,MOSEK,linear,False,42,223,0,60,-0.017065064818669623,596.9104061049487,56.9716112613678,0.001100778579711914,27,False
1784703959.4735494,control6,ab9d8392d9,MOSEK,linear,False,42,223,1,30,-4.620237486401839,596.9104061049487,56.9716112613678,0.0,10,False
1784704025.7777417,control6,ab9d8392d9,MOSEK,linear,False,42,224,0,60,-0.01725414152660794,596.2976187862768,65.92063045501709,0.00099945068359375,28,False
1784704025.7837389,control6,ab9d8392d9,MOSEK,linear,False,42,224,1,30,-4.543231948524727,596.2976187862768,65.92063045501709,0.0,10,False
